"Jan"",""02,"",2015,recap,Fri,2014,Mavericks,Celtics,away,119-101,2&1,-6.0,215.0,18,12.0,5.0,8.5,-3.5,W,W,O,""0"
"Jan"",""04,"",2015,recap,Sun,2014,Mavericks,Cavaliers,away,109-90,1&1,-8.0,207.0,19,11.0,-8.0,1.5,-9.5,W,W,U,""0"
"Jan"",""05,"",2015,recap,Mon,2014,Mavericks,Nets,away,96-88,0&0,-6.0,205.0,8,2.0,-21.0,-9.5,-11.5,W,W,U,""1"
"Jan"",""07,"",2015,recap,Wed,2014,Mavericks,Pistons,home,95-108,1&0,-9.0,211.0,-13,-22.0,-8.0,-15.0,7.0,L,L,U,""0"
"Jan"",""10,"",2015,recap,Sat,2014,Mavericks,Clippers,away,100-120,2&2,3.5,214.0,-20,-16.5,6.0,-5.2,11.2,L,L,O,""0"
"Jan"",""13,"",2015,recap,Tue,2014,Mavericks,Kings,away,108-104,2&1,-5.0,213.0,4,-1.0,-1.0,-1.0,0.0,W,L,U,""1"
"Jan"",""14,"",2015,recap,Wed,2014,Mavericks,Nuggets,away,107-114,0&4,4.0,212.0,-7,-3.0,9.0,3.0,6.0,L,L,O,""0"
"Jan"",""16,"",2015,recap,Fri,2014,Mavericks,Nuggets,home,97-89,1&1,-8.0,215.5,8,0.0,-29.5,-14.8,-14.8,W,P,U,""0"
"Jan"",""19,"",2015,recap,Mon,2014,Mavericks,Grizzlies,away,103-95,2&1,3.0,203.0,8,11.0,-5.0,3.0,-8.0,W,W,U,""0"
"Jan"",""21,"",2015,recap,Wed,2014,Mavericks,Timberwolves,away,98-75,1&1,-9.0,213.0,23,14.0,-40.0,-13.0,-27.0,W,W,U,""0"
"Jan"",""23,"",2015,recap,Fri,2014,Mavericks,Bulls,home,98-102,1&0,-6.0,204.0,-4,-10.0,-4.0,-7.0,3.0,L,L,U,""0"
"Jan"",""25,"",2015,recap,Sun,2014,Mavericks,Pelicans,away,106-109,1&1,-3.0,200.0,-3,-6.0,15.0,4.5,10.5,L,L,O,""0"
"Jan"",""27,"",2015,recap,Tue,2014,Mavericks,Grizzlies,home,90-109,1&0,-5.0,199.5,-19,-24.0,-0.5,-12.2,11.8,L,L,U,""0"
"Jan"",""28,"",2015,recap,Wed,2014,Mavericks,Rockets,away,94-99,0&2,4.0,208.5,-5,-1.0,-15.5,-8.2,-7.2,L,L,U,""0"
"Jan"",""30,"",2015,recap,Fri,2014,Mavericks,Heat,away,93-72,1&2,-8.0,191.0,21,13.0,-26.0,-6.5,-19.5,W,W,U,""0"
"Jan"",""31,"",2015,recap,Sat,2014,Mavericks,Magic,away,108-93,0&1,-8.0,209.0,15,7.0,-8.0,-0.5,-7.5,W,W,U,""0"
"Feb"",""02,"",2015,recap,Mon,2014,Mavericks,Timberwolves,home,100-94,1&1,-10.5,207.5,6,-4.5,-13.5,-9.0,-4.5,W,L,U,""0"
"Feb"",""04,"",2015,recap,Wed,2014,Mavericks,Warriors,away,114-128,1&0,9.0,217.5,-14,-5.0,24.5,9.8,14.8,L,L,O,0"
"Feb"",""05,"",2015,recap,Thu,2014,Mavericks,Kings,away,101-78,0&1,-3.5,209.0,23,19.5,-30.0,-5.2,-24.8,W,W,U,""0"
"Feb"",""07,"",2015,recap,Sat,2014,Mavericks,Trailblazers,home,111-101,1&1,-3.5,206.5,10,6.5,5.5,6.0,-0.5,W,W,O,""1"
"Feb"",""09,"",2015,recap,Mon,2014,Mavericks,Clippers,home,98-115,1&0,-8.5,210.0,-17,-25.5,3.0,-11.2,14.2,L,L,O,""0"
"Feb"",""11,"",2015,recap,Wed,2014,Mavericks,Jazz,home,87-82,1&1,-4.5,197.0,5,0.5,-28.0,-13.8,-14.2,W,W,U,""0"
"Feb"",""19,"",2015,recap,Thu,2014,Mavericks,Thunder,away,89-104,7&7,5.0,212.5,-15,-10.0,-19.5,-14.8,-4.8,L,L,U,0"
"Feb"",""20,"",2015,recap,Fri,2014,Mavericks,Rockets,home,111-100,0&8,-2.5,211.0,11,8.5,0.0,4.2,-4.2,W,W,P,""0"
"Feb"",""22,"",2015,recap,Sun,2014,Mavericks,Hornets,home,92-81,1&0,-10.0,197.0,11,1.0,-24.0,-11.5,-12.5,W,W,U,""0"
"Feb"",""24,"",2015,recap,Tue,2014,Mavericks,Raptors,home,99-92,1&0,-4.5,204.0,7,2.5,-13.0,-5.2,-7.8,W,W,U,""0"
"Feb"",""25,"",2015,recap,Wed,2014,Mavericks,Hawks,away,87-104,0&2,8.0,202.5,-17,-9.0,-11.5,-10.2,-1.2,L,L,U,""0"
"Feb"",""28,"",2015,recap,Sat,2014,Mavericks,Nets,home,94-104,2&0,-8.5,200.0,-10,-18.5,-2.0,-10.2,8.2,L,L,U,""0"
"Mar"",""02,"",2015,recap,Mon,2014,Mavericks,Pelicans,home,102-93,1&0,-8.0,197.5,9,1.0,-2.5,-0.8,-1.8,W,W,U,""0"
"Mar"",""05,"",2015,recap,Thu,2014,Mavericks,Trailblazers,away,75-94,2&0,3.0,198.5,-19,-16.0,-29.5,-22.8,-6.8,L,L,U,0"
"Mar"",""06,"",2015,recap,Fri,2014,Mavericks,Warriors,away,89-104,0&1,11.0,209.0,-15,-4.0,-16.0,-10.0,-6.0,L,L,U,""0"
"Mar"",""08,"",2015,recap,Sun,2014,Mavericks,Lakers,away,100-93,1&1,-7.0,201.5,7,0.0,-8.5,-4.2,-4.2,W,P,U,""0"
"Mar"",""10,"",2015,recap,Tue,2014,Mavericks,Cavaliers,home,94-127,1&2,4.5,201.0,-33,-28.5,20.0,-4.2,24.2,L,L,O,""0"
"Mar"",""13,"",2015,recap,Fri,2014,Mavericks,Clippers,home,129-99,2&1,-2.5,204.0,30,27.5,24.0,25.8,-1.8,W,W,O,""0"
"Mar"",""16,"",2015,recap,Mon,2014,Mavericks,Thunder,home,119-115,2&0,-5.0,214.5,4,-1.0,19.5,9.2,10.2,W,L,O,""0"
"Mar"",""18,"",2015,recap,Wed,2014,Mavericks,Magic,home,107-102,1&0,-12.0,204.5,5,-7.0,4.5,-1.2,5.8,W,L,O,""0"
"Mar"",""20,"",2015,recap,Fri,2014,Mavericks,Grizzlies,home,101-112,1&2,-2.5,197.0,-11,-13.5,16.0,1.2,14.8,L,L,O,""0"
"Mar"",""22,"",2015,recap,Sun,2014,Mavericks,Suns,away,92-98,1&0,-4.0,205.5,-6,-10.0,-15.5,-12.8,-2.8,L,L,U,""0"
"Mar"",""24,"",2015,recap,Tue,2014,Mavericks,Spurs,home,101-94,1&1,2.5,206.0,7,9.5,-11.0,-0.8,-10.2,W,W,U,""0"
"Mar"",""27,"",2015,recap,Fri,2014,Mavericks,Spurs,away,76-94,2&1,9.5,206.0,-18,-8.5,-36.0,-22.2,-13.8,L,L,U,""0"
"Mar"",""29,"",2015,recap,Sun,2014,Mavericks,Pacers,away,99-104,1&2,2.0,199.0,-5,-3.0,4.0,0.5,3.5,L,L,O,""0"
"Apr"",""01,"",2015,recap,Wed,2014,Mavericks,Thunder,away,135-131,2&2,2.0,216.0,4,6.0,50.0,28.0,22.0,W,W,O,""0"
"Apr"",""02,"",2015,recap,Thu,2014,Mavericks,Rockets,home,101-108,0&0,-1.5,210.0,-7,-8.5,-1.0,-4.8,3.8,L,L,U,""0"
"Apr"",""04,"",2015,recap,Sat,2014,Mavericks,Warriors,home,110-123,1&1,6.0,212.0,-13,-7.0,21.0,7.0,14.0,L,L,O,""0"
"Apr"",""08,"",2015,recap,Wed,2014,Mavericks,Suns,home,107-104,3&0,-8.5,206.5,3,-5.5,4.5,-0.5,5.0,W,L,O,""0"
"Apr"",""10,"",2015,recap,Fri,2014,Mavericks,Nuggets,away,144-143,1&1,2.0,212.0,1,3.0,75.0,39.0,36.0,W,W,O,""2"
"Apr"",""12,"",2015,recap,Sun,2014,Mavericks,Lakers,away,120-106,1&1,-5.5,206.0,14,8.5,20.0,14.2,5.8,W,W,O,""0"
"Apr"",""13,"",2015,recap,Mon,2014,Mavericks,Jazz,away,92-109,0&1,9.0,189.0,-17,-8.0,12.0,2.0,10.0,L,L,O,""0"
"Apr"",""15,"",2015,recap,Wed,2014,Mavericks,Trailblazers,home,114-98,1&1,-6.5,207.5,16,9.5,4.5,7.0,-2.5,W,W,O,""0"
"Oct"",""28,"",2015,recap,Wed,2015,Mavericks,Suns,away,111-95,&,5.0,204.5,16,21.0,1.5,11.2,-9.8,W,W,O,""0"
"Oct"",""29,"",2015,recap,Thu,2015,Mavericks,Clippers,away,88-104,0&0,11.0,211.5,-16,-5.0,-19.5,-12.2,-7.2,L,L,U,""0"
"Nov"",""01,"",2015,recap,Sun,2015,Mavericks,Lakers,away,103-93,2&1,-4.0,213.0,10,6.0,-17.0,-5.5,-11.5,W,W,U,""0"
"Nov"",""03,"",2015,recap,Tue,2015,Mavericks,Raptors,home,91-102,1&1,1.5,204.0,-11,-9.5,-11.0,-10.2,-0.8,L,L,U,""0"
"Nov"",""05,"",2015,recap,Thu,2015,Mavericks,Hornets,home,94-108,1&1,-4.0,200.5,-14,-18.0,1.5,-8.2,9.8,L,L,O,""0"
"Nov"",""07,"",2015,recap,Sat,2015,Mavericks,Pelicans,home,107-98,1&0,-5.0,209.5,9,4.0,-4.5,-0.2,-4.2,W,W,U,""0"
"Nov"",""10,"",2015,recap,Tue,2015,Mavericks,Pelicans,away,105-120,2&2,3.0,211.5,-15,-12.0,13.5,0.8,12.8,L,L,O,""0"
"Nov"",""11,"",2015,recap,Wed,2015,Mavericks,Clippers,home,118-108,0&1,6.5,212.5,10,16.5,13.5,15.0,-1.5,W,W,O,""0"
"Nov"",""13,"",2015,recap,Fri,2015,Mavericks,Lakers,home,90-82,1&1,-8.0,209.0,8,0.0,-37.0,-18.5,-18.5,W,P,U,""0"
"Nov"",""14,"",2015,recap,Sat,2015,Mavericks,Rockets,away,110-98,0&0,6.0,208.5,12,18.0,-0.5,8.8,-9.2,W,W,U,""0"
"Nov"",""16,"",2015,recap,Mon,2015,Mavericks,Seventysixers,away,92-86,1&1,-8.0,201.0,6,-2.0,-23.0,-12.5,-10.5,W,L,U,""0"
"Nov"",""18,"",2015,recap,Wed,2015,Mavericks,Celtics,away,106-102,1&1,4.5,207.0,4,8.5,1.0,4.8,-3.8,W,W,O,""0"
"Nov"",""20,"",2015,recap,Fri,2015,Mavericks,Jazz,home,102-93,1&1,-1.5,196.0,9,7.5,-1.0,3.2,-4.2,W,W,U,""0"
"Nov"",""22,"",2015,recap,Sun,2015,Mavericks,Thunder,away,114-117,1&1,3.5,209.5,-3,0.5,21.5,11.0,10.5,L,W,O,0"
"Nov"",""24,"",2015,recap,Tue,2015,Mavericks,Grizzlies,away,96-110,1&2,3.0,196.5,-14,-11.0,9.5,-0.8,10.2,L,L,O,""0"
"Nov"",""25,"",2015,recap,Wed,2015,Mavericks,Spurs,away,83-88,0&1,9.5,197.5,-5,4.5,-26.5,-11.0,-15.5,L,W,U,""0"
"Nov"",""28,"",2015,recap,Sat,2015,Mavericks,Nuggets,home,92-81,2&0,-9.0,205.0,11,2.0,-32.0,-15.0,-17.0,W,W,U,""0"
"Nov"",""30,"",2015,recap,Mon,2015,Mavericks,Kings,away,98-112,1&1,0.0,213.0,-14,-14.0,-3.0,-8.5,5.5,L,L,U,""0"
"Dec"",""01,"",2015,recap,Tue,2015,Mavericks,Trailblazers,away,115-112,0&0,-0.0,201.0,3,3.0,26.0,14.5,11.5,W,W,O,1"
"Dec"",""04,"",2015,recap,Fri,2015,Mavericks,Rockets,home,96-100,2&1,-5.0,210.5,-4,-9.0,-14.5,-11.8,-2.8,L,L,U,""0"
"Dec"",""06,"",2015,recap,Sun,2015,Mavericks,Wizards,away,116-104,1&1,-2.5,208.0,12,9.5,12.0,10.8,1.2,W,W,O,0"
"Dec"",""07,"",2015,recap,Mon,2015,Mavericks,Knicks,away,104-97,0&1,-1.0,198.5,7,6.0,2.5,4.2,-1.8,W,W,O,""0"
"Dec"",""09,"",2015,recap,Wed,2015,Mavericks,Hawks,home,95-98,1&4,1.5,203.0,-3,-1.5,-10.0,-5.8,-4.2,L,L,U,""0"
"Dec"",""12,"",2015,recap,Sat,2015,Mavericks,Wizards,home,111-114,2&0,-6.5,207.0,-3,-9.5,18.0,4.2,13.8,L,L,O,""0"
"Dec"",""14,"",2015,recap,Mon,2015,Mavericks,Suns,home,104-94,1&0,-4.0,208.5,10,6.0,-10.5,-2.2,-8.2,W,W,U,""0"
"Dec"",""16,"",2015,recap,Wed,2015,Mavericks,Pacers,away,81-107,1&1,4.5,207.0,-26,-21.5,-19.0,-20.2,1.2,L,L,U,""0"
"Dec"",""18,"",2015,recap,Fri,2015,Mavericks,Grizzlies,home,97-88,1&1,-2.5,197.0,9,6.5,-12.0,-2.8,-9.2,W,W,U,""0"
"Dec"",""22,"",2015,recap,Tue,2015,Mavericks,Raptors,away,99-103,3&1,4.0,196.0,-4,0.0,6.0,3.0,3.0,L,P,O,""0"
"Dec"",""23,"",2015,recap,Wed,2015,Mavericks,Nets,away,119-118,0&1,-3.0,199.0,1,-2.0,38.0,18.0,20.0,W,L,O,""1"
"Dec"",""26,"",2015,recap,Sat,2015,Mavericks,Bulls,home,118-111,2&0,-2.5,200.5,7,4.5,28.5,16.5,12.0,W,W,O,""0"
"Dec"",""28,"",2015,recap,Mon,2015,Mavericks,Bucks,home,103-93,1&1,-6.5,200.5,10,3.5,-4.5,-0.5,-4.0,W,W,U,""0"
"Dec"",""30,"",2015,recap,Wed,2015,Mavericks,Warriors,home,114-91,1&1,3.5,209.5,23,26.5,-4.5,11.0,-15.5,W,W,U,""0"
"Jan"",""01,"",2016,recap,Fri,2015,Mavericks,Heat,away,82-106,1&2,3.5,196.5,-24,-20.5,-8.5,-14.5,6.0,L,L,U,""0"
"Jan"",""02,"",2016,recap,Sat,2015,Mavericks,Pelicans,home,98-105,0&1,-3.0,206.0,-7,-10.0,-3.0,-6.5,3.5,L,L,U,""0"
"Jan"",""05,"",2016,recap,Tue,2015,Mavericks,Kings,home,117-116,2&0,-6.5,213.0,1,-5.5,20.0,7.2,12.8,W,L,O,""2"
"Jan"",""06,"",2016,recap,Wed,2015,Mavericks,Pelicans,away,100-91,0&3,6.0,202.5,9,15.0,-11.5,1.8,-13.2,W,W,U,""0"
"Jan"",""08,"",2016,recap,Fri,2015,Mavericks,Bucks,away,95-96,1&2,-0.0,203.5,-1,-1.0,-12.5,-6.8,-5.8,L,L,U,""0"
"Jan"",""10,"",2016,recap,Sun,2015,Mavericks,Timberwolves,away,93-87,1&1,-4.0,198.5,6,2.0,-18.5,-8.2,-10.2,W,W,U,""0"
"Jan"",""12,"",2016,recap,Tue,2015,Mavericks,Cavaliers,home,107-110,1&1,5.5,198.5,-3,2.5,18.5,10.5,8.0,L,W,O,""1"
"Jan"",""13,"",2016,recap,Wed,2015,Mavericks,Thunder,away,89-108,0&0,12.0,207.0,-19,-7.0,-10.0,-8.5,-1.5,L,L,U,""0"
"Jan"",""15,"",2016,recap,Fri,2015,Mavericks,Bulls,away,83-77,1&0,-0.0,202.0,6,6.0,-42.0,-18.0,-24.0,W,W,U,""0"
"Jan"",""17,"",2016,recap,Sun,2015,Mavericks,Spurs,away,83-112,1&2,12.5,195.5,-29,-16.5,-0.5,-8.5,8.0,L,L,U,""0"
"Jan"",""18,"",2016,recap,Mon,2015,Mavericks,Celtics,home,118-113,0&1,1.5,204.0,5,6.5,27.0,16.8,10.2,W,W,O,""1"
"Jan"",""20,"",2016,recap,Wed,2015,Mavericks,Timberwolves,home,106-94,1&0,-7.0,199.0,12,5.0,1.0,3.0,-2.0,W,W,O,""1"
"Jan"",""22,"",2016,recap,Fri,2015,Mavericks,Thunder,home,106-109,1&1,6.0,207.0,-3,3.0,8.0,5.5,2.5,L,W,O,""0"
"Jan"",""24,"",2016,recap,Sun,2015,Mavericks,Rockets,away,104-115,1&1,3.5,206.5,-11,-7.5,12.5,2.5,10.0,L,L,O,""0"
"Jan"",""26,"",2016,recap,Tue,2015,Mavericks,Lakers,away,92-90,1&2,-6.5,201.0,2,-4.5,-19.0,-11.8,-7.2,W,L,U,""0"
"Jan"",""27,"",2016,recap,Wed,2015,Mavericks,Warriors,away,107-127,0&1,17.5,216.0,-20,-2.5,18.0,7.8,10.2,L,L,O,0"
"Jan"",""29,"",2016,recap,Fri,2015,Mavericks,Nets,home,91-79,1&2,-9.0,199.5,12,3.0,-29.5,-13.2,-16.2,W,W,U,""0"
"Jan"",""31,"",2016,recap,Sun,2015,Mavericks,Suns,home,91-78,1&1,-10.0,199.5,13,3.0,-30.5,-13.8,-16.8,W,W,U,""0"
"Feb"",""01,"",2016,recap,Mon,2015,Mavericks,Hawks,away,97-112,0&0,6.0,199.0,-15,-9.0,10.0,0.5,9.5,L,L,O,""0"
"Feb"",""03,"",2016,recap,Wed,2015,Mavericks,Heat,home,90-93,1&0,-3.0,194.0,-3,-6.0,-11.0,-8.5,-2.5,L,L,U,""0"
"Feb"",""05,"",2016,recap,Fri,2015,Mavericks,Spurs,home,90-116,1&1,7.0,198.0,-26,-19.0,8.0,-5.5,13.5,L,L,O,""0"
"Feb"",""06,"",2016,recap,Sat,2015,Mavericks,Grizzlies,away,114-110,0&0,5.0,192.5,4,9.0,31.5,20.2,11.2,W,W,O,""1"
"Feb"",""09,"",2016,recap,Tue,2015,Mavericks,Jazz,home,119-121,2&2,-1.5,186.0,-2,-3.5,54.0,25.2,28.8,L,L,O,""1"
"Feb"",""19,"",2016,recap,Fri,2015,Mavericks,Magic,away,104-110,9&8,1.5,202.5,-6,-4.5,11.5,3.5,8.0,L,L,O,""1"
"Feb"",""21,"",2016,recap,Sun,2015,Mavericks,Seventysixers,home,129-103,1&1,-9.5,204.0,26,16.5,28.0,22.2,5.8,W,W,O,""0"
"Feb"",""24,"",2016,recap,Wed,2015,Mavericks,Thunder,home,103-116,2&2,5.5,214.5,-13,-7.5,4.5,-1.5,6.0,L,L,O,""0"
"Feb"",""26,"",2016,recap,Fri,2015,Mavericks,Nuggets,home,122-116,1&1,-5.5,209.5,6,0.5,28.5,14.5,14.0,W,W,O,""1"
"Feb"",""28,"",2016,recap,Sun,2015,Mavericks,Timberwolves,home,128-101,1&0,-7.5,213.0,27,19.5,16.0,17.8,-1.8,W,W,O,""0"
"Mar"",""01,"",2016,recap,Tue,2015,Mavericks,Magic,home,121-108,1&1,-5.5,214.0,13,7.5,15.0,11.2,3.8,W,W,O,""0"
"Mar"",""03,"",2016,recap,Thu,2015,Mavericks,Kings,home,101-104,1&0,-7.0,221.0,-3,-10.0,-16.0,-13.0,-3.0,L,L,U,""0"
"Mar"",""06,"",2016,recap,Sun,2015,Mavericks,Nuggets,away,114-116,2&1,-3.5,210.5,-2,-5.5,19.5,7.0,12.5,L,L,O,""1"
"Mar"",""07,"",2016,recap,Mon,2015,Mavericks,Clippers,home,90-109,0&1,5.5,210.0,-19,-13.5,-11.0,-12.2,1.2,L,L,U,""0"
"Mar"",""09,"",2016,recap,Wed,2015,Mavericks,Pistons,home,96-102,1&2,-2.0,205.5,-6,-8.0,-7.5,-7.8,0.2,L,L,U,""0"
"Mar"",""12,"",2016,recap,Sat,2015,Mavericks,Pacers,home,105-112,2&4,0.0,204.5,-7,-7.0,12.5,2.8,9.8,L,L,O,""0"
"Mar"",""14,"",2016,recap,Mon,2015,Mavericks,Hornets,away,107-96,1&1,5.5,209.0,11,16.5,-6.0,5.2,-11.2,W,W,U,""0"
"Mar"",""16,"",2016,recap,Wed,2015,Mavericks,Cavaliers,away,98-99,1&1,6.0,206.5,-1,5.0,-9.5,-2.2,-7.2,L,W,U,""0"
"Mar"",""18,"",2016,recap,Fri,2015,Mavericks,Warriors,home,112-130,1&1,9.0,226.5,-18,-9.0,15.5,3.2,12.2,L,L,O,""0"
"Mar"",""20,"",2016,recap,Sun,2015,Mavericks,Trailblazers,home,132-120,1&1,0.0,215.0,12,12.0,37.0,24.5,12.5,W,W,O,""1"
"Mar"",""23,"",2016,recap,Wed,2015,Mavericks,Trailblazers,away,103-109,2&2,6.0,212.5,-6,0.0,-0.5,-0.2,-0.2,L,P,U,""0"
"Mar"",""25,"",2016,recap,Fri,2015,Mavericks,Warriors,away,120-128,1&1,15.0,223.5,-8,7.0,24.5,15.8,8.8,L,W,O,""0"
"Mar"",""27,"",2016,recap,Sun,2015,Mavericks,Kings,away,111-133,1&1,2.0,217.5,-22,-20.0,26.5,3.2,23.2,L,L,O,""0"
"Mar"",""28,"",2016,recap,Mon,2015,Mavericks,Nuggets,away,97-88,0&0,1.5,211.5,9,10.5,-26.5,-8.0,-18.5,W,W,U,""0"
"Mar"",""30,"",2016,recap,Wed,2015,Mavericks,Knicks,home,91-89,1&1,-6.0,199.5,2,-4.0,-19.5,-11.8,-7.8,W,L,U,""0"
"Apr"",""01,"",2016,recap,Fri,2015,Mavericks,Pistons,away,98-89,1&2,5.5,205.0,9,14.5,-18.0,-1.8,-16.2,W,W,U,""0"
"Apr"",""03,"",2016,recap,Sun,2015,Mavericks,Timberwolves,away,88-78,1&1,-2.5,206.0,10,7.5,-40.0,-16.2,-23.8,W,W,U,""0"
"Apr"",""06,"",2016,recap,Wed,2015,Mavericks,Rockets,home,88-86,2&2,1.5,206.0,2,3.5,-32.0,-14.2,-17.8,W,W,U,""0"
"Apr"",""08,"",2016,recap,Fri,2015,Mavericks,Grizzlies,home,103-93,1&2,-6.5,192.5,10,3.5,3.5,3.5,0.0,W,W,O,""0"
"Apr"",""10,"",2016,recap,Sun,2015,Mavericks,Clippers,away,91-98,1&1,6.0,195.0,-7,-1.0,-6.0,-3.5,-2.5,L,L,U,""0"
"Apr"",""11,"",2016,recap,Mon,2015,Mavericks,Jazz,away,101-92,0&0,6.5,180.5,9,15.5,12.5,14.0,-1.5,W,W,O,""0"
"Apr"",""13,"",2016,recap,Wed,2015,Mavericks,Spurs,home,91-96,1&0,-4.5,187.0,-5,-9.5,0.0,-4.8,4.8,L,L,P,""0"
"Oct"",""26,"",2016,recap,Wed,2016,Mavericks,Pacers,away,121-130,&,5.5,205.0,-9,-3.5,46.0,21.2,24.8,L,L,O,""1"
"Oct"",""28,"",2016,recap,Fri,2016,Mavericks,Rockets,home,98-106,1&1,1.0,219.0,-8,-7.0,-15.0,-11.0,-4.0,L,L,U,""0"
"Oct"",""30,"",2016,recap,Sun,2016,Mavericks,Rockets,away,92-93,1&1,4.5,214.0,-1,3.5,-29.0,-12.8,-16.2,L,W,U,""0"
"Nov"",""02,"",2016,recap,Wed,2016,Mavericks,Jazz,away,81-97,2&0,4.0,185.5,-16,-12.0,-7.5,-9.8,2.2,L,L,U,""0"
"Nov"",""04,"",2016,recap,Fri,2016,Mavericks,Trailblazers,home,95-105,1&1,2.5,207.0,-10,-7.5,-7.0,-7.2,0.2,L,L,U,""0"
"Nov"",""06,"",2016,recap,Sun,2016,Mavericks,Bucks,home,86-75,1&0,-2.5,198.0,11,8.5,-37.0,-14.2,-22.8,W,W,U,""1"
"Nov"",""08,"",2016,recap,Tue,2016,Mavericks,Lakers,away,109-97,1&1,4.0,203.0,12,16.0,3.0,9.5,-6.5,W,W,O,""0"
"Nov"",""09,"",2016,recap,Wed,2016,Mavericks,Warriors,away,95-116,0&1,16.0,209.0,-21,-5.0,2.0,-1.5,3.5,L,L,O,""0"
"Nov"",""14,"",2016,recap,Mon,2016,Mavericks,Knicks,away,77-93,4&1,4.0,202.0,-16,-12.0,-32.0,-22.0,-10.0,L,L,U,""0"
"Nov"",""16,"",2016,recap,Wed,2016,Mavericks,Celtics,away,83-90,1&1,7.0,199.5,-7,0.0,-26.5,-13.2,-13.2,L,P,U,""0"
"Nov"",""18,"",2016,recap,Fri,2016,Mavericks,Grizzlies,home,64-80,1&1,3.5,185.5,-16,-12.5,-41.5,-27.0,-14.5,L,L,U,""0"
"Nov"",""19,"",2016,recap,Sat,2016,Mavericks,Magic,away,87-95,0&2,8.0,180.0,-8,0.0,2.0,1.0,1.0,L,P,O,""0"
"Nov"",""21,"",2016,recap,Mon,2016,Mavericks,Spurs,away,91-96,1&2,15.0,186.5,-5,10.0,0.5,5.2,-4.8,L,W,O,""0"
"Nov"",""23,"",2016,recap,Wed,2016,Mavericks,Clippers,home,104-124,1&1,10.5,193.0,-20,-9.5,35.0,12.8,22.2,L,L,O,""0"
"Nov"",""25,"",2016,recap,Fri,2016,Mavericks,Cavaliers,away,90-128,1&1,14.5,202.5,-38,-23.5,15.5,-4.0,19.5,L,L,O,""0"
"Nov"",""27,"",2016,recap,Sun,2016,Mavericks,Pelicans,home,91-81,1&1,4.5,197.0,10,14.5,-25.0,-5.2,-19.8,W,W,U,""0"
"Nov"",""30,"",2016,recap,Wed,2016,Mavericks,Spurs,home,87-94,2&0,8.5,188.0,-7,1.5,-7.0,-2.8,-4.2,L,W,U,""0"
"Dec"",""01,"",2016,recap,Thu,2016,Mavericks,Hornets,away,87-97,0&1,11.0,193.0,-10,1.0,-9.0,-4.0,-5.0,L,W,U,""0"
"Dec"",""03,"",2016,recap,Sat,2016,Mavericks,Bulls,home,107-82,1&0,3.0,189.5,25,28.0,-0.5,13.8,-14.2,W,W,U,""0"
"Dec"",""05,"",2016,recap,Mon,2016,Mavericks,Hornets,home,101-109,1&1,4.5,194.0,-8,-3.5,16.0,6.2,9.8,L,L,O,""0"
"Dec"",""07,"",2016,recap,Wed,2016,Mavericks,Kings,home,89-120,1&2,3.5,196.0,-31,-27.5,13.0,-7.2,20.2,L,L,O,""0"
"Dec"",""09,"",2016,recap,Fri,2016,Mavericks,Pacers,home,111-103,1&1,3.5,200.0,8,11.5,14.0,12.8,1.2,W,W,O,""0"
"Dec"",""10,"",2016,recap,Sat,2016,Mavericks,Rockets,away,87-109,0&0,13.0,208.0,-22,-9.0,-12.0,-10.5,-1.5,L,L,U,""0"
"Dec"",""12,"",2016,recap,Mon,2016,Mavericks,Nuggets,home,112-92,1&1,1.0,202.5,20,21.0,1.5,11.2,-9.8,W,W,O,""0"
"Dec"",""14,"",2016,recap,Wed,2016,Mavericks,Pistons,home,85-95,1&2,5.0,188.5,-10,-5.0,-8.5,-6.8,-1.8,L,L,U,""0"
"Dec"",""16,"",2016,recap,Fri,2016,Mavericks,Jazz,away,100-103,1&1,11.0,188.0,-3,8.0,15.0,11.5,3.5,L,W,O,""0"
"Dec"",""18,"",2016,recap,Sun,2016,Mavericks,Kings,home,99-79,1&1,-1.0,193.5,20,19.0,-15.5,1.8,-17.2,W,W,U,""0"
"Dec"",""19,"",2016,recap,Mon,2016,Mavericks,Nuggets,away,107-117,0&1,8.5,207.0,-10,-1.5,17.0,7.8,9.2,L,L,O,""0"
"Dec"",""21,"",2016,recap,Wed,2016,Mavericks,Trailblazers,away,96-95,1&0,6.0,209.0,1,7.0,-18.0,-5.5,-12.5,W,W,U,0"
"Dec"",""23,"",2016,recap,Fri,2016,Mavericks,Clippers,away,90-88,1&0,4.5,194.5,2,6.5,-16.5,-5.0,-11.5,W,W,U,""0"
"Dec"",""26,"",2016,recap,Mon,2016,Mavericks,Pelicans,away,104-111,2&2,4.5,199.0,-7,-2.5,16.0,6.8,9.2,L,L,O,""0"
"Dec"",""27,"",2016,recap,Tue,2016,Mavericks,Rockets,home,107-123,0&0,6.5,211.0,-16,-9.5,19.0,4.8,14.2,L,L,O,""0"
"Dec"",""29,"",2016,recap,Thu,2016,Mavericks,Lakers,away,101-89,1&1,3.0,203.0,12,15.0,-13.0,1.0,-14.0,W,W,U,""0"
"Dec"",""30,"",2016,recap,Fri,2016,Mavericks,Warriors,away,99-108,0&1,18.0,212.0,-9,9.0,-5.0,2.0,-7.0,L,W,U,""0"
"Jan"",""03,"",2017,recap,Tue,2016,Mavericks,Wizards,home,113-105,3&0,0.0,201.5,8,8.0,16.5,12.2,4.2,W,W,O,""0"
"Jan"",""05,"",2017,recap,Thu,2016,Mavericks,Suns,home,95-102,1&1,-5.0,205.0,-7,-12.0,-8.0,-10.0,2.0,L,L,U,""0"
"Jan"",""07,"",2017,recap,Sat,2016,Mavericks,Hawks,home,82-97,1&1,2.5,197.0,-15,-12.5,-18.0,-15.2,-2.8,L,L,U,""0"
"Jan"",""09,"",2017,recap,Mon,2016,Mavericks,Timberwolves,away,92-101,1&1,5.0,195.0,-9,-4.0,-2.0,-3.0,1.0,L,L,U,0"
"Jan"",""12,"",2017,recap,Thu,2016,Mavericks,Suns,away,113-108,2&3,-2.0,207.5,5,3.0,13.5,8.2,5.2,W,W,O,""0"
"Jan"",""15,"",2017,recap,Sun,2016,Mavericks,Timberwolves,home,98-87,2&1,-1.0,196.5,11,10.0,-11.5,-0.8,-10.8,W,W,U,""0"
"Jan"",""17,"",2017,recap,Tue,2016,Mavericks,Bulls,away,99-98,1&1,4.5,197.0,1,5.5,0.0,2.8,-2.8,W,W,P,""0"
"Jan"",""19,"",2017,recap,Thu,2016,Mavericks,Heat,away,95-99,1&1,2.5,198.0,-4,-1.5,-4.0,-2.8,-1.2,L,L,U,""0"
"Jan"",""20,"",2017,recap,Fri,2016,Mavericks,Jazz,home,107-112,0&3,5.5,188.0,-5,0.5,31.0,15.8,15.2,L,W,O,""1"
"Jan"",""22,"",2017,recap,Sun,2016,Mavericks,Lakers,home,122-73,1&1,-6.0,206.0,49,43.0,-11.0,16.0,-27.0,W,W,U,""0"
"Jan"",""25,"",2017,recap,Wed,2016,Mavericks,Knicks,home,103-95,2&1,-3.5,201.0,8,4.5,-3.0,0.8,-3.8,W,W,U,""0"
"Jan"",""26,"",2017,recap,Thu,2016,Mavericks,Thunder,away,98-109,0&0,9.0,198.0,-11,-2.0,9.0,3.5,5.5,L,L,O,""0"
"Jan"",""29,"",2017,recap,Sun,2016,Mavericks,Spurs,away,105-101,2&1,12.5,196.0,4,16.5,10.0,13.2,-3.2,W,W,O,""0"
"Jan"",""30,"",2017,recap,Mon,2016,Mavericks,Cavaliers,home,104-97,0&0,4.0,207.0,7,11.0,-6.0,2.5,-8.5,W,W,U,""0"
"Feb"",""01,"",2017,recap,Wed,2016,Mavericks,Seventysixers,home,113-95,1&1,-6.5,206.0,18,11.5,2.0,6.8,-4.8,W,W,O,""0"
"Feb"",""03,"",2017,recap,Fri,2016,Mavericks,Trailblazers,away,108-104,1&2,5.0,206.5,4,9.0,5.5,7.2,-1.8,W,W,O,0"
"Feb"",""06,"",2017,recap,Mon,2016,Mavericks,Nuggets,away,87-110,2&1,3.5,214.0,-23,-19.5,-17.0,-18.2,1.2,L,L,U,""0"
"Feb"",""07,"",2017,recap,Tue,2016,Mavericks,Trailblazers,home,113-114,0&1,1.5,206.5,-1,0.5,20.5,10.5,10.0,L,W,O,""0"
"Feb"",""09,"",2017,recap,Thu,2016,Mavericks,Jazz,home,112-105,1&0,2.0,194.0,7,9.0,23.0,16.0,7.0,W,W,O,""1"
"Feb"",""11,"",2017,recap,Sat,2016,Mavericks,Magic,home,112-80,1&1,-6.5,203.5,32,25.5,-11.5,7.0,-18.5,W,W,U,""0"
"Feb"",""13,"",2017,recap,Mon,2016,Mavericks,Celtics,home,98-111,1&1,2.0,208.5,-13,-11.0,0.5,-5.2,5.8,L,L,O,""0"
"Feb"",""15,"",2017,recap,Wed,2016,Mavericks,Pistons,away,91-98,1&1,5.0,200.5,-7,-2.0,-11.5,-6.8,-4.8,L,L,U,""0"
"Feb"",""24,"",2017,recap,Fri,2016,Mavericks,Timberwolves,away,84-97,8&8,4.0,203.5,-13,-9.0,-22.5,-15.8,-6.8,L,L,U,0"
"Feb"",""25,"",2017,recap,Sat,2016,Mavericks,Pelicans,home,96-83,0&1,1.0,204.5,13,14.0,-25.5,-5.8,-19.8,W,W,U,""0"
"Feb"",""27,"",2017,recap,Mon,2016,Mavericks,Heat,home,96-89,1&1,1.0,200.5,7,8.0,-15.5,-3.8,-11.8,W,W,U,""0"
"Mar"",""01,"",2017,recap,Wed,2016,Mavericks,Hawks,away,95-100,1&1,5.5,195.5,-5,0.5,-0.5,0.0,-0.5,L,W,U,""0"
"Mar"",""03,"",2017,recap,Fri,2016,Mavericks,Grizzlies,home,104-100,1&2,2.5,190.0,4,6.5,14.0,10.2,3.8,W,W,O,""0"
"Mar"",""05,"",2017,recap,Sun,2016,Mavericks,Thunder,home,104-89,1&1,-1.0,205.5,15,14.0,-12.5,0.8,-13.2,W,W,U,""0"
"Mar"",""07,"",2017,recap,Tue,2016,Mavericks,Lakers,home,122-111,1&1,-8.5,207.0,11,2.5,26.0,14.2,11.8,W,W,O,""0"
"Mar"",""10,"",2017,recap,Fri,2016,Mavericks,Nets,home,105-96,2&1,-10.0,212.0,9,-1.0,-11.0,-6.0,-5.0,W,L,U,""0"
"Mar"",""11,"",2017,recap,Sat,2016,Mavericks,Suns,home,98-100,0&1,-5.5,216.0,-2,-7.5,-18.0,-12.8,-5.2,L,L,U,""0"
"Mar"",""13,"",2017,recap,Mon,2016,Mavericks,Raptors,away,78-100,1&1,5.0,195.5,-22,-17.0,-17.5,-17.2,-0.2,L,L,U,""0"
"Mar"",""15,"",2017,recap,Wed,2016,Mavericks,Wizards,away,112-107,1&1,7.0,207.5,5,12.0,11.5,11.8,-0.2,W,W,O,0"
"Mar"",""17,"",2017,recap,Fri,2016,Mavericks,Seventysixers,away,74-116,1&2,-4.0,204.5,-42,-46.0,-14.5,-30.2,15.8,L,L,U,""0"
"Mar"",""19,"",2017,recap,Sun,2016,Mavericks,Nets,away,111-104,1&1,-5.0,208.0,7,2.0,7.0,4.5,2.5,W,W,O,""0"
"Mar"",""21,"",2017,recap,Tue,2016,Mavericks,Warriors,home,87-112,1&0,5.0,209.0,-25,-20.0,-10.0,-15.0,5.0,L,L,U,""0"
"Mar"",""23,"",2017,recap,Thu,2016,Mavericks,Clippers,home,97-95,1&1,4.0,204.0,2,6.0,-12.0,-3.0,-9.0,W,W,U,""0"
"Mar"",""25,"",2017,recap,Sat,2016,Mavericks,Raptors,home,86-94,1&1,0.0,195.0,-8,-8.0,-15.0,-11.5,-3.5,L,L,U,""0"
"Mar"",""27,"",2017,recap,Mon,2016,Mavericks,Thunder,home,91-92,1&0,1.5,203.0,-1,0.5,-20.0,-9.8,-10.2,L,W,U,""0"
"Mar"",""29,"",2017,recap,Wed,2016,Mavericks,Pelicans,away,118-121,1&1,5.0,201.5,-3,2.0,37.5,19.8,17.8,L,W,O,""0"
"Mar"",""31,"",2017,recap,Fri,2016,Mavericks,Grizzlies,away,90-99,1&1,4.0,191.0,-9,-5.0,-2.0,-3.5,1.5,L,L,U,""0"
"Apr"",""02,"",2017,recap,Sun,2016,Mavericks,Bucks,away,109-105,1&1,6.0,195.5,4,10.0,18.5,14.2,4.2,W,W,O,""0"
"Apr"",""04,"",2017,recap,Tue,2016,Mavericks,Kings,away,87-98,1&2,0.0,195.0,-11,-11.0,-10.0,-10.5,0.5,L,L,U,""0"
"Apr"",""05,"",2017,recap,Wed,2016,Mavericks,Clippers,away,101-112,0&3,11.5,203.0,-11,0.5,10.0,5.2,4.8,L,W,O,""0"
"Apr"",""07,"",2017,recap,Fri,2016,Mavericks,Spurs,home,89-102,1&1,-5.0,189.5,-13,-18.0,1.5,-8.2,9.8,L,L,O,""0"
"Apr"",""09,"",2017,recap,Sun,2016,Mavericks,Suns,away,111-124,1&1,1.5,212.0,-13,-11.5,23.0,5.8,17.2,L,L,O,0"
"Apr"",""11,"",2017,recap,Tue,2016,Mavericks,Nuggets,home,91-109,1&1,-1.0,213.0,-18,-19.0,-13.0,-16.0,3.0,L,L,U,""0"
"Apr"",""12,"",2017,recap,Wed,2016,Mavericks,Grizzlies,away,100-93,0&2,7.5,192.5,7,14.5,0.5,7.5,-7.0,W,W,O,""0"
"Oct"",""18,"",2017,recap,Wed,2017,Mavericks,Hawks,home,111-117,&,-5.5,198.5,-6,-11.5,29.5,9.0,20.5,L,L,O,""0"
"Oct"",""20,"",2017,recap,Fri,2017,Mavericks,Kings,home,88-93,1&1,-5.5,202.5,-5,-10.5,-21.5,-16.0,-5.5,L,L,U,""0"
"Oct"",""21,"",2017,recap,Sat,2017,Mavericks,Rockets,away,91-107,0&2,12.5,214.5,-16,-3.5,-16.5,-10.0,-6.5,L,L,U,0"
"Oct"",""23,"",2017,recap,Mon,2017,Mavericks,Warriors,home,103-133,1&1,13.5,217.5,-30,-16.5,18.5,1.0,17.5,L,L,O,""0"
"Oct"",""25,"",2017,recap,Wed,2017,Mavericks,Grizzlies,home,103-94,1&1,3.0,197.0,9,12.0,0.0,6.0,-6.0,W,W,P,""0"
"Oct"",""26,"",2017,recap,Thu,2017,Mavericks,Grizzlies,away,91-96,0&0,7.5,195.0,-5,2.5,-8.0,-2.8,-5.2,L,W,U,""0"
"Oct"",""28,"",2017,recap,Sat,2017,Mavericks,Seventysixers,home,110-112,1&2,1.0,207.0,-2,-1.0,15.0,7.0,8.0,L,L,O,""0"
"Oct"",""30,"",2017,recap,Mon,2017,Mavericks,Jazz,away,89-104,1&1,8.5,190.5,-15,-6.5,2.5,-2.0,4.5,L,L,O,""0"
"Nov"",""01,"",2017,recap,Wed,2017,Mavericks,Clippers,away,98-119,1&1,10.5,207.0,-21,-10.5,10.0,-0.2,10.2,L,L,O,""0"
"Nov"",""03,"",2017,recap,Fri,2017,Mavericks,Pelicans,home,94-99,1&1,4.5,211.0,-5,-0.5,-18.0,-9.2,-8.8,L,L,U,""0"
"Nov"",""04,"",2017,recap,Sat,2017,Mavericks,Timberwolves,away,99-112,0&2,12.5,213.5,-13,-0.5,-2.5,-1.5,-1.0,L,L,U,0"
"Nov"",""07,"",2017,recap,Tue,2017,Mavericks,Wizards,away,113-99,2&1,10.0,213.0,14,24.0,-1.0,11.5,-12.5,W,W,U,0"
"Nov"",""11,"",2017,recap,Sat,2017,Mavericks,Cavaliers,home,104-111,3&1,6.0,216.0,-7,-1.0,-1.0,-1.0,0.0,L,L,U,""0"
"Nov"",""12,"",2017,recap,Sun,2017,Mavericks,Thunder,away,99-112,0&1,11.5,208.0,-13,-1.5,3.0,0.8,2.2,L,L,O,0"
"Nov"",""14,"",2017,recap,Tue,2017,Mavericks,Spurs,home,91-97,1&2,6.5,200.5,-6,0.5,-12.5,-6.0,-6.5,L,W,U,""0"
"Nov"",""17,"",2017,recap,Fri,2017,Mavericks,Timberwolves,home,87-111,2&1,6.5,212.5,-24,-17.5,-14.5,-16.0,1.5,L,L,U,""0"
"Nov"",""18,"",2017,recap,Sat,2017,Mavericks,Bucks,home,111-79,0&2,6.0,202.5,32,38.0,-12.5,12.8,-25.2,W,W,U,""0"
"Nov"",""20,"",2017,recap,Mon,2017,Mavericks,Celtics,home,102-110,1&1,7.5,200.0,-8,-0.5,12.0,5.8,6.2,L,L,O,""1"
"Nov"",""22,"",2017,recap,Wed,2017,Mavericks,Grizzlies,away,95-94,1&1,5.5,197.5,1,6.5,-8.5,-1.0,-7.5,W,W,U,""0"
"Nov"",""25,"",2017,recap,Sat,2017,Mavericks,Thunder,home,97-81,2&0,5.5,202.0,16,21.5,-24.0,-1.2,-22.8,W,W,U,""0"
"Nov"",""27,"",2017,recap,Mon,2017,Mavericks,Spurs,away,108-115,1&1,10.0,194.0,-7,3.0,29.0,16.0,13.0,L,W,O,""0"
"Nov"",""29,"",2017,recap,Wed,2017,Mavericks,Nets,home,104-109,1&1,-5.5,210.5,-5,-10.5,2.5,-4.0,6.5,L,L,O,""0"
"Dec"",""02,"",2017,recap,Sat,2017,Mavericks,Clippers,home,108-82,2&1,-5.0,207.0,26,21.0,-17.0,2.0,-19.0,W,W,U,""0"
"Dec"",""04,"",2017,recap,Mon,2017,Mavericks,Nuggets,home,122-105,1&1,-3.0,209.0,17,14.0,18.0,16.0,2.0,W,W,O,""0"
"Dec"",""06,"",2017,recap,Wed,2017,Mavericks,Celtics,away,90-97,1&1,8.0,201.0,-7,1.0,-14.0,-6.5,-7.5,L,W,U,""0"
"Dec"",""08,"",2017,recap,Fri,2017,Mavericks,Bucks,away,102-109,1&1,6.5,202.0,-7,-0.5,9.0,4.2,4.8,L,L,O,""0"
"Dec"",""10,"",2017,recap,Sun,2017,Mavericks,Timberwolves,away,92-97,1&3,8.0,207.5,-5,3.0,-18.5,-7.8,-10.8,L,W,U,0"
"Dec"",""12,"",2017,recap,Tue,2017,Mavericks,Spurs,home,95-89,1&2,6.0,198.0,6,12.0,-14.0,-1.0,-13.0,W,W,U,""0"
"Dec"",""14,"",2017,recap,Thu,2017,Mavericks,Warriors,away,97-112,1&2,10.5,212.5,-15,-4.5,-3.5,-4.0,0.5,L,L,U,0"
"Dec"",""16,"",2017,recap,Sat,2017,Mavericks,Spurs,away,96-98,1&0,6.5,197.0,-2,4.5,-3.0,0.8,-3.8,L,W,U,""0"
"Dec"",""18,"",2017,recap,Mon,2017,Mavericks,Suns,home,91-97,1&1,-6.5,208.0,-6,-12.5,-20.0,-16.2,-3.8,L,L,U,""0"
"Dec"",""20,"",2017,recap,Wed,2017,Mavericks,Pistons,home,110-93,1&2,-2.0,198.0,17,15.0,5.0,10.0,-5.0,W,W,O,""0"
"Dec"",""22,"",2017,recap,Fri,2017,Mavericks,Heat,away,101-113,1&1,1.0,196.5,-12,-11.0,17.5,3.2,14.2,L,L,O,""0"
"Dec"",""23,"",2017,recap,Sat,2017,Mavericks,Hawks,away,107-112,0&0,-2.0,203.0,-5,-7.0,16.0,4.5,11.5,L,L,O,""0"
"Dec"",""26,"",2017,recap,Tue,2017,Mavericks,Raptors,home,98-93,2&2,5.5,208.5,5,10.5,-17.5,-3.5,-14.0,W,W,U,""0"
"Dec"",""27,"",2017,recap,Wed,2017,Mavericks,Pacers,away,98-94,0&0,4.0,203.0,4,8.0,-11.0,-1.5,-9.5,W,W,U,""0"
"Dec"",""29,"",2017,recap,Fri,2017,Mavericks,Pelicans,away,128-120,1&1,6.5,212.5,8,14.5,35.5,25.0,10.5,W,W,O,""0"
"Dec"",""31,"",2017,recap,Sun,2017,Mavericks,Thunder,away,116-113,1&1,6.5,203.5,3,9.5,25.5,17.5,8.0,W,W,O,""0"
"Jan"",""03,"",2018,recap,Wed,2017,Mavericks,Warriors,home,122-125,2&3,7.0,220.0,-3,4.0,27.0,15.5,11.5,L,W,O,""0"
"Jan"",""05,"",2018,recap,Fri,2017,Mavericks,Bulls,home,124-127,1&1,-4.0,213.0,-3,-7.0,38.0,15.5,22.5,L,L,O,""0"
"Jan"",""07,"",2018,recap,Sun,2017,Mavericks,Knicks,home,96-100,1&1,-5.0,204.0,-4,-9.0,-8.0,-8.5,0.5,L,L,U,""0"
"Jan"",""09,"",2018,recap,Tue,2017,Mavericks,Magic,home,114-99,1&2,-7.5,213.5,15,7.5,-0.5,3.5,-4.0,W,W,U,""0"
"Jan"",""10,"",2018,recap,Wed,2017,Mavericks,Hornets,away,115-111,0&4,6.5,210.0,4,10.5,16.0,13.2,2.8,W,W,O,""0"
"Jan"",""13,"",2018,recap,Sat,2017,Mavericks,Lakers,home,101-107,2&1,-4.5,214.5,-6,-10.5,-6.5,-8.5,2.0,L,L,U,""1"
"Jan"",""16,"",2018,recap,Tue,2017,Mavericks,Nuggets,away,102-105,2&2,5.5,210.0,-3,2.5,-3.0,-0.2,-2.8,L,W,U,""0"
"Jan"",""20,"",2018,recap,Sat,2017,Mavericks,Trailblazers,away,108-117,3&1,5.5,210.0,-9,-3.5,15.0,5.8,9.2,L,L,O,0"
"Jan"",""22,"",2018,recap,Mon,2017,Mavericks,Wizards,home,98-75,1&2,2.0,211.5,23,25.0,-38.5,-6.8,-31.8,W,W,U,""0"
"Jan"",""24,"",2018,recap,Wed,2017,Mavericks,Rockets,home,97-104,1&1,6.5,217.0,-7,-0.5,-16.0,-8.2,-7.8,L,L,U,""0"
"Jan"",""26,"",2018,recap,Fri,2017,Mavericks,Trailblazers,home,93-107,1&1,2.0,208.5,-14,-12.0,-8.5,-10.2,1.8,L,L,U,""0"
"Jan"",""27,"",2018,recap,Sat,2017,Mavericks,Nuggets,away,89-91,0&1,7.5,208.5,-2,5.5,-28.5,-11.5,-17.0,L,W,U,""0"
"Jan"",""29,"",2018,recap,Mon,2017,Mavericks,Heat,home,88-95,1&1,2.5,195.5,-7,-4.5,-12.5,-8.5,-4.0,L,L,U,""0"
"Jan"",""31,"",2018,recap,Wed,2017,Mavericks,Suns,away,88-102,1&1,-2.5,209.0,-14,-16.5,-19.0,-17.8,-1.2,L,L,U,""0"
"Feb"",""03,"",2018,recap,Sat,2017,Mavericks,Kings,away,106-99,2&0,-5.5,203.0,7,1.5,2.0,1.8,0.2,W,W,O,""0"
"Feb"",""05,"",2018,recap,Mon,2017,Mavericks,Clippers,away,101-104,1&1,6.0,212.0,-3,3.0,-7.0,-2.0,-5.0,L,W,U,""0"
"Feb"",""08,"",2018,recap,Thu,2017,Mavericks,Warriors,away,103-121,2&1,14.0,221.0,-18,-4.0,3.0,-0.5,3.5,L,L,O,""0"
"Feb"",""10,"",2018,recap,Sat,2017,Mavericks,Lakers,home,130-123,1&1,-3.0,215.0,7,4.0,38.0,21.0,17.0,W,W,O,""0"
"Feb"",""11,"",2018,recap,Sun,2017,Mavericks,Rockets,away,97-104,0&1,14.0,215.0,-7,7.0,-14.0,-3.5,-10.5,L,W,U,""0"
"Feb"",""13,"",2018,recap,Tue,2017,Mavericks,Kings,home,109-114,1&1,-6.5,206.0,-5,-11.5,17.0,2.8,14.2,L,L,O,""0"
"Feb"",""23,"",2018,recap,Fri,2017,Mavericks,Lakers,away,102-124,9&7,4.0,224.0,-22,-18.0,2.0,-8.0,10.0,L,L,O,""0"
"Feb"",""24,"",2018,recap,Sat,2017,Mavericks,Jazz,away,90-97,0&0,8.5,203.0,-7,1.5,-16.0,-7.2,-8.8,L,W,U,""0"
"Feb"",""26,"",2018,recap,Mon,2017,Mavericks,Pacers,home,109-103,1&2,2.0,210.5,6,8.0,1.5,4.8,-3.2,W,W,O,""0"
"Feb"",""28,"",2018,recap,Wed,2017,Mavericks,Thunder,home,110-111,1&1,5.0,213.5,-1,4.0,7.5,5.8,1.8,L,W,O,""1"
"Mar"",""02,"",2018,recap,Fri,2017,Mavericks,Bulls,away,100-108,1&2,-1.0,212.5,-8,-9.0,-4.5,-6.8,2.2,L,L,U,""0"
"Mar"",""04,"",2018,recap,Sun,2017,Mavericks,Pelicans,home,109-126,1&3,4.0,224.5,-17,-13.0,10.5,-1.2,11.8,L,L,O,""0"
"Mar"",""06,"",2018,recap,Tue,2017,Mavericks,Nuggets,home,118-107,1&2,5.0,219.0,11,16.0,6.0,11.0,-5.0,W,W,O,""0"
"Mar"",""10,"",2018,recap,Sat,2017,Mavericks,Grizzlies,home,114-80,3&0,-9.5,208.5,34,24.5,-14.5,5.0,-19.5,W,W,U,""0"
"Mar"",""11,"",2018,recap,Sun,2017,Mavericks,Rockets,home,82-105,0&1,12.0,211.5,-23,-11.0,-24.5,-17.8,-6.8,L,L,U,""0"
"Mar"",""13,"",2018,recap,Tue,2017,Mavericks,Knicks,away,110-97,1&1,-2.0,213.0,13,11.0,-6.0,2.5,-8.5,W,W,U,""0"
"Mar"",""16,"",2018,recap,Fri,2017,Mavericks,Raptors,away,115-122,2&0,10.5,213.0,-7,3.5,24.0,13.8,10.2,L,W,O,""1"
"Mar"",""17,"",2018,recap,Sat,2017,Mavericks,Nets,away,106-114,0&0,4.0,213.5,-8,-4.0,6.5,1.2,5.2,L,L,O,""0"
"Mar"",""20,"",2018,recap,Tue,2017,Mavericks,Pelicans,away,105-115,2&1,8.5,219.0,-10,-1.5,1.0,-0.2,1.2,L,L,O,""0"
"Mar"",""22,"",2018,recap,Thu,2017,Mavericks,Jazz,home,112-119,1&1,8.0,200.0,-7,1.0,31.0,16.0,15.0,L,W,O,""0"
"Mar"",""24,"",2018,recap,Sat,2017,Mavericks,Hornets,home,98-102,1&1,2.5,214.5,-4,-1.5,-14.5,-8.0,-6.5,L,L,U,""0"
"Mar"",""27,"",2018,recap,Tue,2017,Mavericks,Kings,away,103-97,2&1,2.5,202.0,6,8.5,-2.0,3.2,-5.2,W,W,U,""0"
"Mar"",""28,"",2018,recap,Wed,2017,Mavericks,Lakers,away,93-103,0&1,8.5,215.5,-10,-1.5,-19.5,-10.5,-9.0,L,L,U,""0"
"Mar"",""30,"",2018,recap,Fri,2017,Mavericks,Timberwolves,home,92-93,1&1,5.0,216.5,-1,4.0,-31.5,-13.8,-17.8,L,W,U,""0"
"Apr"",""01,"",2018,recap,Sun,2017,Mavericks,Cavaliers,away,87-98,1&1,10.5,213.0,-11,-0.5,-28.0,-14.2,-13.8,L,L,U,""0"
"Apr"",""03,"",2018,recap,Tue,2017,Mavericks,Trailblazers,home,115-109,1&1,7.0,208.5,6,13.0,15.5,14.2,1.2,W,W,O,""0"
"Apr"",""04,"",2018,recap,Wed,2017,Mavericks,Magic,away,100-105,0&0,3.5,198.0,-5,-1.5,7.0,2.8,4.2,L,L,O,""0"
"Apr"",""06,"",2018,recap,Fri,2017,Mavericks,Pistons,away,106-113,1&1,7.5,203.0,-7,0.5,16.0,8.2,7.8,L,W,O,""1"
"Apr"",""08,"",2018,recap,Sun,2017,Mavericks,Seventysixers,away,97-109,1&1,13.0,215.0,-12,1.0,-9.0,-4.0,-5.0,L,W,U,""0"
"Apr"",""10,"",2018,recap,Tue,2017,Mavericks,Suns,home,97-124,1&1,-3.0,208.5,-27,-30.0,12.5,-8.8,21.2,L,L,O,""0"
"Oct"",""17,"",2018,recap,Wed,2018,Mavericks,Suns,away,100-121,&,0.0,215.0,-21,-21.0,6.0,-7.5,13.5,L,L,O,0"
"Oct"",""20,"",2018,recap,Sat,2018,Mavericks,Timberwolves,home,140-136,2&0,3.0,219.0,4,7.0,57.0,32.0,25.0,W,W,O,""0"
"Oct"",""22,"",2018,recap,Mon,2018,Mavericks,Bulls,home,115-109,1&1,-6.0,228.0,6,0.0,-4.0,-2.0,-2.0,W,P,U,""0"
"Oct"",""24,"",2018,recap,Wed,2018,Mavericks,Hawks,away,104-111,1&2,-1.5,233.5,-7,-8.5,-18.5,-13.5,-5.0,L,L,U,""0"
"Oct"",""26,"",2018,recap,Fri,2018,Mavericks,Raptors,away,107-116,1&1,11.0,223.5,-9,2.0,-0.5,0.8,-1.2,L,W,U,""0"
"Oct"",""28,"",2018,recap,Sun,2018,Mavericks,Jazz,home,104-113,1&0,4.5,213.0,-9,-4.5,4.0,-0.2,4.2,L,L,O,""0"
"Oct"",""29,"",2018,recap,Mon,2018,Mavericks,Spurs,away,108-113,0&1,6.5,218.0,-5,1.5,3.0,2.2,0.8,L,W,O,""1"
"Oct"",""31,"",2018,recap,Wed,2018,Mavericks,Lakers,away,113-114,1&1,6.5,234.5,-1,5.5,-7.5,-1.0,-6.5,L,W,U,""0"
"Nov"",""02,"",2018,recap,Fri,2018,Mavericks,Knicks,home,106-118,1&1,-5.5,218.0,-12,-17.5,6.0,-5.8,11.8,L,L,O,""0"
"Nov"",""06,"",2018,recap,Tue,2018,Mavericks,Wizards,home,119-100,3&1,1.0,225.0,19,20.0,-6.0,7.0,-13.0,W,W,U,""0"
"Nov"",""07,"",2018,recap,Wed,2018,Mavericks,Jazz,away,102-117,0&1,9.5,213.5,-15,-5.5,5.5,0.0,5.5,L,L,O,""0"
"Nov"",""10,"",2018,recap,Sat,2018,Mavericks,Thunder,home,111-96,2&1,0.0,214.0,15,15.0,-7.0,4.0,-11.0,W,W,U,""0"
"Nov"",""12,"",2018,recap,Mon,2018,Mavericks,Bulls,away,103-98,1&1,-1.5,212.5,5,3.5,-11.5,-4.0,-7.5,W,W,U,""0"
"Nov"",""14,"",2018,recap,Wed,2018,Mavericks,Jazz,home,118-68,1&1,4.5,211.5,50,54.5,-25.5,14.5,-40.0,W,W,U,""0"
"Nov"",""17,"",2018,recap,Sat,2018,Mavericks,Warriors,home,112-109,2&1,3.0,217.0,3,6.0,4.0,5.0,-1.0,W,W,O,""0"
"Nov"",""19,"",2018,recap,Mon,2018,Mavericks,Grizzlies,away,88-98,1&0,3.5,200.5,-10,-6.5,-14.5,-10.5,-4.0,L,L,U,""0"
"Nov"",""21,"",2018,recap,Wed,2018,Mavericks,Nets,home,119-113,1&0,-6.0,216.5,6,0.0,15.5,7.8,7.8,W,P,O,""0"
"Nov"",""24,"",2018,recap,Sat,2018,Mavericks,Celtics,home,113-104,2&0,2.5,213.5,9,11.5,3.5,7.5,-4.0,W,W,O,""0"
"Nov"",""28,"",2018,recap,Wed,2018,Mavericks,Rockets,away,128-108,3&1,5.0,217.5,20,25.0,18.5,21.8,-3.2,W,W,O,""0"
"Nov"",""30,"",2018,recap,Fri,2018,Mavericks,Lakers,away,103-114,1&0,4.0,222.0,-11,-7.0,-5.0,-6.0,1.0,L,L,U,""0"
"Dec"",""02,"",2018,recap,Sun,2018,Mavericks,Clippers,home,114-110,1&2,2.0,224.5,4,6.0,-0.5,2.8,-3.2,W,W,U,""0"
"Dec"",""04,"",2018,recap,Tue,2018,Mavericks,Trailblazers,home,111-102,1&1,-2.0,216.5,9,7.0,-3.5,1.8,-5.2,W,W,U,""0"
"Dec"",""05,"",2018,recap,Wed,2018,Mavericks,Pelicans,away,106-132,0&1,6.5,227.5,-26,-19.5,10.5,-4.5,15.0,L,L,O,""0"
"Dec"",""08,"",2018,recap,Sat,2018,Mavericks,Rockets,home,107-104,2&1,3.0,218.5,3,6.0,-7.5,-0.8,-6.8,W,W,U,""0"
"Dec"",""10,"",2018,recap,Mon,2018,Mavericks,Magic,home,101-76,1&2,-5.5,210.5,25,19.5,-33.5,-7.0,-26.5,W,W,U,""0"
"Dec"",""12,"",2018,recap,Wed,2018,Mavericks,Hawks,home,114-107,1&3,-9.0,223.5,7,-2.0,-2.5,-2.2,-0.2,W,L,U,""0"
"Dec"",""13,"",2018,recap,Thu,2018,Mavericks,Suns,away,89-99,0&1,-6.0,209.0,-10,-16.0,-21.0,-18.5,-2.5,L,L,U,0"
"Dec"",""16,"",2018,recap,Sun,2018,Mavericks,Kings,home,113-120,2&1,-4.5,228.0,-7,-11.5,5.0,-3.2,8.2,L,L,O,""0"
"Dec"",""18,"",2018,recap,Tue,2018,Mavericks,Nuggets,away,118-126,1&1,5.0,208.0,-8,-3.0,36.0,16.5,19.5,L,L,O,""0"
"Dec"",""20,"",2018,recap,Thu,2018,Mavericks,Clippers,away,121-125,1&2,3.5,221.5,-4,-0.5,24.5,12.0,12.5,L,L,O,""0"
"Dec"",""22,"",2018,recap,Sat,2018,Mavericks,Warriors,away,116-120,1&2,11.0,227.0,-4,7.0,9.0,8.0,1.0,L,W,O,""0"
"Dec"",""23,"",2018,recap,Sun,2018,Mavericks,Trailblazers,away,118-121,0&1,7.0,216.0,-3,4.0,23.0,13.5,9.5,L,W,O,""1"
"Dec"",""26,"",2018,recap,Wed,2018,Mavericks,Pelicans,home,122-119,2&2,-2.5,229.0,3,0.5,12.0,6.2,5.8,W,W,O,""0"
"Dec"",""28,"",2018,recap,Fri,2018,Mavericks,Pelicans,away,112-114,1&1,4.5,229.5,-2,2.5,-3.5,-0.5,-3.0,L,W,U,""0"
"Dec"",""30,"",2018,recap,Sun,2018,Mavericks,Thunder,home,105-103,1&1,2.0,222.0,2,4.0,-14.0,-5.0,-9.0,W,W,U,""0"
"Dec"",""31,"",2018,recap,Mon,2018,Mavericks,Thunder,away,102-122,0&0,8.0,223.5,-20,-12.0,0.5,-5.8,6.2,L,L,O,0"
"Jan"",""02,"",2019,recap,Wed,2018,Mavericks,Hornets,away,122-84,1&1,1.5,221.5,38,39.5,-15.5,12.0,-27.5,W,W,U,""0"
"Jan"",""04,"",2019,recap,Fri,2018,Mavericks,Celtics,away,93-114,1&1,5.5,212.5,-21,-15.5,-5.5,-10.5,5.0,L,L,U,""0"
"Jan"",""05,"",2019,recap,Sat,2018,Mavericks,Seventysixers,away,100-106,0&2,6.5,226.0,-6,0.5,-20.0,-9.8,-10.2,L,W,U,""0"
"Jan"",""07,"",2019,recap,Mon,2018,Mavericks,Lakers,home,97-107,1&0,-7.5,222.5,-10,-17.5,-18.5,-18.0,-0.5,L,L,U,""0"
"Jan"",""09,"",2019,recap,Wed,2018,Mavericks,Suns,home,104-94,1&0,-10.0,217.0,10,0.0,-19.0,-9.5,-9.5,W,P,U,""0"
"Jan"",""11,"",2019,recap,Fri,2018,Mavericks,Timberwolves,away,119-115,1&2,4.5,224.5,4,8.5,9.5,9.0,0.5,W,W,O,""0"
"Jan"",""13,"",2019,recap,Sun,2018,Mavericks,Warriors,home,114-119,1&1,5.5,229.0,-5,0.5,4.0,2.2,1.8,L,W,O,""0"
"Jan"",""16,"",2019,recap,Wed,2018,Mavericks,Spurs,home,101-105,2&1,0.0,217.0,-4,-4.0,-11.0,-7.5,-3.5,L,L,U,""0"
"Jan"",""19,"",2019,recap,Sat,2018,Mavericks,Pacers,away,99-111,2&1,8.0,214.5,-12,-4.0,-4.5,-4.2,-0.2,L,L,U,""0"
"Jan"",""21,"",2019,recap,Mon,2018,Mavericks,Bucks,away,106-116,1&1,11.0,224.5,-10,1.0,-2.5,-0.8,-1.8,L,W,U,""0"
"Jan"",""22,"",2019,recap,Tue,2018,Mavericks,Clippers,home,106-98,0&1,-4.0,222.0,8,4.0,-18.0,-7.0,-11.0,W,W,U,""0"
"Jan"",""25,"",2019,recap,Fri,2018,Mavericks,Pistons,home,106-101,2&1,-4.5,207.5,5,0.5,-0.5,0.0,-0.5,W,W,U,""0"
"Jan"",""27,"",2019,recap,Sun,2018,Mavericks,Raptors,home,120-123,1&1,3.5,220.0,-3,0.5,23.0,11.8,11.2,L,W,O,""0"
"Jan"",""30,"",2019,recap,Wed,2018,Mavericks,Knicks,away,114-90,2&1,-7.0,215.0,24,17.0,-11.0,3.0,-14.0,W,W,U,""0"
"Jan"",""31,"",2019,recap,Thu,2018,Mavericks,Pistons,away,89-93,0&1,4.5,205.5,-4,0.5,-23.5,-11.5,-12.0,L,W,U,""0"
"Feb"",""02,"",2019,recap,Sat,2018,Mavericks,Cavaliers,away,111-98,1&3,-8.5,210.0,13,4.5,-1.0,1.8,-2.8,W,W,U,""0"
"Feb"",""06,"",2019,recap,Wed,2018,Mavericks,Hornets,home,99-93,3&0,-5.5,215.0,6,0.5,-23.0,-11.2,-11.8,W,W,U,""0"
"Feb"",""08,"",2019,recap,Fri,2018,Mavericks,Bucks,home,107-122,1&1,8.0,226.0,-15,-7.0,3.0,-2.0,5.0,L,L,O,""0"
"Feb"",""10,"",2019,recap,Sun,2018,Mavericks,Trailblazers,home,102-101,1&2,3.0,219.5,1,4.0,-16.5,-6.2,-10.2,W,W,U,""0"
"Feb"",""11,"",2019,recap,Mon,2018,Mavericks,Rockets,away,104-120,0&1,10.5,223.0,-16,-5.5,1.0,-2.2,3.2,L,L,O,""0"
"Feb"",""13,"",2019,recap,Wed,2018,Mavericks,Heat,home,101-112,1&1,-2.5,208.0,-11,-13.5,5.0,-4.2,9.2,L,L,O,""0"
"Feb"",""22,"",2019,recap,Fri,2018,Mavericks,Nuggets,home,104-114,8&8,6.5,219.5,-10,-3.5,-1.5,-2.5,1.0,L,L,U,""0"
"Feb"",""23,"",2019,recap,Sat,2018,Mavericks,Jazz,away,109-125,0&0,11.5,214.5,-16,-4.5,19.5,7.5,12.0,L,L,O,""0"
"Feb"",""25,"",2019,recap,Mon,2018,Mavericks,Clippers,away,112-121,1&0,5.5,229.0,-9,-3.5,4.0,0.2,3.8,L,L,O,""0"
"Feb"",""27,"",2019,recap,Wed,2018,Mavericks,Pacers,home,110-101,1&1,1.0,214.5,9,10.0,-3.5,3.2,-6.8,W,W,U,""0"
"Mar"",""02,"",2019,recap,Sat,2018,Mavericks,Grizzlies,home,81-111,2&2,-4.5,211.5,-30,-34.5,-19.5,-27.0,7.5,L,L,U,""0"
"Mar"",""04,"",2019,recap,Mon,2018,Mavericks,Nets,away,88-127,1&1,5.0,224.5,-39,-34.0,-9.5,-21.8,12.2,L,L,U,""0"
"Mar"",""06,"",2019,recap,Wed,2018,Mavericks,Wizards,away,123-132,1&2,6.5,234.0,-9,-2.5,21.0,9.2,11.8,L,L,O,0"
"Mar"",""08,"",2019,recap,Fri,2018,Mavericks,Magic,away,106-111,1&2,6.5,214.5,-5,1.5,2.5,2.0,0.5,L,W,O,""0"
"Mar"",""10,"",2019,recap,Sun,2018,Mavericks,Rockets,home,93-94,1&1,8.0,222.0,-1,7.0,-35.0,-14.0,-21.0,L,W,U,""0"
"Mar"",""12,"",2019,recap,Tue,2018,Mavericks,Spurs,home,105-112,1&1,5.0,218.0,-7,-2.0,-1.0,-1.5,0.5,L,L,U,""0"
"Mar"",""14,"",2019,recap,Thu,2018,Mavericks,Nuggets,away,99-100,1&1,10.5,219.5,-1,9.5,-20.5,-5.5,-15.0,L,W,U,""0"
"Mar"",""16,"",2019,recap,Sat,2018,Mavericks,Cavaliers,home,121-116,1&1,-5.5,217.5,5,-0.5,19.5,9.5,10.0,W,L,O,""0"
"Mar"",""18,"",2019,recap,Mon,2018,Mavericks,Pelicans,home,125-129,1&1,-5.0,232.5,-4,-9.0,21.5,6.2,15.2,L,L,O,""1"
"Mar"",""20,"",2019,recap,Wed,2018,Mavericks,Trailblazers,away,118-126,1&1,9.0,217.5,-8,1.0,26.5,13.8,12.8,L,W,O,0"
"Mar"",""21,"",2019,recap,Thu,2018,Mavericks,Kings,away,100-116,0&1,9.0,228.5,-16,-7.0,-12.5,-9.8,-2.8,L,L,U,""0"
"Mar"",""23,"",2019,recap,Sat,2018,Mavericks,Warriors,away,126-91,1&1,13.5,218.5,35,48.5,-1.5,23.5,-25.0,W,W,U,""0"
"Mar"",""26,"",2019,recap,Tue,2018,Mavericks,Kings,home,121-125,2&1,2.0,226.0,-4,-2.0,20.0,9.0,11.0,L,L,O,""0"
"Mar"",""28,"",2019,recap,Thu,2018,Mavericks,Heat,away,99-105,1&1,6.5,208.5,-6,0.5,-4.5,-2.0,-2.5,L,W,U,""0"
"Mar"",""31,"",2019,recap,Sun,2018,Mavericks,Thunder,away,106-103,2&1,12.0,218.0,3,15.0,-9.0,3.0,-12.0,W,W,U,""0"
"Apr"",""01,"",2019,recap,Mon,2018,Mavericks,Seventysixers,home,122-102,0&1,5.0,218.0,20,25.0,6.0,15.5,-9.5,W,W,O,""0"
"Apr"",""03,"",2019,recap,Wed,2018,Mavericks,Timberwolves,home,108-110,1&1,-2.5,226.0,-2,-4.5,-8.0,-6.2,-1.8,L,L,U,""0"
"Apr"",""05,"",2019,recap,Fri,2018,Mavericks,Grizzlies,home,112-122,1&1,-4.0,215.0,-10,-14.0,19.0,2.5,16.5,L,L,O,""0"
"Apr"",""07,"",2019,recap,Sun,2018,Mavericks,Grizzlies,away,129-127,1&1,0.0,214.5,2,2.0,41.5,21.8,19.8,W,W,O,""1"
"Apr"",""09,"",2019,recap,Tue,2018,Mavericks,Suns,home,120-109,1&1,-8.5,224.5,11,2.5,4.5,3.5,1.0,W,W,O,""0"
"Apr"",""10,"",2019,recap,Wed,2018,Mavericks,Spurs,away,94-105,0&2,13.0,218.0,-11,2.0,-19.0,-8.5,-10.5,L,W,U,""0"
"Oct"",""23,"",2019,recap,Wed,2019,Mavericks,Wizards,home,108-100,&,-8.5,220.0,8,-0.5,-12.0,-6.2,-5.8,W,L,U,""0"
"Oct"",""25,"",2019,recap,Fri,2019,Mavericks,Pelicans,away,123-116,1&2,2.0,228.0,7,9.0,11.0,10.0,1.0,W,W,O,""0"
"Oct"",""27,"",2019,recap,Sun,2019,Mavericks,Trailblazers,home,119-121,1&1,-1.5,222.0,-2,-3.5,18.0,7.2,10.8,L,L,O,""0"
"Oct"",""29,"",2019,recap,Tue,2019,Mavericks,Nuggets,away,109-106,1&0,5.5,215.0,3,8.5,0.0,4.2,-4.2,W,W,P,0"
"Nov"",""01,"",2019,recap,Fri,2019,Mavericks,Lakers,home,110-119,2&2,2.0,216.5,-9,-7.0,12.5,2.8,9.8,L,L,O,""1"
"Nov"",""03,"",2019,recap,Sun,2019,Mavericks,Cavaliers,away,131-111,1&1,-5.5,218.0,20,14.5,24.0,19.2,4.8,W,W,O,""0"
"Nov"",""06,"",2019,recap,Wed,2019,Mavericks,Magic,home,107-106,2&0,-7.5,209.0,1,-6.5,4.0,-1.2,5.2,W,L,O,""0"
"Nov"",""08,"",2019,recap,Fri,2019,Mavericks,Knicks,home,102-106,1&1,-11.0,215.5,-4,-15.0,-7.5,-11.2,3.8,L,L,U,""0"
"Nov"",""09,"",2019,recap,Sat,2019,Mavericks,Grizzlies,away,138-122,0&0,-5.0,221.5,16,11.0,38.5,24.8,13.8,W,W,O,""0"
"Nov"",""11,"",2019,recap,Mon,2019,Mavericks,Celtics,away,106-116,1&1,3.5,220.0,-10,-6.5,2.0,-2.2,4.2,L,L,O,""0"
"Nov"",""14,"",2019,recap,Thu,2019,Mavericks,Knicks,away,103-106,2&1,-7.5,214.5,-3,-10.5,-5.5,-8.0,2.5,L,L,U,""0"
"Nov"",""16,"",2019,recap,Sat,2019,Mavericks,Raptors,home,110-102,1&2,-4.5,218.0,8,3.5,-6.0,-1.2,-4.8,W,W,U,""0"
"Nov"",""18,"",2019,recap,Mon,2019,Mavericks,Spurs,home,117-110,1&1,-5.0,226.0,7,2.0,1.0,1.5,-0.5,W,W,O,""0"
"Nov"",""20,"",2019,recap,Wed,2019,Mavericks,Warriors,home,142-94,1&0,-14.0,221.0,48,34.0,15.0,24.5,-9.5,W,W,O,""0"
"Nov"",""22,"",2019,recap,Fri,2019,Mavericks,Cavaliers,home,143-101,1&1,-10.0,221.5,42,32.0,22.5,27.2,-4.8,W,W,O,""0"
"Nov"",""24,"",2019,recap,Sun,2019,Mavericks,Rockets,away,137-123,1&1,5.5,232.0,14,19.5,28.0,23.8,4.2,W,W,O,""0"
"Nov"",""26,"",2019,recap,Tue,2019,Mavericks,Clippers,home,99-114,1&1,2.5,227.0,-15,-12.5,-14.0,-13.2,-0.8,L,L,U,""0"
"Nov"",""29,"",2019,recap,Fri,2019,Mavericks,Suns,away,120-113,2&1,-2.0,232.0,7,5.0,1.0,3.0,-2.0,W,W,O,""0"
"Dec"",""01,"",2019,recap,Sun,2019,Mavericks,Lakers,away,114-100,1&1,6.0,222.5,14,20.0,-8.5,5.8,-14.2,W,W,U,""0"
"Dec"",""03,"",2019,recap,Tue,2019,Mavericks,Pelicans,away,118-97,1&1,-4.5,233.0,21,16.5,-18.0,-0.8,-17.2,W,W,U,""0"
