"Jan"",""02,"",2015,recap,Fri,2014,Rockets,Pelicans,away,83-111,1&1,-2.0,203.0,-28,-30.0,-9.0,-19.5,10.5,L,L,U,""0"
"Jan"",""03,"",2015,recap,Sat,2014,Rockets,Heat,home,115-79,0&2,-7.5,197.0,36,28.5,-3.0,12.8,-15.8,W,W,U,""0"
"Jan"",""05,"",2015,recap,Mon,2014,Rockets,Bulls,away,105-114,1&1,3.0,200.0,-9,-6.0,19.0,6.5,12.5,L,L,O,""0"
"Jan"",""07,"",2015,recap,Wed,2014,Rockets,Cavaliers,away,105-93,1&1,-6.5,198.0,12,5.5,0.0,2.8,-2.8,W,W,P,""0"
"Jan"",""08,"",2015,recap,Thu,2014,Rockets,Knicks,away,120-96,0&0,-12.0,193.5,24,12.0,22.5,17.2,5.2,W,W,O,""0"
"Jan"",""10,"",2015,recap,Sat,2014,Rockets,Jazz,home,97-82,1&0,-11.5,195.5,15,3.5,-16.5,-6.5,-10.0,W,W,U,""0"
"Jan"",""12,"",2015,recap,Mon,2014,Rockets,Nets,away,113-99,1&1,-6.5,195.0,14,7.5,17.0,12.2,4.8,W,W,O,""0"
"Jan"",""14,"",2015,recap,Wed,2014,Rockets,Magic,away,113-120,1&1,-8.5,200.0,-7,-15.5,33.0,8.8,24.2,L,L,O,""0"
"Jan"",""15,"",2015,recap,Thu,2014,Rockets,Thunder,home,112-101,0&5,1.0,209.0,11,12.0,4.0,8.0,-4.0,W,W,O,""0"
"Jan"",""17,"",2015,recap,Sat,2014,Rockets,Warriors,home,106-131,1&0,-2.0,214.5,-25,-27.0,22.5,-2.2,24.8,L,L,O,""0"
"Jan"",""19,"",2015,recap,Mon,2014,Rockets,Pacers,home,110-98,1&1,-10.0,197.0,12,2.0,11.0,6.5,4.5,W,W,O,""0"
"Jan"",""21,"",2015,recap,Wed,2014,Rockets,Warriors,away,113-126,1&1,8.0,218.5,-13,-5.0,20.5,7.8,12.8,L,L,O,""0"
"Jan"",""23,"",2015,recap,Fri,2014,Rockets,Suns,away,113-111,1&1,2.0,220.0,2,4.0,4.0,4.0,0.0,W,W,O,""0"
"Jan"",""25,"",2015,recap,Sun,2014,Rockets,Lakers,away,99-87,1&1,-9.0,206.5,12,3.0,-20.5,-8.8,-11.8,W,W,U,""0"
"Jan"",""28,"",2015,recap,Wed,2014,Rockets,Mavericks,home,99-94,2&0,-4.0,208.5,5,1.0,-15.5,-7.2,-8.2,W,W,U,""0"
"Jan"",""30,"",2015,recap,Fri,2014,Rockets,Celtics,away,93-87,1&1,-6.5,206.5,6,-0.5,-26.5,-13.5,-13.0,W,L,U,""0"
"Jan"",""31,"",2015,recap,Sat,2014,Rockets,Pistons,away,101-114,0&2,-4.0,204.5,-13,-17.0,10.5,-3.2,13.8,L,L,O,""0"
"Feb"",""04,"",2015,recap,Wed,2014,Rockets,Bulls,home,101-90,3&4,-3.5,204.5,11,7.5,-13.5,-3.0,-10.5,W,W,U,""0"
"Feb"",""06,"",2015,recap,Fri,2014,Rockets,Bucks,home,117-111,1&1,-6.0,201.0,6,0.0,27.0,13.5,13.5,W,P,O,""0"
"Feb"",""08,"",2015,recap,Sun,2014,Rockets,Trailblazers,home,98-109,1&0,-4.5,205.0,-11,-15.5,2.0,-6.8,8.8,L,L,O,""0"
"Feb"",""10,"",2015,recap,Tue,2014,Rockets,Suns,away,127-118,1&1,2.0,217.0,9,11.0,28.0,19.5,8.5,W,W,O,0"
"Feb"",""11,"",2015,recap,Wed,2014,Rockets,Clippers,away,95-110,0&1,3.0,213.5,-15,-12.0,-8.5,-10.2,1.8,L,L,U,""0"
"Feb"",""20,"",2015,recap,Fri,2014,Rockets,Mavericks,away,100-111,8&0,2.5,211.0,-11,-8.5,0.0,-4.2,4.2,L,L,P,""0"
"Feb"",""21,"",2015,recap,Sat,2014,Rockets,Raptors,home,98-76,0&0,-2.5,210.5,22,19.5,-36.5,-8.5,-28.0,W,W,U,""0"
"Feb"",""23,"",2015,recap,Mon,2014,Rockets,Timberwolves,home,113-102,1&2,-9.0,213.0,11,2.0,2.0,2.0,0.0,W,W,O,""0"
"Feb"",""25,"",2015,recap,Wed,2014,Rockets,Clippers,home,110-105,1&1,-3.5,217.0,5,1.5,-2.0,-0.2,-1.8,W,W,U,""0"
"Feb"",""27,"",2015,recap,Fri,2014,Rockets,Nets,home,102-98,1&1,-7.0,206.5,4,-3.0,-6.5,-4.8,-1.8,W,L,U,""0"
"Mar"",""01,"",2015,recap,Sun,2014,Rockets,Cavaliers,home,105-103,1&1,0.0,208.0,2,2.0,0.0,1.0,-1.0,W,W,P,""1"
"Mar"",""03,"",2015,recap,Tue,2014,Rockets,Hawks,away,96-104,1&2,8.0,200.0,-8,0.0,0.0,0.0,0.0,L,P,P,""0"
"Mar"",""04,"",2015,recap,Wed,2014,Rockets,Grizzlies,home,100-102,0&0,-3.0,197.0,-2,-5.0,5.0,0.0,5.0,L,L,O,""0"
"Mar"",""06,"",2015,recap,Fri,2014,Rockets,Pistons,home,103-93,1&1,-7.0,205.5,10,3.0,-9.5,-3.2,-6.2,W,W,U,""0"
"Mar"",""07,"",2015,recap,Sat,2014,Rockets,Nuggets,away,114-100,0&0,-4.5,214.0,14,9.5,0.0,4.8,-4.8,W,W,P,""0"
"Mar"",""11,"",2015,recap,Wed,2014,Rockets,Trailblazers,away,100-105,3&3,2.5,205.5,-5,-2.5,-0.5,-1.5,1.0,L,L,U,""0"
"Mar"",""12,"",2015,recap,Thu,2014,Rockets,Jazz,away,91-109,0&1,-2.0,189.5,-18,-20.0,10.5,-4.8,15.2,L,L,O,""0"
"Mar"",""15,"",2015,recap,Sun,2014,Rockets,Clippers,away,100-98,2&1,4.5,213.0,2,6.5,-15.0,-4.2,-10.8,W,W,U,""0"
"Mar"",""17,"",2015,recap,Tue,2014,Rockets,Magic,home,107-94,1&1,-11.5,205.0,13,1.5,-4.0,-1.2,-2.8,W,W,U,""0"
"Mar"",""19,"",2015,recap,Thu,2014,Rockets,Nuggets,home,118-108,1&2,-8.0,215.0,10,2.0,11.0,6.5,4.5,W,W,O,""0"
"Mar"",""21,"",2015,recap,Sat,2014,Rockets,Suns,home,102-117,1&1,-7.5,208.0,-15,-22.5,11.0,-5.8,16.8,L,L,O,""0"
"Mar"",""23,"",2015,recap,Mon,2014,Rockets,Pacers,away,110-100,1&1,-1.0,203.0,10,9.0,7.0,8.0,-1.0,W,W,O,""0"
"Mar"",""25,"",2015,recap,Wed,2014,Rockets,Pelicans,away,95-93,1&2,-1.0,203.0,2,1.0,-15.0,-7.0,-8.0,W,W,U,""0"
"Mar"",""27,"",2015,recap,Fri,2014,Rockets,Timberwolves,home,120-110,1&1,-13.0,206.0,10,-3.0,24.0,10.5,13.5,W,L,O,""0"
"Mar"",""29,"",2015,recap,Sun,2014,Rockets,Wizards,away,99-91,1&1,-2.0,204.0,8,6.0,-14.0,-4.0,-10.0,W,W,U,0"
"Mar"",""30,"",2015,recap,Mon,2014,Rockets,Raptors,away,96-99,0&2,2.0,208.0,-3,-1.0,-13.0,-7.0,-6.0,L,L,U,""0"
"Apr"",""01,"",2015,recap,Wed,2014,Rockets,Kings,home,115-111,1&1,-11.0,211.0,4,-7.0,15.0,4.0,11.0,W,L,O,""0"
"Apr"",""02,"",2015,recap,Thu,2014,Rockets,Mavericks,away,108-101,0&0,1.5,210.0,7,8.5,-1.0,3.8,-4.8,W,W,U,""0"
"Apr"",""05,"",2015,recap,Sun,2014,Rockets,Thunder,away,115-112,2&1,-1.0,219.0,3,2.0,8.0,5.0,3.0,W,W,O,0"
"Apr"",""08,"",2015,recap,Wed,2014,Rockets,Spurs,away,98-110,2&0,6.5,206.0,-12,-5.5,2.0,-1.8,3.8,L,L,O,""0"
"Apr"",""10,"",2015,recap,Fri,2014,Rockets,Spurs,home,103-104,1&1,3.0,206.0,-1,2.0,1.0,1.5,-0.5,L,W,O,""0"
"Apr"",""12,"",2015,recap,Sun,2014,Rockets,Pelicans,home,121-114,1&1,-5.5,200.0,7,1.5,35.0,18.2,16.8,W,W,O,""0"
"Apr"",""13,"",2015,recap,Mon,2014,Rockets,Hornets,away,100-90,0&0,-11.5,199.5,10,-1.5,-9.5,-5.5,-4.0,W,L,U,""0"
"Apr"",""15,"",2015,recap,Wed,2014,Rockets,Jazz,home,117-91,1&1,-11.5,195.5,26,14.5,12.5,13.5,-1.0,W,W,O,""0"
"Oct"",""28,"",2015,recap,Wed,2015,Rockets,Nuggets,home,85-105,&,-10.0,212.0,-20,-30.0,-22.0,-26.0,4.0,L,L,U,""0"
"Oct"",""30,"",2015,recap,Fri,2015,Rockets,Warriors,home,92-112,1&2,1.0,215.5,-20,-19.0,-11.5,-15.2,3.8,L,L,U,""0"
"Nov"",""01,"",2015,recap,Sun,2015,Rockets,Heat,away,89-109,1&1,4.0,206.0,-20,-16.0,-8.0,-12.0,4.0,L,L,U,""0"
"Nov"",""02,"",2015,recap,Mon,2015,Rockets,Thunder,home,110-105,0&0,3.5,216.0,5,8.5,-1.0,3.8,-4.8,W,W,U,""0"
"Nov"",""04,"",2015,recap,Wed,2015,Rockets,Magic,home,119-114,1&0,-8.5,207.5,5,-3.5,25.5,11.0,14.5,W,L,O,""1"
"Nov"",""06,"",2015,recap,Fri,2015,Rockets,Kings,away,116-110,1&1,-6.0,215.5,6,0.0,10.5,5.2,5.2,W,P,O,""0"
"Nov"",""07,"",2015,recap,Sat,2015,Rockets,Clippers,away,109-105,0&2,6.5,214.0,4,10.5,0.0,5.2,-5.2,W,W,P,""0"
"Nov"",""11,"",2015,recap,Wed,2015,Rockets,Nets,home,98-106,3&3,-11.5,206.0,-8,-19.5,-2.0,-10.8,8.8,L,L,U,""0"
"Nov"",""13,"",2015,recap,Fri,2015,Rockets,Nuggets,away,98-107,1&1,-5.5,211.0,-9,-14.5,-6.0,-10.2,4.2,L,L,U,""0"
"Nov"",""14,"",2015,recap,Sat,2015,Rockets,Mavericks,home,98-110,0&0,-6.0,208.5,-12,-18.0,-0.5,-9.2,8.8,L,L,U,""0"
"Nov"",""16,"",2015,recap,Mon,2015,Rockets,Celtics,home,95-111,1&0,-4.5,207.0,-16,-20.5,-1.0,-10.8,9.8,L,L,U,""0"
"Nov"",""18,"",2015,recap,Wed,2015,Rockets,Trailblazers,home,108-103,1&1,-7.0,210.0,5,-2.0,1.0,-0.5,1.5,W,L,O,""1"
"Nov"",""20,"",2015,recap,Fri,2015,Rockets,Grizzlies,away,84-96,1&3,3.5,200.0,-12,-8.5,-20.0,-14.2,-5.8,L,L,U,""0"
"Nov"",""21,"",2015,recap,Sat,2015,Rockets,Knicks,home,102-107,0&0,-4.0,203.5,-5,-9.0,5.5,-1.8,7.2,L,L,O,""0"
"Nov"",""25,"",2015,recap,Wed,2015,Rockets,Grizzlies,home,93-102,3&0,-3.5,197.0,-9,-12.5,-2.0,-7.2,5.2,L,L,U,""0"
"Nov"",""27,"",2015,recap,Fri,2015,Rockets,Seventysixers,home,116-114,1&1,-10.5,197.0,2,-8.5,33.0,12.2,20.8,W,L,O,""0"
"Nov"",""29,"",2015,recap,Sun,2015,Rockets,Knicks,away,116-111,1&1,-3.0,200.0,5,2.0,27.0,14.5,12.5,W,W,O,""1"
"Nov"",""30,"",2015,recap,Mon,2015,Rockets,Pistons,away,105-116,0&0,4.5,198.0,-11,-6.5,23.0,8.2,14.8,L,L,O,0"
"Dec"",""02,"",2015,recap,Wed,2015,Rockets,Pelicans,home,108-101,1&0,-4.0,213.5,7,3.0,-4.5,-0.8,-3.8,W,W,U,""0"
"Dec"",""04,"",2015,recap,Fri,2015,Rockets,Mavericks,away,100-96,1&2,5.0,210.5,4,9.0,-14.5,-2.8,-11.8,W,W,U,""0"
"Dec"",""05,"",2015,recap,Sat,2015,Rockets,Kings,home,120-113,0&1,-3.0,218.0,7,4.0,15.0,9.5,5.5,W,W,O,""0"
"Dec"",""08,"",2015,recap,Tue,2015,Rockets,Nets,away,105-110,2&1,-4.5,207.0,-5,-9.5,8.0,-0.8,8.8,L,L,O,""0"
"Dec"",""09,"",2015,recap,Wed,2015,Rockets,Wizards,away,109-103,0&1,3.0,214.0,6,9.0,-2.0,3.5,-5.5,W,W,U,0"
"Dec"",""12,"",2015,recap,Sat,2015,Rockets,Lakers,home,126-97,2&0,-11.5,212.0,29,17.5,11.0,14.2,-3.2,W,W,O,""0"
"Dec"",""14,"",2015,recap,Mon,2015,Rockets,Nuggets,away,108-114,1&2,-4.0,209.5,-6,-10.0,12.5,1.2,11.2,L,L,O,""0"
"Dec"",""15,"",2015,recap,Tue,2015,Rockets,Kings,away,97-107,0&4,2.5,219.0,-10,-7.5,-15.0,-11.2,-3.8,L,L,U,""0"
"Dec"",""17,"",2015,recap,Thu,2015,Rockets,Lakers,away,107-87,1&1,-6.0,215.0,20,14.0,-21.0,-3.5,-17.5,W,W,U,0"
"Dec"",""19,"",2015,recap,Sat,2015,Rockets,Clippers,home,107-97,1&0,0.0,212.0,10,10.0,-8.0,1.0,-9.0,W,W,U,""0"
"Dec"",""21,"",2015,recap,Mon,2015,Rockets,Hornets,home,102-95,1&1,-3.5,208.0,7,3.5,-11.0,-3.8,-7.2,W,W,U,""0"
"Dec"",""23,"",2015,recap,Wed,2015,Rockets,Magic,away,101-104,1&1,1.0,207.0,-3,-2.0,-2.0,-2.0,0.0,L,L,U,""0"
"Dec"",""25,"",2015,recap,Fri,2015,Rockets,Spurs,home,88-84,1&1,7.0,203.5,4,11.0,-31.5,-10.2,-21.2,W,W,U,""0"
"Dec"",""26,"",2015,recap,Sat,2015,Rockets,Pelicans,away,108-110,0&0,-1.0,210.5,-2,-3.0,7.5,2.2,5.2,L,L,O,""0"
"Dec"",""29,"",2015,recap,Tue,2015,Rockets,Hawks,home,115-121,2&0,-3.0,209.0,-6,-9.0,27.0,9.0,18.0,L,L,O,""0"
"Dec"",""31,"",2015,recap,Thu,2015,Rockets,Warriors,home,110-114,1&0,-2.5,212.0,-4,-6.5,12.0,2.8,9.2,L,L,O,""0"
"Jan"",""02,"",2016,recap,Sat,2015,Rockets,Spurs,away,103-121,1&2,11.0,202.0,-18,-7.0,22.0,7.5,14.5,L,L,O,""0"
"Jan"",""04,"",2016,recap,Mon,2015,Rockets,Jazz,away,93-91,1&1,-2.5,199.5,2,-0.5,-15.5,-8.0,-7.5,W,L,U,""0"
"Jan"",""07,"",2016,recap,Thu,2015,Rockets,Jazz,home,103-94,2&0,-8.5,197.5,9,0.5,-0.5,0.0,-0.5,W,W,U,""0"
"Jan"",""10,"",2016,recap,Sun,2015,Rockets,Pacers,home,107-103,2&1,-2.0,207.0,4,2.0,3.0,2.5,0.5,W,W,O,""1"
"Jan"",""12,"",2016,recap,Tue,2015,Rockets,Grizzlies,away,107-91,1&1,-1.5,197.0,16,14.5,1.0,7.8,-6.8,W,W,O,""0"
"Jan"",""13,"",2016,recap,Wed,2015,Rockets,Timberwolves,home,107-104,0&0,-8.0,206.5,3,-5.0,4.5,-0.2,4.8,W,L,O,""0"
"Jan"",""15,"",2016,recap,Fri,2015,Rockets,Cavaliers,home,77-91,1&0,1.0,203.0,-14,-13.0,-35.0,-24.0,-11.0,L,L,U,""0"
"Jan"",""17,"",2016,recap,Sun,2015,Rockets,Lakers,away,112-95,1&0,-9.5,207.0,17,7.5,0.0,3.8,-3.8,W,W,P,""0"
"Jan"",""18,"",2016,recap,Mon,2015,Rockets,Clippers,away,132-140,0&1,6.0,209.5,-8,-2.0,62.5,30.2,32.2,L,L,O,""1"
"Jan"",""20,"",2016,recap,Wed,2015,Rockets,Pistons,home,114-123,1&1,-3.0,209.0,-9,-12.0,28.0,8.0,20.0,L,L,O,""0"
"Jan"",""22,"",2016,recap,Fri,2015,Rockets,Bucks,home,102-98,1&2,-3.0,209.0,4,1.0,-9.0,-4.0,-5.0,W,W,U,""0"
"Jan"",""24,"",2016,recap,Sun,2015,Rockets,Mavericks,home,115-104,1&1,-3.5,206.5,11,7.5,12.5,10.0,2.5,W,W,O,""0"
"Jan"",""25,"",2016,recap,Mon,2015,Rockets,Pelicans,away,112-111,0&1,4.0,216.5,1,5.0,6.5,5.8,0.8,W,W,O,""0"
"Jan"",""27,"",2016,recap,Wed,2015,Rockets,Spurs,away,99-130,1&1,11.0,208.5,-31,-20.0,20.5,0.2,20.2,L,L,O,""0"
"Jan"",""29,"",2016,recap,Fri,2015,Rockets,Thunder,away,108-116,1&1,8.0,222.0,-8,0.0,2.0,1.0,1.0,L,P,O,""0"
"Jan"",""30,"",2016,recap,Sat,2015,Rockets,Wizards,home,122-123,0&1,-4.0,219.0,-1,-5.0,26.0,10.5,15.5,L,L,O,""0"
"Feb"",""02,"",2016,recap,Tue,2015,Rockets,Heat,home,115-102,2&1,-5.0,209.5,13,8.0,7.5,7.8,-0.2,W,W,O,""0"
"Feb"",""04,"",2016,recap,Thu,2015,Rockets,Suns,away,111-105,1&1,-7.5,216.0,6,-1.5,0.0,-0.8,0.8,W,L,P,""0"
"Feb"",""06,"",2016,recap,Sat,2015,Rockets,Trailblazers,home,79-96,1&1,-5.0,217.5,-17,-22.0,-42.5,-32.2,-10.2,L,L,U,""0"
"Feb"",""09,"",2016,recap,Tue,2015,Rockets,Warriors,away,110-123,2&2,14.0,230.5,-13,1.0,2.5,1.8,0.8,L,W,O,0"
"Feb"",""10,"",2016,recap,Wed,2015,Rockets,Trailblazers,away,103-116,0&1,4.5,216.0,-13,-8.5,3.0,-2.8,5.8,L,L,O,0"
"Feb"",""19,"",2016,recap,Fri,2015,Rockets,Suns,away,116-100,8&8,-8.0,214.5,16,8.0,1.5,4.8,-3.2,W,W,O,""0"
"Feb"",""23,"",2016,recap,Tue,2015,Rockets,Jazz,away,114-117,3&1,4.5,204.0,-3,1.5,27.0,14.2,12.8,L,W,O,""1"
"Feb"",""25,"",2016,recap,Thu,2015,Rockets,Trailblazers,away,119-105,1&1,4.0,221.5,14,18.0,2.5,10.2,-7.8,W,W,O,0"
"Feb"",""27,"",2016,recap,Sat,2015,Rockets,Spurs,home,94-104,1&1,6.0,213.5,-10,-4.0,-15.5,-9.8,-5.8,L,L,U,""0"
"Feb"",""29,"",2016,recap,Mon,2015,Rockets,Bucks,away,121-128,1&1,-2.5,215.5,-7,-9.5,33.5,12.0,21.5,L,L,O,""0"
"Mar"",""02,"",2016,recap,Wed,2015,Rockets,Pelicans,home,100-95,1&3,-5.5,221.5,5,-0.5,-26.5,-13.5,-13.0,W,L,U,""0"
"Mar"",""05,"",2016,recap,Sat,2015,Rockets,Bulls,away,100-108,2&2,1.0,215.5,-8,-7.0,-7.5,-7.2,-0.2,L,L,U,""0"
"Mar"",""06,"",2016,recap,Sun,2015,Rockets,Raptors,away,113-107,0&1,7.5,214.0,6,13.5,6.0,9.8,-3.8,W,W,O,0"
"Mar"",""09,"",2016,recap,Wed,2015,Rockets,Seventysixers,away,118-104,2&2,-9.5,220.5,14,4.5,1.5,3.0,-1.5,W,W,O,""0"
"Mar"",""11,"",2016,recap,Fri,2015,Rockets,Celtics,away,102-98,1&1,5.0,222.0,4,9.0,-22.0,-6.5,-15.5,W,W,U,""0"
"Mar"",""12,"",2016,recap,Sat,2015,Rockets,Hornets,away,109-125,0&0,5.5,215.5,-16,-10.5,18.5,4.0,14.5,L,L,O,""0"
"Mar"",""14,"",2016,recap,Mon,2015,Rockets,Grizzlies,home,130-81,1&1,-11.5,208.5,49,37.5,2.5,20.0,-17.5,W,W,O,""0"
"Mar"",""16,"",2016,recap,Wed,2015,Rockets,Clippers,home,106-122,1&0,-3.0,216.0,-16,-19.0,12.0,-3.5,15.5,L,L,O,""0"
"Mar"",""18,"",2016,recap,Fri,2015,Rockets,Timberwolves,home,116-111,1&1,-8.5,225.0,5,-3.5,2.0,-0.8,2.8,W,L,O,""0"
"Mar"",""19,"",2016,recap,Sat,2015,Rockets,Hawks,away,97-109,0&1,7.0,214.0,-12,-5.0,-8.0,-6.5,-1.5,L,L,U,""0"
"Mar"",""22,"",2016,recap,Tue,2015,Rockets,Thunder,away,107-111,2&2,9.0,224.0,-4,5.0,-6.0,-0.5,-5.5,L,W,U,0"
"Mar"",""23,"",2016,recap,Wed,2015,Rockets,Jazz,home,87-89,0&2,-2.0,200.0,-2,-4.0,-24.0,-14.0,-10.0,L,L,U,""0"
"Mar"",""25,"",2016,recap,Fri,2015,Rockets,Raptors,home,112-109,1&1,0.0,211.5,3,3.0,9.5,6.2,3.2,W,W,O,""0"
"Mar"",""27,"",2016,recap,Sun,2015,Rockets,Pacers,away,101-104,1&0,2.0,210.0,-3,-1.0,-5.0,-3.0,-2.0,L,L,U,""0"
"Mar"",""29,"",2016,recap,Tue,2015,Rockets,Cavaliers,away,106-100,1&2,1.5,212.0,6,7.5,-6.0,0.8,-6.8,W,W,U,""0"
"Mar"",""31,"",2016,recap,Thu,2015,Rockets,Bulls,home,100-103,1&1,-6.0,215.5,-3,-9.0,-12.5,-10.8,-1.8,L,L,U,""0"
"Apr"",""03,"",2016,recap,Sun,2015,Rockets,Thunder,home,118-110,2&2,3.0,222.0,8,11.0,6.0,8.5,-2.5,W,W,O,""0"
"Apr"",""06,"",2016,recap,Wed,2015,Rockets,Mavericks,away,86-88,2&2,-1.5,206.0,-2,-3.5,-32.0,-17.8,-14.2,L,L,U,""0"
"Apr"",""07,"",2016,recap,Thu,2015,Rockets,Suns,home,115-124,0&1,-12.0,214.0,-9,-21.0,25.0,2.0,23.0,L,L,O,""0"
"Apr"",""10,"",2016,recap,Sun,2015,Rockets,Lakers,home,130-110,2&1,-14.5,213.0,20,5.5,27.0,16.2,10.8,W,W,O,""0"
"Apr"",""11,"",2016,recap,Mon,2015,Rockets,Timberwolves,away,129-105,0&1,-3.5,216.5,24,20.5,17.5,19.0,-1.5,W,W,O,0"
"Apr"",""13,"",2016,recap,Wed,2015,Rockets,Kings,home,116-81,1&1,-15.5,220.5,35,19.5,-23.5,-2.0,-21.5,W,W,U,""0"
"Oct"",""26,"",2016,recap,Wed,2016,Rockets,Lakers,away,114-120,&,-5.5,225.5,-6,-11.5,8.5,-1.5,10.0,L,L,O,""0"
"Oct"",""28,"",2016,recap,Fri,2016,Rockets,Mavericks,away,106-98,1&1,-1.0,219.0,8,7.0,-15.0,-4.0,-11.0,W,W,U,""0"
"Oct"",""30,"",2016,recap,Sun,2016,Rockets,Mavericks,home,93-92,1&1,-4.5,214.0,1,-3.5,-29.0,-16.2,-12.8,W,L,U,""0"
"Nov"",""01,"",2016,recap,Tue,2016,Rockets,Cavaliers,away,120-128,1&2,9.0,217.5,-8,1.0,30.5,15.8,14.8,L,W,O,""0"
"Nov"",""02,"",2016,recap,Wed,2016,Rockets,Knicks,away,118-99,0&0,-0.0,218.0,19,19.0,-1.0,9.0,-10.0,W,W,U,""0"
"Nov"",""05,"",2016,recap,Sat,2016,Rockets,Hawks,away,97-112,2&0,3.5,215.5,-15,-11.5,-6.5,-9.0,2.5,L,L,U,""0"
"Nov"",""07,"",2016,recap,Mon,2016,Rockets,Wizards,away,114-106,1&1,1.5,219.0,8,9.5,1.0,5.2,-4.2,W,W,O,0"
"Nov"",""09,"",2016,recap,Wed,2016,Rockets,Spurs,away,101-99,1&3,7.5,211.0,2,9.5,-11.0,-0.8,-10.2,W,W,U,""0"
"Nov"",""12,"",2016,recap,Sat,2016,Rockets,Spurs,home,100-106,2&0,1.5,206.5,-6,-4.5,-0.5,-2.5,2.0,L,L,U,""0"
"Nov"",""14,"",2016,recap,Mon,2016,Rockets,Seventysixers,home,115-88,1&1,-11.5,213.5,27,15.5,-10.5,2.5,-13.0,W,W,U,""0"
"Nov"",""16,"",2016,recap,Wed,2016,Rockets,Thunder,away,103-105,1&1,2.0,218.0,-2,0.0,-10.0,-5.0,-5.0,L,P,U,0"
"Nov"",""17,"",2016,recap,Thu,2016,Rockets,Trailblazers,home,126-109,0&1,-5.0,220.0,17,12.0,15.0,13.5,1.5,W,W,O,""0"
"Nov"",""19,"",2016,recap,Sat,2016,Rockets,Jazz,home,111-102,1&1,-7.0,201.0,9,2.0,12.0,7.0,5.0,W,W,O,""0"
"Nov"",""21,"",2016,recap,Mon,2016,Rockets,Pistons,away,99-96,1&1,-2.5,206.0,3,0.5,-11.0,-5.2,-5.8,W,W,U,""0"
"Nov"",""23,"",2016,recap,Wed,2016,Rockets,Raptors,home,102-115,1&1,-3.5,217.0,-13,-16.5,0.0,-8.2,8.2,L,L,P,""0"
"Nov"",""25,"",2016,recap,Fri,2016,Rockets,Kings,away,117-104,1&1,-3.5,216.0,13,9.5,5.0,7.2,-2.2,W,W,O,""0"
"Nov"",""27,"",2016,recap,Sun,2016,Rockets,Trailblazers,away,130-114,1&1,-2.0,226.0,16,14.0,18.0,16.0,2.0,W,W,O,0"
"Nov"",""29,"",2016,recap,Tue,2016,Rockets,Jazz,away,101-120,1&0,-1.0,204.0,-19,-20.0,17.0,-1.5,18.5,L,L,O,""0"
"Dec"",""01,"",2016,recap,Thu,2016,Rockets,Warriors,away,132-127,1&2,10.5,231.5,5,15.5,27.5,21.5,6.0,W,W,O,2"
"Dec"",""02,"",2016,recap,Fri,2016,Rockets,Nuggets,away,128-110,0&1,3.5,222.0,18,21.5,16.0,18.8,-2.8,W,W,O,""0"
"Dec"",""05,"",2016,recap,Mon,2016,Rockets,Celtics,home,107-106,2&1,-5.0,217.5,1,-4.0,-4.5,-4.2,-0.2,W,L,U,""0"
"Dec"",""07,"",2016,recap,Wed,2016,Rockets,Lakers,home,134-95,1&1,-14.0,223.0,39,25.0,6.0,15.5,-9.5,W,W,O,""0"
"Dec"",""09,"",2016,recap,Fri,2016,Rockets,Thunder,away,102-99,1&3,-1.5,224.0,3,1.5,-23.0,-10.8,-12.2,W,W,U,""0"
"Dec"",""10,"",2016,recap,Sat,2016,Rockets,Mavericks,home,109-87,0&0,-13.0,208.0,22,9.0,-12.0,-1.5,-10.5,W,W,U,""0"
"Dec"",""12,"",2016,recap,Mon,2016,Rockets,Nets,home,122-118,1&1,-13.5,229.0,4,-9.5,11.0,0.8,10.2,W,L,O,""0"
"Dec"",""14,"",2016,recap,Wed,2016,Rockets,Kings,home,132-98,1&1,-13.5,216.0,34,20.5,14.0,17.2,-3.2,W,W,O,""0"
"Dec"",""16,"",2016,recap,Fri,2016,Rockets,Pelicans,home,122-100,1&0,-12.5,222.0,22,9.5,0.0,4.8,-4.8,W,W,P,""0"
"Dec"",""17,"",2016,recap,Sat,2016,Rockets,Timberwolves,away,111-109,0&3,-2.5,220.0,2,-0.5,0.0,-0.2,0.2,W,L,P,""1"
"Dec"",""20,"",2016,recap,Tue,2016,Rockets,Spurs,home,100-102,2&1,0.0,213.5,-2,-2.0,-11.5,-6.8,-4.8,L,L,U,""0"
"Dec"",""21,"",2016,recap,Wed,2016,Rockets,Suns,away,125-111,0&1,-6.5,228.0,14,7.5,8.0,7.8,0.2,W,W,O,""0"
"Dec"",""23,"",2016,recap,Fri,2016,Rockets,Grizzlies,away,109-115,1&1,-3.0,206.5,-6,-9.0,17.5,4.2,13.2,L,L,O,""0"
"Dec"",""26,"",2016,recap,Mon,2016,Rockets,Suns,home,131-115,2&2,-13.0,230.5,16,3.0,15.5,9.2,6.2,W,W,O,""0"
"Dec"",""27,"",2016,recap,Tue,2016,Rockets,Mavericks,away,123-107,0&0,-6.5,211.0,16,9.5,19.0,14.2,4.8,W,W,O,0"
"Dec"",""30,"",2016,recap,Fri,2016,Rockets,Clippers,home,140-116,2&1,-10.5,220.0,24,13.5,36.0,24.8,11.2,W,W,O,""0"
"Dec"",""31,"",2016,recap,Sat,2016,Rockets,Knicks,home,129-122,0&0,-11.0,225.0,7,-4.0,26.0,11.0,15.0,W,L,O,""0"
"Jan"",""02,"",2017,recap,Mon,2016,Rockets,Wizards,home,101-91,1&2,-8.5,229.5,10,1.5,-37.5,-18.0,-19.5,W,W,U,""0"
"Jan"",""05,"",2017,recap,Thu,2016,Rockets,Thunder,home,118-116,2&0,-8.0,227.5,2,-6.0,6.5,0.2,6.2,W,L,O,""0"
"Jan"",""06,"",2017,recap,Fri,2016,Rockets,Magic,away,100-93,0&1,-5.5,223.5,7,1.5,-30.5,-14.5,-16.0,W,W,U,""0"
"Jan"",""08,"",2017,recap,Sun,2016,Rockets,Raptors,away,129-122,1&0,-2.5,226.5,7,4.5,24.5,14.5,10.0,W,W,O,""0"
"Jan"",""10,"",2017,recap,Tue,2016,Rockets,Hornets,home,121-114,1&2,-9.0,227.0,7,-2.0,8.0,3.0,5.0,W,L,O,""0"
"Jan"",""11,"",2017,recap,Wed,2016,Rockets,Timberwolves,away,105-119,0&1,-3.5,219.0,-14,-17.5,5.0,-6.2,11.2,L,L,O,""0"
"Jan"",""13,"",2017,recap,Fri,2016,Rockets,Grizzlies,home,105-110,1&1,-7.5,215.5,-5,-12.5,-0.5,-6.5,6.0,L,L,U,""0"
"Jan"",""15,"",2017,recap,Sun,2016,Rockets,Nets,away,137-112,1&1,-14.0,234.5,25,11.0,14.5,12.8,1.8,W,W,O,""0"
"Jan"",""17,"",2017,recap,Tue,2016,Rockets,Heat,away,103-109,1&3,-7.0,221.0,-6,-13.0,-9.0,-11.0,2.0,L,L,U,""0"
"Jan"",""18,"",2017,recap,Wed,2016,Rockets,Bucks,home,111-92,0&1,-7.0,226.0,19,12.0,-23.0,-5.5,-17.5,W,W,U,""0"
"Jan"",""20,"",2017,recap,Fri,2016,Rockets,Warriors,home,108-125,1&1,5.5,238.0,-17,-11.5,-5.0,-8.2,3.2,L,L,U,""0"
"Jan"",""21,"",2017,recap,Sat,2016,Rockets,Grizzlies,away,119-95,0&0,-2.0,215.5,24,22.0,-1.5,10.2,-11.8,W,W,U,""0"
"Jan"",""23,"",2017,recap,Mon,2016,Rockets,Bucks,away,114-127,1&1,-4.5,226.5,-13,-17.5,14.5,-1.5,16.0,L,L,O,""0"
"Jan"",""25,"",2017,recap,Wed,2016,Rockets,Celtics,away,109-120,1&0,-3.0,229.5,-11,-14.0,-0.5,-7.2,6.8,L,L,U,""0"
"Jan"",""27,"",2017,recap,Fri,2016,Rockets,Seventysixers,away,123-118,1&1,-6.5,221.0,5,-1.5,20.0,9.2,10.8,W,L,O,""0"
"Jan"",""29,"",2017,recap,Sun,2016,Rockets,Pacers,away,101-120,1&1,-3.0,226.5,-19,-22.0,-5.5,-13.8,8.2,L,L,U,""0"
"Jan"",""31,"",2017,recap,Tue,2016,Rockets,Kings,home,105-83,1&0,-12.0,224.5,22,10.0,-36.5,-13.2,-23.2,W,W,U,""0"
"Feb"",""02,"",2017,recap,Thu,2016,Rockets,Hawks,home,108-113,1&0,-9.0,224.0,-5,-14.0,-3.0,-8.5,5.5,L,L,U,""0"
"Feb"",""03,"",2017,recap,Fri,2016,Rockets,Bulls,home,121-117,0&1,-7.5,223.0,4,-3.5,15.0,5.8,9.2,W,L,O,""1"
"Feb"",""07,"",2017,recap,Tue,2016,Rockets,Magic,home,128-104,3&2,-12.0,224.0,24,12.0,8.0,10.0,-2.0,W,W,O,""0"
"Feb"",""09,"",2017,recap,Thu,2016,Rockets,Hornets,away,107-95,1&1,-4.0,224.0,12,8.0,-22.0,-7.0,-15.0,W,W,U,""0"
"Feb"",""11,"",2017,recap,Sat,2016,Rockets,Suns,home,133-102,1&0,-15.5,234.0,31,15.5,1.0,8.2,-7.2,W,W,O,""0"
"Feb"",""15,"",2017,recap,Wed,2016,Rockets,Heat,home,109-117,3&1,-9.5,224.5,-8,-17.5,1.5,-8.0,9.5,L,L,O,""0"
"Feb"",""23,"",2017,recap,Thu,2016,Rockets,Pelicans,away,129-99,7&7,-4.0,228.5,30,26.0,-0.5,12.8,-13.2,W,W,U,""0"
"Feb"",""25,"",2017,recap,Sat,2016,Rockets,Timberwolves,home,142-130,1&0,-12.0,229.5,12,0.0,42.5,21.2,21.2,W,P,O,""0"
"Feb"",""27,"",2017,recap,Mon,2016,Rockets,Pacers,home,108-117,1&1,-9.5,230.0,-9,-18.5,-5.0,-11.8,6.8,L,L,U,""0"
"Mar"",""01,"",2017,recap,Wed,2016,Rockets,Clippers,away,122-103,1&2,2.0,233.5,19,21.0,-8.5,6.2,-14.8,W,W,U,""0"
"Mar"",""04,"",2017,recap,Sat,2016,Rockets,Grizzlies,home,123-108,2&0,-8.5,221.0,15,6.5,10.0,8.2,1.8,W,W,O,""0"
"Mar"",""06,"",2017,recap,Mon,2016,Rockets,Spurs,away,110-112,1&1,3.5,222.0,-2,1.5,0.0,0.8,-0.8,L,W,P,0"
"Mar"",""08,"",2017,recap,Wed,2016,Rockets,Jazz,home,108-115,1&1,-7.0,216.0,-7,-14.0,7.0,-3.5,10.5,L,L,O,""0"
"Mar"",""10,"",2017,recap,Fri,2016,Rockets,Bulls,away,115-94,1&1,-6.5,223.5,21,14.5,-14.5,0.0,-14.5,W,W,U,""0"
"Mar"",""12,"",2017,recap,Sun,2016,Rockets,Cavaliers,home,117-112,1&0,-5.5,232.0,5,-0.5,-3.0,-1.8,-1.2,W,L,U,""0"
"Mar"",""15,"",2017,recap,Wed,2016,Rockets,Lakers,home,139-100,2&1,-17.5,235.5,39,21.5,3.5,12.5,-9.0,W,W,O,""0"
"Mar"",""17,"",2017,recap,Fri,2016,Rockets,Pelicans,away,112-128,1&1,-4.5,229.0,-16,-20.5,11.0,-4.8,15.8,L,L,O,""0"
"Mar"",""18,"",2017,recap,Sat,2016,Rockets,Nuggets,away,109-105,0&1,-3.0,239.5,4,1.0,-25.5,-12.2,-13.2,W,W,U,""0"
"Mar"",""20,"",2017,recap,Mon,2016,Rockets,Nuggets,home,125-124,1&1,-8.0,236.5,1,-7.0,12.5,2.8,9.8,W,L,O,""0"
"Mar"",""24,"",2017,recap,Fri,2016,Rockets,Pelicans,home,117-107,3&2,-8.0,230.0,10,2.0,-6.0,-2.0,-4.0,W,W,U,""0"
"Mar"",""26,"",2017,recap,Sun,2016,Rockets,Thunder,home,137-125,1&3,-6.0,232.0,12,6.0,30.0,18.0,12.0,W,W,O,""0"
"Mar"",""28,"",2017,recap,Tue,2016,Rockets,Warriors,home,106-113,1&1,-1.0,233.5,-7,-8.0,-14.5,-11.2,-3.2,L,L,U,""0"
"Mar"",""30,"",2017,recap,Thu,2016,Rockets,Trailblazers,away,107-117,1&1,-0.0,230.0,-10,-10.0,-6.0,-8.0,2.0,L,L,U,0"
"Mar"",""31,"",2017,recap,Fri,2016,Rockets,Warriors,away,98-107,0&1,9.0,230.5,-9,0.0,-25.5,-12.8,-12.8,L,P,U,0"
"Apr"",""02,"",2017,recap,Sun,2016,Rockets,Suns,away,123-116,1&0,-7.5,228.5,7,-0.5,10.5,5.0,5.5,W,L,O,""0"
"Apr"",""05,"",2017,recap,Wed,2016,Rockets,Nuggets,home,110-104,2&0,-8.0,240.0,6,-2.0,-26.0,-14.0,-12.0,W,L,U,""0"
"Apr"",""07,"",2017,recap,Fri,2016,Rockets,Pistons,home,109-114,1&1,-11.0,223.5,-5,-16.0,-0.5,-8.2,7.8,L,L,U,""0"
"Apr"",""09,"",2017,recap,Sun,2016,Rockets,Kings,away,135-128,1&1,-8.5,225.0,7,-1.5,38.0,18.2,19.8,W,L,O,""0"
"Apr"",""10,"",2017,recap,Mon,2016,Rockets,Clippers,away,96-125,0&1,9.5,229.0,-29,-19.5,-8.0,-13.8,5.8,L,L,U,""0"
"Apr"",""12,"",2017,recap,Wed,2016,Rockets,Timberwolves,home,123-118,1&0,-8.0,226.5,5,-3.0,14.5,5.8,8.8,W,L,O,""0"
"Oct"",""17,"",2017,recap,Tue,2017,Rockets,Warriors,away,122-121,&,9.0,228.5,1,10.0,14.5,12.2,2.2,W,W,O,0"
"Oct"",""18,"",2017,recap,Wed,2017,Rockets,Kings,away,105-100,0&,-7.0,217.5,5,-2.0,-12.5,-7.2,-5.2,W,L,U,""0"
"Oct"",""21,"",2017,recap,Sat,2017,Rockets,Mavericks,home,107-91,2&0,-12.5,214.5,16,3.5,-16.5,-6.5,-10.0,W,W,U,""0"
"Oct"",""23,"",2017,recap,Mon,2017,Rockets,Grizzlies,home,90-98,1&1,-7.5,211.0,-8,-15.5,-23.0,-19.2,-3.8,L,L,U,""0"
"Oct"",""25,"",2017,recap,Wed,2017,Rockets,Seventysixers,away,105-104,1&1,-3.0,220.0,1,-2.0,-11.0,-6.5,-4.5,W,L,U,""0"
"Oct"",""27,"",2017,recap,Fri,2017,Rockets,Hornets,away,109-93,1&1,-3.0,212.5,16,13.0,-10.5,1.2,-11.8,W,W,U,""0"
"Oct"",""28,"",2017,recap,Sat,2017,Rockets,Grizzlies,away,89-103,0&1,2.0,203.0,-14,-12.0,-11.0,-11.5,0.5,L,L,U,""0"
"Oct"",""30,"",2017,recap,Mon,2017,Rockets,Seventysixers,home,107-115,1&1,-6.5,218.0,-8,-14.5,4.0,-5.2,9.2,L,L,O,""0"
"Nov"",""01,"",2017,recap,Wed,2017,Rockets,Knicks,away,119-97,1&1,-6.0,215.0,22,16.0,1.0,8.5,-7.5,W,W,O,""0"
"Nov"",""03,"",2017,recap,Fri,2017,Rockets,Hawks,away,119-104,1&1,-9.0,214.0,15,6.0,9.0,7.5,1.5,W,W,O,""0"
"Nov"",""05,"",2017,recap,Sun,2017,Rockets,Jazz,home,137-110,1&1,-7.0,204.0,27,20.0,43.0,31.5,11.5,W,W,O,""0"
"Nov"",""09,"",2017,recap,Thu,2017,Rockets,Cavaliers,home,117-113,3&1,-5.0,229.0,4,-1.0,1.0,0.0,1.0,W,L,O,""0"
"Nov"",""11,"",2017,recap,Sat,2017,Rockets,Grizzlies,home,111-96,1&3,-6.5,210.5,15,8.5,-3.5,2.5,-6.0,W,W,U,""0"
"Nov"",""12,"",2017,recap,Sun,2017,Rockets,Pacers,away,118-95,0&1,-3.5,223.0,23,19.5,-10.0,4.8,-14.8,W,W,U,""0"
"Nov"",""14,"",2017,recap,Tue,2017,Rockets,Raptors,home,113-129,1&1,-6.5,219.5,-16,-22.5,22.5,0.0,22.5,L,L,O,""0"
"Nov"",""16,"",2017,recap,Thu,2017,Rockets,Suns,away,142-116,1&2,-13.0,228.0,26,13.0,30.0,21.5,8.5,W,W,O,0"
"Nov"",""18,"",2017,recap,Sat,2017,Rockets,Grizzlies,away,105-83,1&2,-8.0,213.5,22,14.0,-25.5,-5.8,-19.8,W,W,U,""0"
"Nov"",""22,"",2017,recap,Wed,2017,Rockets,Nuggets,home,125-95,3&1,-9.5,224.5,30,20.5,-4.5,8.0,-12.5,W,W,U,""0"
"Nov"",""25,"",2017,recap,Sat,2017,Rockets,Knicks,home,117-102,2&0,-15.5,217.5,15,-0.5,1.5,0.5,1.0,W,L,O,""0"
"Nov"",""27,"",2017,recap,Mon,2017,Rockets,Nets,home,117-103,1&0,-17.5,226.5,14,-3.5,-6.5,-5.0,-1.5,W,L,U,""0"
"Nov"",""29,"",2017,recap,Wed,2017,Rockets,Pacers,home,118-97,1&1,-12.0,223.0,21,9.0,-8.0,0.5,-8.5,W,W,U,""0"
"Dec"",""03,"",2017,recap,Sun,2017,Rockets,Lakers,away,118-95,3&0,-12.5,224.0,23,10.5,-11.0,-0.2,-10.8,W,W,U,""0"
"Dec"",""07,"",2017,recap,Thu,2017,Rockets,Jazz,away,112-101,3&1,-6.5,211.0,11,4.5,2.0,3.2,-1.2,W,W,O,""0"
"Dec"",""09,"",2017,recap,Sat,2017,Rockets,Trailblazers,away,124-117,1&3,-8.5,216.5,7,-1.5,24.5,11.5,13.0,W,L,O,0"
"Dec"",""11,"",2017,recap,Mon,2017,Rockets,Pelicans,home,130-123,1&0,-11.5,228.0,7,-4.5,25.0,10.2,14.8,W,L,O,""0"
"Dec"",""13,"",2017,recap,Wed,2017,Rockets,Hornets,home,108-96,1&1,-12.5,220.0,12,-0.5,-16.0,-8.2,-7.8,W,L,U,""0"
"Dec"",""15,"",2017,recap,Fri,2017,Rockets,Spurs,home,124-109,1&2,-8.0,213.5,15,7.0,19.5,13.2,6.2,W,W,O,""0"
"Dec"",""16,"",2017,recap,Sat,2017,Rockets,Bucks,home,115-111,0&0,-10.5,222.0,4,-6.5,4.0,-1.2,5.2,W,L,O,""0"
"Dec"",""18,"",2017,recap,Mon,2017,Rockets,Jazz,home,120-99,1&1,-12.5,217.0,21,8.5,2.0,5.2,-3.2,W,W,O,""0"
"Dec"",""20,"",2017,recap,Wed,2017,Rockets,Lakers,home,116-122,1&1,-14.0,226.0,-6,-20.0,12.0,-4.0,16.0,L,L,O,""0"
"Dec"",""22,"",2017,recap,Fri,2017,Rockets,Clippers,home,118-128,1&1,-12.0,221.0,-10,-22.0,25.0,1.5,23.5,L,L,O,""0"
"Dec"",""25,"",2017,recap,Mon,2017,Rockets,Thunder,away,107-112,2&1,1.0,218.0,-5,-4.0,1.0,-1.5,2.5,L,L,O,""0"
"Dec"",""28,"",2017,recap,Thu,2017,Rockets,Celtics,away,98-99,2&0,-1.0,215.5,-1,-2.0,-18.5,-10.2,-8.2,L,L,U,""0"
"Dec"",""29,"",2017,recap,Fri,2017,Rockets,Wizards,away,103-121,0&1,-1.0,223.0,-18,-19.0,1.0,-9.0,10.0,L,L,O,0"
"Dec"",""31,"",2017,recap,Sun,2017,Rockets,Lakers,home,148-142,1&1,-15.0,227.0,6,-9.0,63.0,27.0,36.0,W,L,O,""2"
"Jan"",""03,"",2018,recap,Wed,2017,Rockets,Magic,away,116-98,2&1,-8.0,217.5,18,10.0,-3.5,3.2,-6.8,W,W,U,""0"
"Jan"",""04,"",2018,recap,Thu,2017,Rockets,Warriors,home,114-124,0&0,4.5,230.0,-10,-5.5,8.0,1.2,6.8,L,L,O,""0"
"Jan"",""06,"",2018,recap,Sat,2017,Rockets,Pistons,away,101-108,1&0,-5.5,211.5,-7,-12.5,-2.5,-7.5,5.0,L,L,U,""0"
"Jan"",""08,"",2018,recap,Mon,2017,Rockets,Bulls,away,116-107,1&1,-6.0,221.0,9,3.0,2.0,2.5,-0.5,W,W,O,""0"
"Jan"",""10,"",2018,recap,Wed,2017,Rockets,Trailblazers,home,121-112,1&0,-8.5,217.5,9,0.5,15.5,8.0,7.5,W,W,O,""0"
"Jan"",""12,"",2018,recap,Fri,2017,Rockets,Suns,away,112-95,1&4,-7.0,226.0,17,10.0,-19.0,-4.5,-14.5,W,W,U,""0"
"Jan"",""15,"",2018,recap,Mon,2017,Rockets,Clippers,away,102-113,2&1,-3.5,228.5,-11,-14.5,-13.5,-14.0,0.5,L,L,U,""0"
"Jan"",""18,"",2018,recap,Thu,2017,Rockets,Timberwolves,home,116-98,2&1,-5.5,222.5,18,12.5,-8.5,2.0,-10.5,W,W,U,""0"
"Jan"",""20,"",2018,recap,Sat,2017,Rockets,Warriors,home,116-108,1&2,3.0,234.5,8,11.0,-10.5,0.2,-10.8,W,W,U,""0"
"Jan"",""22,"",2018,recap,Mon,2017,Rockets,Heat,home,99-90,1&1,-10.0,213.0,9,-1.0,-24.0,-12.5,-11.5,W,L,U,""0"
"Jan"",""24,"",2018,recap,Wed,2017,Rockets,Mavericks,away,104-97,1&1,-6.5,217.0,7,0.5,-16.0,-7.8,-8.2,W,W,U,""0"
"Jan"",""26,"",2018,recap,Fri,2017,Rockets,Pelicans,away,113-115,1&1,-3.5,228.0,-2,-5.5,0.0,-2.8,2.8,L,L,P,""0"
"Jan"",""28,"",2018,recap,Sun,2017,Rockets,Suns,home,113-102,1&1,-13.5,225.5,11,-2.5,-10.5,-6.5,-4.0,W,L,U,""0"
"Jan"",""30,"",2018,recap,Tue,2017,Rockets,Magic,home,114-107,1&2,-12.5,221.0,7,-5.5,0.0,-2.8,2.8,W,L,P,""0"
"Feb"",""01,"",2018,recap,Thu,2017,Rockets,Spurs,away,102-91,1&1,-2.5,208.0,11,8.5,-15.0,-3.2,-11.8,W,W,U,""0"
"Feb"",""03,"",2018,recap,Sat,2017,Rockets,Cavaliers,away,120-88,1&2,-4.0,229.0,32,28.0,-21.0,3.5,-24.5,W,W,U,""0"
"Feb"",""06,"",2018,recap,Tue,2017,Rockets,Nets,away,123-113,2&1,-10.5,218.0,10,-0.5,18.0,8.8,9.2,W,L,O,""0"
"Feb"",""07,"",2018,recap,Wed,2017,Rockets,Heat,away,109-101,0&1,-4.5,207.5,8,3.5,2.5,3.0,-0.5,W,W,O,""0"
"Feb"",""09,"",2018,recap,Fri,2017,Rockets,Nuggets,home,130-104,1&3,-8.5,223.0,26,17.5,11.0,14.2,-3.2,W,W,O,""0"
"Feb"",""11,"",2018,recap,Sun,2017,Rockets,Mavericks,home,104-97,1&0,-14.0,215.0,7,-7.0,-14.0,-10.5,-3.5,W,L,U,""0"
"Feb"",""13,"",2018,recap,Tue,2017,Rockets,Timberwolves,away,126-108,1&1,-3.5,224.0,18,14.5,10.0,12.2,-2.2,W,W,O,0"
"Feb"",""14,"",2018,recap,Wed,2017,Rockets,Kings,home,100-91,0&0,-14.0,214.5,9,-5.0,-23.5,-14.2,-9.2,W,L,U,""0"
"Feb"",""23,"",2018,recap,Fri,2017,Rockets,Timberwolves,home,120-102,8&7,-8.5,225.5,18,9.5,-3.5,3.0,-6.5,W,W,U,""0"
"Feb"",""25,"",2018,recap,Sun,2017,Rockets,Nuggets,away,119-114,1&1,-4.5,228.0,5,0.5,5.0,2.8,2.2,W,W,O,""0"
"Feb"",""26,"",2018,recap,Mon,2017,Rockets,Jazz,away,96-85,0&1,-2.5,211.5,11,8.5,-30.5,-11.0,-19.5,W,W,U,""0"
"Feb"",""28,"",2018,recap,Wed,2017,Rockets,Clippers,away,105-92,1&0,-8.5,227.5,13,4.5,-30.5,-13.0,-17.5,W,W,U,""0"
"Mar"",""03,"",2018,recap,Sat,2017,Rockets,Celtics,home,123-120,2&2,-8.0,216.0,3,-5.0,27.0,11.0,16.0,W,L,O,""0"
"Mar"",""06,"",2018,recap,Tue,2017,Rockets,Thunder,away,122-112,2&2,-5.0,222.0,10,5.0,12.0,8.5,3.5,W,W,O,""0"
"Mar"",""07,"",2018,recap,Wed,2017,Rockets,Bucks,away,110-99,0&1,-6.0,214.0,11,5.0,-5.0,0.0,-5.0,W,W,U,""0"
"Mar"",""09,"",2018,recap,Fri,2017,Rockets,Raptors,away,105-108,1&1,-1.5,218.5,-3,-4.5,-5.5,-5.0,-0.5,L,L,U,""0"
"Mar"",""11,"",2018,recap,Sun,2017,Rockets,Mavericks,away,105-82,1&0,-12.0,211.5,23,11.0,-24.5,-6.8,-17.8,W,W,U,""0"
"Mar"",""12,"",2018,recap,Mon,2017,Rockets,Spurs,home,109-93,0&1,-13.0,208.0,16,3.0,-6.0,-1.5,-4.5,W,W,U,""0"
"Mar"",""15,"",2018,recap,Thu,2017,Rockets,Clippers,home,101-96,2&1,-11.0,223.5,5,-6.0,-26.5,-16.2,-10.2,W,L,U,""0"
"Mar"",""17,"",2018,recap,Sat,2017,Rockets,Pelicans,away,107-101,1&1,-6.5,226.5,6,-0.5,-18.5,-9.5,-9.0,W,L,U,""0"
"Mar"",""18,"",2018,recap,Sun,2017,Rockets,Timberwolves,away,129-120,0&0,-7.0,222.0,9,2.0,27.0,14.5,12.5,W,W,O,0"
"Mar"",""20,"",2018,recap,Tue,2017,Rockets,Trailblazers,away,115-111,1&1,-4.5,217.0,4,-0.5,9.0,4.2,4.8,W,L,O,0"
"Mar"",""22,"",2018,recap,Thu,2017,Rockets,Pistons,home,100-96,1&1,-11.0,212.5,4,-7.0,-16.5,-11.8,-4.8,W,L,U,""1"
"Mar"",""24,"",2018,recap,Sat,2017,Rockets,Pelicans,home,114-91,1&1,-8.5,224.5,23,14.5,-19.5,-2.5,-17.0,W,W,U,""0"
"Mar"",""25,"",2018,recap,Sun,2017,Rockets,Hawks,home,118-99,0&1,-13.5,216.5,19,5.5,0.5,3.0,-2.5,W,W,O,""0"
"Mar"",""27,"",2018,recap,Tue,2017,Rockets,Bulls,home,118-86,1&2,-17.0,213.5,32,15.0,-9.5,2.8,-12.2,W,W,U,""0"
"Mar"",""30,"",2018,recap,Fri,2017,Rockets,Suns,home,104-103,2&1,-16.5,216.0,1,-15.5,-9.0,-12.2,3.2,W,L,U,""0"
"Apr"",""01,"",2018,recap,Sun,2017,Rockets,Spurs,away,83-100,1&2,0.0,206.5,-17,-17.0,-23.5,-20.2,-3.2,L,L,U,""0"
"Apr"",""03,"",2018,recap,Tue,2017,Rockets,Wizards,home,120-104,1&1,-8.5,216.0,16,7.5,8.0,7.8,0.2,W,W,O,""0"
"Apr"",""05,"",2018,recap,Thu,2017,Rockets,Trailblazers,home,96-94,1&1,-10.0,212.0,2,-8.0,-22.0,-15.0,-7.0,W,L,U,""0"
"Apr"",""07,"",2018,recap,Sat,2017,Rockets,Thunder,home,102-108,1&3,-5.0,218.0,-6,-11.0,-8.0,-9.5,1.5,L,L,U,""0"
"Apr"",""10,"",2018,recap,Tue,2017,Rockets,Lakers,away,105-99,2&1,-7.5,218.0,6,-1.5,-14.0,-7.8,-6.2,W,L,U,""0"
"Apr"",""11,"",2018,recap,Wed,2017,Rockets,Kings,away,83-96,0&1,2.0,201.0,-13,-11.0,-22.0,-16.5,-5.5,L,L,U,""0"
"Oct"",""17,"",2018,recap,Wed,2018,Rockets,Pelicans,home,112-131,&,-7.5,232.0,-19,-26.5,11.0,-7.8,18.8,L,L,O,""0"
"Oct"",""20,"",2018,recap,Sat,2018,Rockets,Lakers,away,124-115,2&1,-3.5,235.0,9,5.5,4.0,4.8,-0.8,W,W,O,""0"
"Oct"",""21,"",2018,recap,Sun,2018,Rockets,Clippers,away,112-115,0&1,-2.0,225.0,-3,-5.0,2.0,-1.5,3.5,L,L,O,""0"
"Oct"",""24,"",2018,recap,Wed,2018,Rockets,Jazz,home,89-100,2&1,-1.0,217.5,-11,-12.0,-28.5,-20.2,-8.2,L,L,U,""0"
"Oct"",""26,"",2018,recap,Fri,2018,Rockets,Clippers,home,113-133,1&2,-3.5,219.0,-20,-23.5,27.0,1.8,25.2,L,L,O,""0"
"Oct"",""30,"",2018,recap,Tue,2018,Rockets,Trailblazers,home,85-104,3&0,-3.5,222.0,-19,-22.5,-33.0,-27.8,-5.2,L,L,U,""0"
"Nov"",""02,"",2018,recap,Fri,2018,Rockets,Nets,away,119-111,2&1,-4.0,221.0,8,4.0,9.0,6.5,2.5,W,W,O,""0"
"Nov"",""03,"",2018,recap,Sat,2018,Rockets,Bulls,away,96-88,0&0,-8.0,226.0,8,0.0,-42.0,-21.0,-21.0,W,P,U,""0"
"Nov"",""05,"",2018,recap,Mon,2018,Rockets,Pacers,away,98-94,1&1,0.0,212.0,4,4.0,-20.0,-8.0,-12.0,W,W,U,""0"
"Nov"",""08,"",2018,recap,Thu,2018,Rockets,Thunder,away,80-98,2&0,-4.0,213.0,-18,-22.0,-35.0,-28.5,-6.5,L,L,U,""0"
"Nov"",""10,"",2018,recap,Sat,2018,Rockets,Spurs,away,89-96,1&2,-1.0,209.5,-7,-8.0,-24.5,-16.2,-8.2,L,L,U,""0"
"Nov"",""11,"",2018,recap,Sun,2018,Rockets,Pacers,home,115-103,0&1,-2.5,210.0,12,9.5,8.0,8.8,-0.8,W,W,O,""0"
"Nov"",""13,"",2018,recap,Tue,2018,Rockets,Nuggets,away,109-99,1&1,4.0,213.5,10,14.0,-5.5,4.2,-9.8,W,W,U,""0"
"Nov"",""15,"",2018,recap,Thu,2018,Rockets,Warriors,home,107-86,1&1,-3.5,218.0,21,17.5,-25.0,-3.8,-21.2,W,W,U,""0"
"Nov"",""17,"",2018,recap,Sat,2018,Rockets,Kings,home,132-112,1&0,-12.0,220.0,20,8.0,24.0,16.0,8.0,W,W,O,""0"
"Nov"",""21,"",2018,recap,Wed,2018,Rockets,Pistons,home,126-124,3&1,-8.5,214.5,2,-6.5,35.5,14.5,21.0,W,L,O,""0"
"Nov"",""23,"",2018,recap,Fri,2018,Rockets,Pistons,away,111-116,1&1,-4.5,215.0,-5,-9.5,12.0,1.2,10.8,L,L,O,""1"
"Nov"",""24,"",2018,recap,Sat,2018,Rockets,Cavaliers,away,108-117,0&0,-6.5,213.0,-9,-15.5,12.0,-1.8,13.8,L,L,O,""0"
"Nov"",""26,"",2018,recap,Mon,2018,Rockets,Wizards,away,131-135,1&1,0.0,224.0,-4,-4.0,42.0,19.0,23.0,L,L,O,1"
"Nov"",""28,"",2018,recap,Wed,2018,Rockets,Mavericks,home,108-128,1&3,-5.0,217.5,-20,-25.0,18.5,-3.2,21.8,L,L,O,""0"
"Nov"",""30,"",2018,recap,Fri,2018,Rockets,Spurs,away,136-105,1&1,-2.5,217.0,31,28.5,24.0,26.2,-2.2,W,W,O,""0"
"Dec"",""01,"",2018,recap,Sat,2018,Rockets,Bulls,home,121-105,0&0,-13.5,221.0,16,2.5,5.0,3.8,1.2,W,W,O,""0"
"Dec"",""03,"",2018,recap,Mon,2018,Rockets,Timberwolves,away,91-103,1&1,-1.5,220.5,-12,-13.5,-26.5,-20.0,-6.5,L,L,U,0"
"Dec"",""06,"",2018,recap,Thu,2018,Rockets,Jazz,away,91-118,2&1,2.0,215.0,-27,-25.0,-6.0,-15.5,9.5,L,L,U,""0"
"Dec"",""08,"",2018,recap,Sat,2018,Rockets,Mavericks,away,104-107,1&2,-3.0,218.5,-3,-6.0,-7.5,-6.8,-0.8,L,L,U,""0"
"Dec"",""11,"",2018,recap,Tue,2018,Rockets,Trailblazers,home,111-104,2&2,-6.5,220.0,7,0.5,-5.0,-2.2,-2.8,W,W,U,""0"
"Dec"",""13,"",2018,recap,Thu,2018,Rockets,Lakers,home,126-111,1&2,-6.0,226.5,15,9.0,10.5,9.8,0.8,W,W,O,""0"
"Dec"",""15,"",2018,recap,Sat,2018,Rockets,Grizzlies,away,105-97,1&0,-5.0,202.0,8,3.0,0.0,1.5,-1.5,W,W,P,""0"
"Dec"",""17,"",2018,recap,Mon,2018,Rockets,Jazz,home,102-97,1&1,-5.0,211.5,5,0.0,-12.5,-6.2,-6.2,W,P,U,""0"
"Dec"",""19,"",2018,recap,Wed,2018,Rockets,Wizards,home,136-118,1&0,-11.0,226.0,18,7.0,28.0,17.5,10.5,W,W,O,""0"
"Dec"",""20,"",2018,recap,Thu,2018,Rockets,Heat,away,99-101,0&3,-3.0,208.5,-2,-5.0,-8.5,-6.8,-1.8,L,L,U,0"
"Dec"",""22,"",2018,recap,Sat,2018,Rockets,Spurs,home,108-101,1&0,-6.0,215.5,7,1.0,-6.5,-2.8,-3.8,W,W,U,""0"
"Dec"",""25,"",2018,recap,Tue,2018,Rockets,Thunder,home,113-109,2&1,-1.0,222.0,4,3.0,0.0,1.5,-1.5,W,W,P,""0"
"Dec"",""27,"",2018,recap,Thu,2018,Rockets,Celtics,home,127-113,1&1,0.0,218.5,14,14.0,21.5,17.8,3.8,W,W,O,""0"
"Dec"",""29,"",2018,recap,Sat,2018,Rockets,Pelicans,away,108-104,1&0,-3.5,228.5,4,0.5,-16.5,-8.0,-8.5,W,W,U,""0"
"Dec"",""31,"",2018,recap,Mon,2018,Rockets,Grizzlies,home,113-101,1&1,-4.5,200.5,12,7.5,13.5,10.5,3.0,W,W,O,""0"
"Jan"",""03,"",2019,recap,Thu,2018,Rockets,Warriors,away,135-134,2&2,8.0,225.5,1,9.0,43.5,26.2,17.2,W,W,O,1"
"Jan"",""05,"",2019,recap,Sat,2018,Rockets,Trailblazers,away,101-110,1&0,2.0,216.5,-9,-7.0,-5.5,-6.2,0.8,L,L,U,0"
"Jan"",""07,"",2019,recap,Mon,2018,Rockets,Nuggets,home,125-113,1&1,-1.5,216.0,12,10.5,22.0,16.2,5.8,W,W,O,""0"
"Jan"",""09,"",2019,recap,Wed,2018,Rockets,Bucks,home,109-116,1&1,1.5,225.5,-7,-5.5,-0.5,-3.0,2.5,L,L,U,""0"
"Jan"",""11,"",2019,recap,Fri,2018,Rockets,Cavaliers,home,141-113,1&1,-14.0,218.0,28,14.0,36.0,25.0,11.0,W,W,O,""0"
"Jan"",""13,"",2019,recap,Sun,2018,Rockets,Magic,away,109-116,1&0,-5.5,215.5,-7,-12.5,9.5,-1.5,11.0,L,L,O,""0"
"Jan"",""14,"",2019,recap,Mon,2018,Rockets,Grizzlies,home,112-94,0&1,-6.5,206.0,18,11.5,0.0,5.8,-5.8,W,W,P,""0"
"Jan"",""16,"",2019,recap,Wed,2018,Rockets,Nets,home,142-145,1&1,-4.5,226.5,-3,-7.5,60.5,26.5,34.0,L,L,O,""1"
"Jan"",""19,"",2019,recap,Sat,2018,Rockets,Lakers,home,138-134,2&1,-7.0,230.0,4,-3.0,42.0,19.5,22.5,W,L,O,""1"
"Jan"",""21,"",2019,recap,Mon,2018,Rockets,Seventysixers,away,93-121,1&1,5.0,233.5,-28,-23.0,-19.5,-21.2,1.8,L,L,U,""0"
"Jan"",""23,"",2019,recap,Wed,2018,Rockets,Knicks,away,114-110,1&1,-7.0,226.0,4,-3.0,-2.0,-2.5,0.5,W,L,U,""0"
"Jan"",""25,"",2019,recap,Fri,2018,Rockets,Raptors,home,121-119,1&1,1.5,228.5,2,3.5,11.5,7.5,4.0,W,W,O,""0"
"Jan"",""27,"",2019,recap,Sun,2018,Rockets,Magic,home,103-98,1&1,-8.5,221.0,5,-3.5,-20.0,-11.8,-8.2,W,L,U,""0"
"Jan"",""29,"",2019,recap,Tue,2018,Rockets,Pelicans,home,116-121,1&2,-10.0,234.0,-5,-15.0,3.0,-6.0,9.0,L,L,O,""0"
"Feb"",""01,"",2019,recap,Fri,2018,Rockets,Nuggets,away,122-136,2&1,4.5,227.0,-14,-9.5,31.0,10.8,20.2,L,L,O,0"
"Feb"",""02,"",2019,recap,Sat,2018,Rockets,Jazz,away,125-98,0&0,7.0,223.0,27,34.0,0.0,17.0,-17.0,W,W,P,""0"
"Feb"",""04,"",2019,recap,Mon,2018,Rockets,Suns,away,118-110,1&1,-8.5,228.0,8,-0.5,0.0,-0.2,0.2,W,L,P,""0"
"Feb"",""06,"",2019,recap,Wed,2018,Rockets,Kings,away,127-101,1&1,-4.0,233.5,26,22.0,-5.5,8.2,-13.8,W,W,U,""0"
"Feb"",""09,"",2019,recap,Sat,2018,Rockets,Thunder,home,112-117,2&1,-1.5,235.5,-5,-6.5,-6.5,-6.5,0.0,L,L,U,""0"
"Feb"",""11,"",2019,recap,Mon,2018,Rockets,Mavericks,home,120-104,1&0,-10.5,223.0,16,5.5,1.0,3.2,-2.2,W,W,O,""0"
"Feb"",""13,"",2019,recap,Wed,2018,Rockets,Timberwolves,away,111-121,1&1,-3.0,232.0,-10,-13.0,0.0,-6.5,6.5,L,L,P,""0"
"Feb"",""21,"",2019,recap,Thu,2018,Rockets,Lakers,away,106-111,7&8,-1.0,232.5,-5,-6.0,-15.5,-10.8,-4.8,L,L,U,""0"
"Feb"",""23,"",2019,recap,Sat,2018,Rockets,Warriors,away,118-112,1&1,10.0,233.5,6,16.0,-3.5,6.2,-9.8,W,W,U,""0"
"Feb"",""25,"",2019,recap,Mon,2018,Rockets,Hawks,home,119-111,1&1,-10.5,232.0,8,-2.5,-2.0,-2.2,0.2,W,L,U,""0"
"Feb"",""27,"",2019,recap,Wed,2018,Rockets,Hornets,away,118-113,1&1,-4.5,227.5,5,0.5,3.5,2.0,1.5,W,W,O,""0"
"Feb"",""28,"",2019,recap,Thu,2018,Rockets,Heat,home,121-118,0&0,-9.5,220.5,3,-6.5,18.5,6.0,12.5,W,L,O,""0"
"Mar"",""03,"",2019,recap,Sun,2018,Rockets,Celtics,away,115-104,2&1,2.0,225.5,11,13.0,-6.5,3.2,-9.8,W,W,U,""0"
"Mar"",""05,"",2019,recap,Tue,2018,Rockets,Raptors,away,107-95,1&1,3.0,228.0,12,15.0,-26.0,-5.5,-20.5,W,W,U,""0"
"Mar"",""08,"",2019,recap,Fri,2018,Rockets,Seventysixers,home,107-91,2&1,-8.5,230.5,16,7.5,-32.5,-12.5,-20.0,W,W,U,""0"
"Mar"",""10,"",2019,recap,Sun,2018,Rockets,Mavericks,away,94-93,1&1,-8.0,222.0,1,-7.0,-35.0,-21.0,-14.0,W,L,U,""0"
"Mar"",""11,"",2019,recap,Mon,2018,Rockets,Hornets,home,118-106,0&1,-9.5,224.0,12,2.5,0.0,1.2,-1.2,W,W,P,""0"
"Mar"",""13,"",2019,recap,Wed,2018,Rockets,Warriors,home,104-106,1&2,-3.5,228.0,-2,-5.5,-18.0,-11.8,-6.2,L,L,U,""0"
"Mar"",""15,"",2019,recap,Fri,2018,Rockets,Suns,home,108-102,1&1,-12.5,222.5,6,-6.5,-12.5,-9.5,-3.0,W,L,U,""0"
"Mar"",""17,"",2019,recap,Sun,2018,Rockets,Timberwolves,home,117-102,1&2,-9.5,225.0,15,5.5,-6.0,-0.2,-5.8,W,W,U,""0"
"Mar"",""19,"",2019,recap,Tue,2018,Rockets,Hawks,away,121-105,1&1,-8.0,231.5,16,8.0,-5.5,1.2,-6.8,W,W,U,""0"
"Mar"",""20,"",2019,recap,Wed,2018,Rockets,Grizzlies,away,125-126,0&3,-4.0,217.5,-1,-5.0,33.5,14.2,19.2,L,L,O,""1"
"Mar"",""22,"",2019,recap,Fri,2018,Rockets,Spurs,home,111-105,1&1,-6.0,220.0,6,0.0,-4.0,-2.0,-2.0,W,P,U,""0"
"Mar"",""24,"",2019,recap,Sun,2018,Rockets,Pelicans,away,113-90,1&3,-10.0,227.0,23,13.0,-24.0,-5.5,-18.5,W,W,U,""0"
"Mar"",""26,"",2019,recap,Tue,2018,Rockets,Bucks,away,94-108,1&1,4.0,224.0,-14,-10.0,-22.0,-16.0,-6.0,L,L,U,""0"
"Mar"",""28,"",2019,recap,Thu,2018,Rockets,Nuggets,home,112-85,1&1,-6.0,216.5,27,21.0,-19.5,0.8,-20.2,W,W,U,""0"
"Mar"",""30,"",2019,recap,Sat,2018,Rockets,Kings,home,119-108,1&1,-10.0,227.5,11,1.0,-0.5,0.2,-0.8,W,W,U,""0"
"Apr"",""02,"",2019,recap,Tue,2018,Rockets,Kings,away,130-105,2&1,-5.5,226.5,25,19.5,8.5,14.0,-5.5,W,W,O,""0"
"Apr"",""03,"",2019,recap,Wed,2018,Rockets,Clippers,away,135-103,0&2,-1.5,229.0,32,30.5,9.0,19.8,-10.8,W,W,O,""0"
"Apr"",""05,"",2019,recap,Fri,2018,Rockets,Knicks,home,120-96,1&1,-18.0,216.0,24,6.0,0.0,3.0,-3.0,W,W,P,""0"
"Apr"",""07,"",2019,recap,Sun,2018,Rockets,Suns,home,149-113,1&1,-18.5,224.5,36,17.5,37.5,27.5,10.0,W,W,O,""0"
"Apr"",""09,"",2019,recap,Tue,2018,Rockets,Thunder,away,111-112,1&1,-1.5,228.0,-1,-2.5,-5.0,-3.8,-1.2,L,L,U,""0"
"Oct"",""24,"",2019,recap,Thu,2019,Rockets,Bucks,home,111-117,&,-1.5,230.0,-6,-7.5,-2.0,-4.8,2.8,L,L,U,""0"
"Oct"",""26,"",2019,recap,Sat,2019,Rockets,Pelicans,home,126-123,1&0,-10.5,239.0,3,-7.5,10.0,1.2,8.8,W,L,O,""0"
"Oct"",""28,"",2019,recap,Mon,2019,Rockets,Thunder,home,116-112,1&0,-10.0,227.5,4,-6.0,0.5,-2.8,3.2,W,L,O,""0"
"Oct"",""30,"",2019,recap,Wed,2019,Rockets,Wizards,away,159-158,1&3,-8.0,234.0,1,-7.0,83.0,38.0,45.0,W,L,O,0"
"Nov"",""01,"",2019,recap,Fri,2019,Rockets,Nets,away,116-123,1&1,-3.5,240.5,-7,-10.5,-1.5,-6.0,4.5,L,L,U,""0"
"Nov"",""03,"",2019,recap,Sun,2019,Rockets,Heat,away,100-129,1&2,-3.0,233.5,-29,-32.0,-4.5,-18.2,13.8,L,L,U,""0"
"Nov"",""04,"",2019,recap,Mon,2019,Rockets,Grizzlies,away,107-100,0&1,-6.5,229.5,7,0.5,-22.5,-11.0,-11.5,W,W,U,""0"
"Nov"",""06,"",2019,recap,Wed,2019,Rockets,Warriors,home,129-112,1&1,-15.5,233.5,17,1.5,7.5,4.5,3.0,W,W,O,""0"
"Nov"",""09,"",2019,recap,Sat,2019,Rockets,Bulls,away,117-94,2&2,-6.5,234.0,23,16.5,-23.0,-3.2,-19.8,W,W,U,""0"
"Nov"",""11,"",2019,recap,Mon,2019,Rockets,Pelicans,away,122-116,1&1,-6.0,242.5,6,0.0,-4.5,-2.2,-2.2,W,P,U,""0"
"Nov"",""13,"",2019,recap,Wed,2019,Rockets,Clippers,home,102-93,1&1,-3.0,231.5,9,6.0,-36.5,-15.2,-21.2,W,W,U,""0"
"Nov"",""15,"",2019,recap,Fri,2019,Rockets,Pacers,home,111-102,1&2,-6.0,225.0,9,3.0,-12.0,-4.5,-7.5,W,W,U,""0"
"Nov"",""16,"",2019,recap,Sat,2019,Rockets,Timberwolves,away,125-105,0&0,1.5,231.5,20,21.5,-1.5,10.0,-11.5,W,W,U,0"
"Nov"",""18,"",2019,recap,Mon,2019,Rockets,Trailblazers,home,132-108,1&1,-7.5,231.5,24,16.5,8.5,12.5,-4.0,W,W,O,""0"
"Nov"",""20,"",2019,recap,Wed,2019,Rockets,Nuggets,away,95-105,1&2,2.0,221.5,-10,-8.0,-21.5,-14.8,-6.8,L,L,U,""0"
"Nov"",""22,"",2019,recap,Fri,2019,Rockets,Clippers,away,119-122,1&1,4.5,228.0,-3,1.5,13.0,7.2,5.8,L,W,O,""0"
"Nov"",""24,"",2019,recap,Sun,2019,Rockets,Mavericks,home,123-137,1&1,-5.5,232.0,-14,-19.5,28.0,4.2,23.8,L,L,O,""0"
"Nov"",""27,"",2019,recap,Wed,2019,Rockets,Heat,home,117-108,2&1,-8.0,226.0,9,1.0,-1.0,0.0,-1.0,W,W,U,""0"
"Nov"",""30,"",2019,recap,Sat,2019,Rockets,Hawks,home,158-111,2&0,-14.0,238.0,47,33.0,31.0,32.0,-1.0,W,W,O,""0"
"Dec"",""03,"",2019,recap,Tue,2019,Rockets,Spurs,away,133-135,2&1,-6.0,234.0,-2,-8.0,34.0,13.0,21.0,L,L,O,""2"
"Dec"",""05,"",2019,recap,Thu,2019,Rockets,Raptors,away,119-109,1&1,1.5,230.5,10,11.5,-2.5,4.5,-7.0,W,W,U,""0"
"Dec"",""07,"",2019,recap,Sat,2019,Rockets,Suns,home,115-109,1&1,-10.5,241.0,6,-4.5,-17.0,-10.8,-6.2,W,L,U,""0"
"Dec"",""09,"",2019,recap,Mon,2019,Rockets,Kings,home,118-119,1&0,-12.0,227.5,-1,-13.0,9.5,-1.8,11.2,L,L,O,""0"
"Dec"",""11,"",2019,recap,Wed,2019,Rockets,Cavaliers,away,116-110,1&1,-11.0,228.5,6,-5.0,-2.5,-3.8,1.2,W,L,U,""0"
"Dec"",""13,"",2019,recap,Fri,2019,Rockets,Magic,away,130-107,1&1,-6.5,222.0,23,16.5,15.0,15.8,-0.8,W,W,O,""0"
"Dec"",""14,"",2019,recap,Sat,2019,Rockets,Pistons,home,107-115,0&1,-6.0,225.5,-8,-14.0,-3.5,-8.8,5.2,L,L,U,""0"
"Dec"",""16,"",2019,recap,Mon,2019,Rockets,Spurs,home,109-107,1&1,-9.5,231.5,2,-7.5,-15.5,-11.5,-4.0,W,L,U,""0"
"Dec"",""19,"",2019,recap,Thu,2019,Rockets,Clippers,away,122-117,2&1,5.5,234.5,5,10.5,4.5,7.5,-3.0,W,W,O,""0"
"Dec"",""21,"",2019,recap,Sat,2019,Rockets,Suns,away,139-125,1&0,-6.5,236.0,14,7.5,28.0,17.8,10.2,W,W,O,""0"
"Dec"",""23,"",2019,recap,Mon,2019,Rockets,Kings,away,113-104,1&1,-6.0,228.5,9,3.0,-11.5,-4.2,-7.2,W,W,U,""0"
"Dec"",""25,"",2019,recap,Wed,2019,Rockets,Warriors,away,104-116,1&1,-11.0,227.0,-12,-23.0,-7.0,-15.0,8.0,L,L,U,0"
"Dec"",""28,"",2019,recap,Sat,2019,Rockets,Nets,home,108-98,2&1,-9.5,232.5,10,0.5,-26.5,-13.0,-13.5,W,W,U,""0"
