"Jan"",""02,"",2015,recap,Fri,2014,Magic,Nets,home,98-100,2&2,2.0,194.0,-2,0.0,4.0,2.0,2.0,L,P,O,""0"
"Jan"",""03,"",2015,recap,Sat,2014,Magic,Hornets,home,90-98,0&0,-4.0,188.0,-8,-12.0,0.0,-6.0,6.0,L,L,P,""0"
"Jan"",""07,"",2015,recap,Wed,2014,Magic,Nuggets,away,90-93,3&1,7.5,200.5,-3,4.5,-17.5,-6.5,-11.0,L,W,U,""0"
"Jan"",""09,"",2015,recap,Fri,2014,Magic,Lakers,away,84-101,1&1,3.0,199.0,-17,-14.0,-14.0,-14.0,0.0,L,L,U,""0"
"Jan"",""10,"",2015,recap,Sat,2014,Magic,Trailblazers,away,92-103,0&1,13.0,195.0,-11,2.0,0.0,1.0,-1.0,L,W,P,0"
"Jan"",""12,"",2015,recap,Mon,2014,Magic,Bulls,away,121-114,1&1,11.0,191.0,7,18.0,44.0,31.0,13.0,W,W,O,""0"
"Jan"",""14,"",2015,recap,Wed,2014,Magic,Rockets,home,120-113,1&1,8.5,200.0,7,15.5,33.0,24.2,8.8,W,W,O,""0"
"Jan"",""16,"",2015,recap,Fri,2014,Magic,Grizzlies,home,96-106,1&1,6.0,196.0,-10,-4.0,6.0,1.0,5.0,L,L,O,""0"
"Jan"",""18,"",2015,recap,Sun,2014,Magic,Thunder,home,99-127,1&1,9.5,212.5,-28,-18.5,13.5,-2.5,16.0,L,L,O,""0"
"Jan"",""21,"",2015,recap,Wed,2014,Magic,Pistons,away,118-128,2&1,8.5,208.0,-10,-1.5,38.0,18.2,19.8,L,L,O,""0"
"Jan"",""23,"",2015,recap,Fri,2014,Magic,Knicks,away,106-113,1&1,-2.0,206.5,-7,-9.0,12.5,1.8,10.8,L,L,O,""0"
"Jan"",""25,"",2015,recap,Sun,2014,Magic,Pacers,home,99-106,1&1,2.0,205.5,-7,-5.0,-0.5,-2.8,2.2,L,L,U,""0"
"Jan"",""26,"",2015,recap,Mon,2014,Magic,Grizzlies,away,94-103,0&1,12.0,205.0,-9,3.0,-8.0,-2.5,-5.5,L,W,U,""0"
"Jan"",""29,"",2015,recap,Thu,2014,Magic,Bucks,home,100-115,2&1,4.5,205.5,-15,-10.5,9.5,-0.5,10.0,L,L,O,""0"
"Jan"",""31,"",2015,recap,Sat,2014,Magic,Mavericks,home,93-108,1&0,8.0,209.0,-15,-7.0,-8.0,-7.5,-0.5,L,L,U,""0"
"Feb"",""02,"",2015,recap,Mon,2014,Magic,Thunder,away,97-104,1&1,11.0,207.0,-7,4.0,-6.0,-1.0,-5.0,L,W,U,""0"
"Feb"",""04,"",2015,recap,Wed,2014,Magic,Spurs,away,103-110,1&3,13.0,203.0,-7,6.0,10.0,8.0,2.0,L,W,O,""0"
"Feb"",""06,"",2015,recap,Fri,2014,Magic,Lakers,home,103-97,1&1,-4.0,200.5,6,2.0,-0.5,0.8,-1.2,W,W,U,""1"
"Feb"",""08,"",2015,recap,Sun,2014,Magic,Bulls,home,97-98,1&0,6.0,198.0,-1,5.0,-3.0,1.0,-4.0,L,W,U,""0"
"Feb"",""09,"",2015,recap,Mon,2014,Magic,Wizards,away,80-96,0&1,10.0,194.5,-16,-6.0,-18.5,-12.2,-6.2,L,L,U,0"
"Feb"",""11,"",2015,recap,Wed,2014,Magic,Knicks,home,89-83,1&1,-5.5,187.5,6,0.5,-15.5,-7.5,-8.0,W,W,U,""0"
"Feb"",""20,"",2015,recap,Fri,2014,Magic,Pelicans,home,95-84,8&8,4.5,193.0,11,15.5,-14.0,0.8,-14.8,W,W,U,""0"
"Feb"",""22,"",2015,recap,Sun,2014,Magic,Seventysixers,home,103-98,1&1,-9.0,188.5,5,-4.0,12.5,4.2,8.2,W,L,O,""0"
"Feb"",""25,"",2015,recap,Wed,2014,Magic,Heat,home,90-93,2&1,3.0,198.0,-3,0.0,-15.0,-7.5,-7.5,L,P,U,""1"
"Feb"",""27,"",2015,recap,Fri,2014,Magic,Hawks,away,88-95,1&1,11.0,195.5,-7,4.0,-12.5,-4.2,-8.2,L,W,U,""0"
"Mar"",""01,"",2015,recap,Sun,2014,Magic,Hornets,home,83-98,1&1,1.5,185.5,-15,-13.5,-4.5,-9.0,4.5,L,L,U,""0"
"Mar"",""04,"",2015,recap,Wed,2014,Magic,Suns,home,100-105,2&1,4.5,201.5,-5,-0.5,3.5,1.5,2.0,L,L,O,""0"
"Mar"",""06,"",2015,recap,Fri,2014,Magic,Kings,home,119-114,1&1,1.5,203.0,5,6.5,30.0,18.2,11.8,W,W,O,""0"
"Mar"",""08,"",2015,recap,Sun,2014,Magic,Celtics,home,103-98,1&1,1.5,198.0,5,6.5,3.0,4.8,-1.8,W,W,O,""0"
"Mar"",""10,"",2015,recap,Tue,2014,Magic,Pacers,away,86-118,1&2,9.0,188.5,-32,-23.0,15.5,-3.8,19.2,L,L,O,""0"
"Mar"",""11,"",2015,recap,Wed,2014,Magic,Bucks,away,91-97,0&1,7.5,190.0,-6,1.5,-2.0,-0.2,-1.8,L,W,U,""0"
"Mar"",""13,"",2015,recap,Fri,2014,Magic,Celtics,away,88-95,1&1,5.5,194.0,-7,-1.5,-11.0,-6.2,-4.8,L,L,U,""0"
"Mar"",""15,"",2015,recap,Sun,2014,Magic,Cavaliers,home,108-123,1&2,10.5,201.0,-15,-4.5,30.0,12.8,17.2,L,L,O,""0"
"Mar"",""17,"",2015,recap,Tue,2014,Magic,Rockets,away,94-107,1&1,11.5,205.0,-13,-1.5,-4.0,-2.8,-1.2,L,L,U,0"
"Mar"",""18,"",2015,recap,Wed,2014,Magic,Mavericks,away,102-107,0&1,12.0,204.5,-5,7.0,4.5,5.8,-1.2,L,W,O,""0"
"Mar"",""20,"",2015,recap,Fri,2014,Magic,Trailblazers,home,111-104,1&1,7.5,200.0,7,14.5,15.0,14.8,0.2,W,W,O,""0"
"Mar"",""22,"",2015,recap,Sun,2014,Magic,Nuggets,home,100-119,1&1,0.0,207.0,-19,-19.0,12.0,-3.5,15.5,L,L,O,""0"
"Mar"",""25,"",2015,recap,Wed,2014,Magic,Hawks,home,83-95,2&2,9.0,200.0,-12,-3.0,-22.0,-12.5,-9.5,L,L,U,""0"
"Mar"",""27,"",2015,recap,Fri,2014,Magic,Pistons,home,97-111,1&2,2.0,197.5,-14,-12.0,10.5,-0.8,11.2,L,L,O,""0"
"Apr"",""01,"",2015,recap,Wed,2014,Magic,Spurs,home,91-103,4&0,9.5,198.0,-12,-2.5,-4.0,-3.2,-0.8,L,L,U,""0"
"Apr"",""03,"",2015,recap,Fri,2014,Magic,Timberwolves,away,97-84,1&1,-4.5,205.0,13,8.5,-24.0,-7.8,-16.2,W,W,U,""0"
"Apr"",""04,"",2015,recap,Sat,2014,Magic,Bucks,away,97-90,0&0,8.0,194.0,7,15.0,-7.0,4.0,-11.0,W,W,U,""0"
"Apr"",""08,"",2015,recap,Wed,2014,Magic,Bulls,home,105-103,3&2,7.0,192.5,2,9.0,15.5,12.2,3.2,W,W,O,""0"
"Apr"",""10,"",2015,recap,Fri,2014,Magic,Raptors,home,99-101,1&1,5.0,202.5,-2,3.0,-2.5,0.2,-2.8,L,W,U,""0"
"Apr"",""11,"",2015,recap,Sat,2014,Magic,Knicks,home,79-80,0&0,-10.0,195.0,-1,-11.0,-36.0,-23.5,-12.5,L,L,U,""0"
"Apr"",""13,"",2015,recap,Mon,2014,Magic,Heat,away,93-100,1&1,7.0,196.5,-7,0.0,-3.5,-1.8,-1.8,L,P,U,""0"
"Apr"",""15,"",2015,recap,Wed,2014,Magic,Nets,away,88-101,1&1,9.0,203.0,-13,-4.0,-14.0,-9.0,-5.0,L,L,U,""0"
"Oct"",""28,"",2015,recap,Wed,2015,Magic,Wizards,home,87-88,&,4.0,203.5,-1,3.0,-28.5,-12.8,-15.8,L,W,U,""0"
"Oct"",""30,"",2015,recap,Fri,2015,Magic,Thunder,home,136-139,1&1,7.5,207.0,-3,4.5,68.0,36.2,31.8,L,W,O,""2"
"Nov"",""01,"",2015,recap,Sun,2015,Magic,Bulls,away,87-92,1&1,7.5,199.0,-5,2.5,-20.0,-8.8,-11.2,L,W,U,""0"
"Nov"",""03,"",2015,recap,Tue,2015,Magic,Pelicans,away,103-94,1&2,4.0,204.5,9,13.0,-7.5,2.8,-10.2,W,W,U,""0"
"Nov"",""04,"",2015,recap,Wed,2015,Magic,Rockets,away,114-119,0&1,8.5,207.5,-5,3.5,25.5,14.5,11.0,L,W,O,""1"
"Nov"",""06,"",2015,recap,Fri,2015,Magic,Raptors,home,92-87,1&1,5.5,197.0,5,10.5,-18.0,-3.8,-14.2,W,W,U,""0"
"Nov"",""07,"",2015,recap,Sat,2015,Magic,Seventysixers,away,105-97,0&0,-4.0,192.0,8,4.0,10.0,7.0,3.0,W,W,O,""0"
"Nov"",""09,"",2015,recap,Mon,2015,Magic,Pacers,away,84-97,1&0,4.5,195.0,-13,-8.5,-14.0,-11.2,-2.8,L,L,U,""0"
"Nov"",""11,"",2015,recap,Wed,2015,Magic,Lakers,home,101-99,1&0,-8.0,200.5,2,-6.0,-0.5,-3.2,2.8,W,L,U,""0"
"Nov"",""13,"",2015,recap,Fri,2015,Magic,Jazz,home,102-93,1&0,1.0,187.5,9,10.0,7.5,8.8,-1.2,W,W,O,""0"
"Nov"",""14,"",2015,recap,Sat,2015,Magic,Wizards,away,99-108,0&3,6.0,204.5,-9,-3.0,2.5,-0.2,2.8,L,L,O,0"
"Nov"",""18,"",2015,recap,Wed,2015,Magic,Timberwolves,home,104-101,3&0,-4.0,204.0,3,-1.0,1.0,0.0,1.0,W,L,O,""1"
"Nov"",""21,"",2015,recap,Sat,2015,Magic,Kings,home,91-97,2&1,-3.0,207.0,-6,-9.0,-19.0,-14.0,-5.0,L,L,U,""0"
"Nov"",""23,"",2015,recap,Mon,2015,Magic,Cavaliers,away,103-117,1&1,9.0,199.0,-14,-5.0,21.0,8.0,13.0,L,L,O,""0"
"Nov"",""25,"",2015,recap,Wed,2015,Magic,Knicks,home,100-91,1&1,-1.5,195.0,9,7.5,-4.0,1.8,-5.8,W,W,U,""0"
"Nov"",""27,"",2015,recap,Fri,2015,Magic,Bucks,home,114-90,1&1,-3.5,199.5,24,20.5,4.5,12.5,-8.0,W,W,O,""0"
"Nov"",""29,"",2015,recap,Sun,2015,Magic,Celtics,home,110-91,1&1,1.5,202.0,19,20.5,-1.0,9.8,-10.8,W,W,U,""0"
"Dec"",""01,"",2015,recap,Tue,2015,Magic,Timberwolves,away,96-93,1&1,1.5,202.0,3,4.5,-13.0,-4.2,-8.8,W,W,U,""0"
"Dec"",""03,"",2015,recap,Thu,2015,Magic,Jazz,away,103-94,1&2,4.0,192.0,9,13.0,5.0,9.0,-4.0,W,W,O,""0"
"Dec"",""05,"",2015,recap,Sat,2015,Magic,Clippers,away,101-103,1&2,2.5,196.5,-2,0.5,7.5,4.0,3.5,L,W,O,""0"
"Dec"",""08,"",2015,recap,Tue,2015,Magic,Nuggets,away,85-74,2&2,-2.5,198.5,11,8.5,-39.5,-15.5,-24.0,W,W,U,""0"
"Dec"",""09,"",2015,recap,Wed,2015,Magic,Suns,away,104-107,0&1,4.5,206.5,-3,1.5,4.5,3.0,1.5,L,W,O,""0"
"Dec"",""11,"",2015,recap,Fri,2015,Magic,Cavaliers,home,76-111,1&2,3.0,197.0,-35,-32.0,-10.0,-21.0,11.0,L,L,U,""0"
"Dec"",""14,"",2015,recap,Mon,2015,Magic,Nets,away,105-82,2&1,-3.5,198.0,23,19.5,-11.0,4.2,-15.2,W,W,U,""0"
"Dec"",""16,"",2015,recap,Wed,2015,Magic,Hornets,home,113-98,1&3,-1.5,198.0,15,13.5,13.0,13.2,-0.2,W,W,O,""0"
"Dec"",""18,"",2015,recap,Fri,2015,Magic,Trailblazers,home,102-94,1&1,-4.5,202.0,8,3.5,-6.0,-1.2,-4.8,W,W,U,""0"
"Dec"",""20,"",2015,recap,Sun,2015,Magic,Hawks,home,100-103,1&1,1.0,201.5,-3,-2.0,1.5,-0.2,1.8,L,L,O,""0"
"Dec"",""21,"",2015,recap,Mon,2015,Magic,Knicks,away,107-99,0&1,2.0,197.0,8,10.0,9.0,9.5,-0.5,W,W,O,""0"
"Dec"",""23,"",2015,recap,Wed,2015,Magic,Rockets,home,104-101,1&1,-1.0,207.0,3,2.0,-2.0,0.0,-2.0,W,W,U,""0"
"Dec"",""26,"",2015,recap,Sat,2015,Magic,Heat,home,101-108,2&0,-4.5,192.5,-7,-11.5,16.5,2.5,14.0,L,L,O,""0"
"Dec"",""28,"",2015,recap,Mon,2015,Magic,Pelicans,home,104-89,1&1,-5.0,204.5,15,10.0,-11.5,-0.8,-10.8,W,W,U,""0"
"Dec"",""30,"",2015,recap,Wed,2015,Magic,Nets,home,100-93,1&1,-7.5,199.0,7,-0.5,-6.0,-3.2,-2.8,W,L,U,""0"
"Jan"",""01,"",2016,recap,Fri,2015,Magic,Wizards,away,91-103,1&1,2.0,203.0,-12,-10.0,-9.0,-9.5,0.5,L,L,U,0"
"Jan"",""02,"",2016,recap,Sat,2015,Magic,Cavaliers,away,79-104,0&3,8.5,192.5,-25,-16.5,-9.5,-13.0,3.5,L,L,U,""0"
"Jan"",""04,"",2016,recap,Mon,2015,Magic,Pistons,away,89-115,1&1,4.5,198.0,-26,-21.5,6.0,-7.8,13.8,L,L,O,""0"
"Jan"",""06,"",2016,recap,Wed,2015,Magic,Pacers,home,86-95,1&1,3.0,198.5,-9,-6.0,-17.5,-11.8,-5.8,L,L,U,""0"
"Jan"",""08,"",2016,recap,Fri,2015,Magic,Nets,away,83-77,1&1,-4.5,192.0,6,1.5,-32.0,-15.2,-16.8,W,W,U,""0"
"Jan"",""09,"",2016,recap,Sat,2015,Magic,Wizards,home,99-105,0&0,-3.0,199.0,-6,-9.0,5.0,-2.0,7.0,L,L,O,""0"
"Jan"",""14,"",2016,recap,Thu,2015,Magic,Raptors,home,103-106,4&4,4.5,193.5,-3,1.5,15.5,8.5,7.0,L,W,O,""1"
"Jan"",""18,"",2016,recap,Mon,2015,Magic,Hawks,away,81-98,3&1,8.0,201.0,-17,-9.0,-22.0,-15.5,-6.5,L,L,U,""0"
"Jan"",""20,"",2016,recap,Wed,2015,Magic,Seventysixers,home,87-96,1&1,-7.0,196.0,-9,-16.0,-13.0,-14.5,1.5,L,L,U,""0"
"Jan"",""22,"",2016,recap,Fri,2015,Magic,Hornets,home,116-120,1&1,-4.0,196.0,-4,-8.0,40.0,16.0,24.0,L,L,O,""1"
"Jan"",""25,"",2016,recap,Mon,2015,Magic,Grizzlies,away,102-108,2&1,5.5,191.0,-6,-0.5,19.0,9.2,9.8,L,L,O,""1"
"Jan"",""26,"",2016,recap,Tue,2015,Magic,Bucks,away,100-107,0&2,5.0,197.0,-7,-2.0,10.0,4.0,6.0,L,L,O,""0"
"Jan"",""29,"",2016,recap,Fri,2015,Magic,Celtics,away,94-113,2&1,8.5,205.5,-19,-10.5,1.5,-4.5,6.0,L,L,O,""0"
"Jan"",""31,"",2016,recap,Sun,2015,Magic,Celtics,home,119-114,1&1,4.0,204.5,5,9.0,28.5,18.8,9.8,W,W,O,""0"
"Feb"",""01,"",2016,recap,Mon,2015,Magic,Spurs,away,92-107,0&1,16.0,203.0,-15,1.0,-4.0,-1.5,-2.5,L,W,U,""0"
"Feb"",""03,"",2016,recap,Wed,2015,Magic,Thunder,away,114-117,1&1,11.5,212.0,-3,8.5,19.0,13.8,5.2,L,W,O,""0"
"Feb"",""05,"",2016,recap,Fri,2015,Magic,Clippers,home,93-107,1&1,4.0,206.5,-14,-10.0,-6.5,-8.2,1.8,L,L,U,""0"
"Feb"",""07,"",2016,recap,Sun,2015,Magic,Hawks,home,96-94,1&1,3.0,201.5,2,5.0,-11.5,-3.2,-8.2,W,W,U,""0"
"Feb"",""08,"",2016,recap,Mon,2015,Magic,Hawks,away,117-110,0&0,8.0,203.0,7,15.0,24.0,19.5,4.5,W,W,O,""1"
"Feb"",""10,"",2016,recap,Wed,2015,Magic,Spurs,home,96-98,1&0,8.0,202.5,-2,6.0,-8.5,-1.2,-7.2,L,W,U,""0"
"Feb"",""19,"",2016,recap,Fri,2015,Magic,Mavericks,home,110-104,8&9,-1.5,202.5,6,4.5,11.5,8.0,3.5,W,W,O,""1"
"Feb"",""21,"",2016,recap,Sun,2015,Magic,Pacers,home,102-105,1&1,1.0,202.5,-3,-2.0,4.5,1.2,3.2,L,L,O,""0"
"Feb"",""23,"",2016,recap,Tue,2015,Magic,Seventysixers,away,124-115,1&1,-5.5,208.0,9,3.5,31.0,17.2,13.8,W,W,O,""0"
"Feb"",""25,"",2016,recap,Thu,2015,Magic,Warriors,home,114-130,1&0,8.5,223.5,-16,-7.5,20.5,6.5,14.0,L,L,O,""0"
"Feb"",""26,"",2016,recap,Fri,2015,Magic,Knicks,away,95-108,0&1,2.5,208.0,-13,-10.5,-5.0,-7.8,2.8,L,L,U,""0"
"Feb"",""28,"",2016,recap,Sun,2015,Magic,Seventysixers,home,130-116,1&1,-10.0,214.0,14,4.0,32.0,18.0,14.0,W,W,O,""0"
"Mar"",""01,"",2016,recap,Tue,2015,Magic,Mavericks,away,108-121,1&1,5.5,214.0,-13,-7.5,15.0,3.8,11.2,L,L,O,""0"
"Mar"",""02,"",2016,recap,Wed,2015,Magic,Bulls,home,102-89,0&0,-4.5,213.0,13,8.5,-22.0,-6.8,-15.2,W,W,U,""0"
"Mar"",""04,"",2016,recap,Fri,2015,Magic,Suns,home,84-102,1&0,-12.5,214.5,-18,-30.5,-28.5,-29.5,1.0,L,L,U,""0"
"Mar"",""07,"",2016,recap,Mon,2015,Magic,Warriors,away,113-119,2&0,14.0,225.5,-6,8.0,6.5,7.2,-0.8,L,W,O,0"
"Mar"",""08,"",2016,recap,Tue,2015,Magic,Lakers,away,98-107,0&1,-3.0,212.5,-9,-12.0,-7.5,-9.8,2.2,L,L,U,""0"
"Mar"",""11,"",2016,recap,Fri,2015,Magic,Kings,away,107-100,2&1,1.0,218.0,7,8.0,-11.0,-1.5,-9.5,W,W,U,""0"
"Mar"",""12,"",2016,recap,Sat,2015,Magic,Trailblazers,away,84-121,0&0,8.0,215.0,-37,-29.0,-10.0,-19.5,9.5,L,L,U,""0"
"Mar"",""15,"",2016,recap,Tue,2015,Magic,Nuggets,home,116-110,2&0,-3.5,214.5,6,2.5,11.5,7.0,4.5,W,W,O,""0"
"Mar"",""16,"",2016,recap,Wed,2015,Magic,Hornets,away,99-107,0&1,9.5,211.0,-8,1.5,-5.0,-1.8,-3.2,L,W,U,""0"
"Mar"",""18,"",2016,recap,Fri,2015,Magic,Cavaliers,home,103-109,1&1,9.0,211.0,-6,3.0,1.0,2.0,-1.0,L,W,O,""0"
"Mar"",""20,"",2016,recap,Sun,2015,Magic,Raptors,away,100-105,1&1,9.0,209.0,-5,4.0,-4.0,0.0,-4.0,L,W,U,""0"
"Mar"",""21,"",2016,recap,Mon,2015,Magic,Celtics,away,96-107,0&0,8.0,215.5,-11,-3.0,-12.5,-7.8,-4.8,L,L,U,""0"
"Mar"",""23,"",2016,recap,Wed,2015,Magic,Pistons,away,102-118,1&1,6.5,208.0,-16,-9.5,12.0,1.2,10.8,L,L,O,""0"
"Mar"",""25,"",2016,recap,Fri,2015,Magic,Heat,away,97-108,1&1,10.5,208.0,-11,-0.5,-3.0,-1.8,-1.2,L,L,U,""0"
"Mar"",""26,"",2016,recap,Sat,2015,Magic,Bulls,home,111-89,0&1,6.0,208.5,22,28.0,-8.5,9.8,-18.2,W,W,U,""0"
"Mar"",""29,"",2016,recap,Tue,2015,Magic,Nets,home,139-105,2&0,-8.0,213.0,34,26.0,31.0,28.5,2.5,W,W,O,""0"
"Mar"",""31,"",2016,recap,Thu,2015,Magic,Pacers,away,114-94,1&1,6.5,208.0,20,26.5,0.0,13.2,-13.2,W,W,P,""0"
"Apr"",""01,"",2016,recap,Fri,2015,Magic,Bucks,away,110-113,0&1,2.5,208.5,-3,-0.5,14.5,7.0,7.5,L,L,O,""0"
"Apr"",""03,"",2016,recap,Sun,2015,Magic,Grizzlies,home,119-107,1&1,-4.5,206.0,12,7.5,20.0,13.8,6.2,W,W,O,""0"
"Apr"",""06,"",2016,recap,Wed,2015,Magic,Pistons,home,104-108,2&0,-3.0,208.5,-4,-7.0,3.5,-1.8,5.2,L,L,O,""0"
"Apr"",""08,"",2016,recap,Fri,2015,Magic,Heat,home,112-109,1&0,0.0,208.0,3,3.0,13.0,8.0,5.0,W,W,O,""0"
"Apr"",""10,"",2016,recap,Sun,2015,Magic,Heat,away,96-118,1&1,9.5,211.5,-22,-12.5,2.5,-5.0,7.5,L,L,O,""0"
"Apr"",""11,"",2016,recap,Mon,2015,Magic,Bucks,home,107-98,0&0,-3.5,209.5,9,5.5,-4.5,0.5,-5.0,W,W,U,""0"
"Apr"",""13,"",2016,recap,Wed,2015,Magic,Hornets,away,103-117,1&1,9.0,211.0,-14,-5.0,9.0,2.0,7.0,L,L,O,""0"
"Oct"",""26,"",2016,recap,Wed,2016,Magic,Heat,home,96-108,&,-2.5,200.0,-12,-14.5,4.0,-5.2,9.2,L,L,O,""0"
"Oct"",""28,"",2016,recap,Fri,2016,Magic,Pistons,away,82-108,1&1,4.0,196.0,-26,-22.0,-6.0,-14.0,8.0,L,L,U,""0"
"Oct"",""29,"",2016,recap,Sat,2016,Magic,Cavaliers,away,99-105,0&0,11.0,204.5,-6,5.0,-0.5,2.2,-2.8,L,W,U,""0"
"Nov"",""01,"",2016,recap,Tue,2016,Magic,Seventysixers,away,103-101,2&2,-5.0,198.5,2,-3.0,5.5,1.2,4.2,W,L,O,""0"
"Nov"",""03,"",2016,recap,Thu,2016,Magic,Kings,home,102-94,1&1,0.0,198.0,8,8.0,-2.0,3.0,-5.0,W,W,U,""0"
"Nov"",""05,"",2016,recap,Sat,2016,Magic,Wizards,home,88-86,1&0,-5.5,201.0,2,-3.5,-27.0,-15.2,-11.8,W,L,U,""0"
"Nov"",""07,"",2016,recap,Mon,2016,Magic,Bulls,away,80-112,1&1,7.0,200.0,-32,-25.0,-8.0,-16.5,8.5,L,L,U,""0"
"Nov"",""09,"",2016,recap,Wed,2016,Magic,Timberwolves,home,107-123,1&0,-2.5,202.5,-16,-18.5,27.5,4.5,23.0,L,L,O,""0"
"Nov"",""11,"",2016,recap,Fri,2016,Magic,Jazz,home,74-87,1&1,5.5,189.5,-13,-7.5,-28.5,-18.0,-10.5,L,L,U,""0"
"Nov"",""13,"",2016,recap,Sun,2016,Magic,Thunder,away,119-117,1&1,9.0,204.0,2,11.0,32.0,21.5,10.5,W,W,O,""0"
"Nov"",""14,"",2016,recap,Mon,2016,Magic,Pacers,away,69-88,0&1,7.5,206.0,-19,-11.5,-49.0,-30.2,-18.8,L,L,U,""0"
"Nov"",""16,"",2016,recap,Wed,2016,Magic,Pelicans,home,89-82,1&1,-6.0,200.0,7,1.0,-29.0,-14.0,-15.0,W,W,U,""0"
"Nov"",""19,"",2016,recap,Sat,2016,Magic,Mavericks,home,95-87,2&0,-8.0,180.0,8,0.0,2.0,1.0,1.0,W,P,O,""0"
"Nov"",""21,"",2016,recap,Mon,2016,Magic,Bucks,away,89-93,1&1,6.0,202.0,-4,2.0,-20.0,-9.0,-11.0,L,W,U,""0"
"Nov"",""23,"",2016,recap,Wed,2016,Magic,Suns,home,87-92,1&1,-4.0,208.0,-5,-9.0,-29.0,-19.0,-10.0,L,L,U,""0"
"Nov"",""25,"",2016,recap,Fri,2016,Magic,Wizards,home,91-94,1&3,2.0,199.0,-3,-1.0,-14.0,-7.5,-6.5,L,L,U,""0"
"Nov"",""27,"",2016,recap,Sun,2016,Magic,Bucks,home,96-104,1&1,-1.0,196.5,-8,-9.0,3.5,-2.8,6.2,L,L,O,""0"
"Nov"",""29,"",2016,recap,Tue,2016,Magic,Spurs,away,95-83,1&2,12.0,194.5,12,24.0,-16.5,3.8,-20.2,W,W,U,0"
"Dec"",""01,"",2016,recap,Thu,2016,Magic,Grizzlies,away,94-95,1&0,-2.0,188.5,-1,-3.0,0.5,-1.2,1.8,L,L,O,""0"
"Dec"",""02,"",2016,recap,Fri,2016,Magic,Seventysixers,away,105-88,0&3,1.0,197.0,17,18.0,-4.0,7.0,-11.0,W,W,U,""0"
"Dec"",""04,"",2016,recap,Sun,2016,Magic,Pistons,away,98-92,1&1,7.0,194.0,6,13.0,-4.0,4.5,-8.5,W,W,U,""0"
"Dec"",""06,"",2016,recap,Tue,2016,Magic,Wizards,away,124-116,1&0,2.5,200.0,8,10.5,40.0,25.2,14.8,W,W,O,0"
"Dec"",""07,"",2016,recap,Wed,2016,Magic,Celtics,home,87-117,0&1,2.5,199.0,-30,-27.5,5.0,-11.2,16.2,L,L,O,""0"
"Dec"",""09,"",2016,recap,Fri,2016,Magic,Hornets,away,88-109,1&1,7.0,202.0,-21,-14.0,-5.0,-9.5,4.5,L,L,U,""0"
"Dec"",""10,"",2016,recap,Sat,2016,Magic,Nuggets,home,113-121,0&1,3.0,207.0,-8,-5.0,27.0,11.0,16.0,L,L,O,""0"
"Dec"",""13,"",2016,recap,Tue,2016,Magic,Hawks,away,131-120,2&3,7.5,204.0,11,18.5,47.0,32.8,14.2,W,W,O,""0"
"Dec"",""14,"",2016,recap,Wed,2016,Magic,Clippers,home,108-113,0&1,8.5,210.0,-5,3.5,11.0,7.2,3.8,L,W,O,""0"
"Dec"",""16,"",2016,recap,Fri,2016,Magic,Nets,home,118-111,1&1,-7.0,218.5,7,0.0,10.5,5.2,5.2,W,P,O,""0"
"Dec"",""18,"",2016,recap,Sun,2016,Magic,Raptors,home,79-109,1&1,5.0,213.5,-30,-25.0,-25.5,-25.2,-0.2,L,L,U,""0"
"Dec"",""20,"",2016,recap,Tue,2016,Magic,Heat,away,136-130,1&1,3.0,199.0,6,9.0,67.0,38.0,29.0,W,W,O,""2"
"Dec"",""22,"",2016,recap,Thu,2016,Magic,Knicks,away,95-106,1&1,5.0,211.0,-11,-6.0,-10.0,-8.0,-2.0,L,L,U,""0"
"Dec"",""23,"",2016,recap,Fri,2016,Magic,Lakers,home,109-90,0&0,-6.0,210.0,19,13.0,-11.0,1.0,-12.0,W,W,U,""0"
"Dec"",""26,"",2016,recap,Mon,2016,Magic,Grizzlies,home,112-102,2&2,2.0,194.5,10,12.0,19.5,15.8,3.8,W,W,O,""0"
"Dec"",""28,"",2016,recap,Wed,2016,Magic,Hornets,home,101-120,1&1,4.0,205.5,-19,-15.0,15.5,0.2,15.2,L,L,O,""0"
"Jan"",""01,"",2017,recap,Sun,2016,Magic,Pacers,away,104-117,3&1,6.0,209.5,-13,-7.0,11.5,2.2,9.2,L,L,O,""0"
"Jan"",""02,"",2017,recap,Mon,2016,Magic,Knicks,away,115-103,0&1,3.5,208.5,12,15.5,9.5,12.5,-3.0,W,W,O,""0"
"Jan"",""04,"",2017,recap,Wed,2016,Magic,Hawks,home,92-111,1&2,3.0,206.5,-19,-16.0,-3.5,-9.8,6.2,L,L,U,""0"
"Jan"",""06,"",2017,recap,Fri,2016,Magic,Rockets,home,93-100,1&0,5.5,223.5,-7,-1.5,-30.5,-16.0,-14.5,L,L,U,""0"
"Jan"",""08,"",2017,recap,Sun,2016,Magic,Lakers,away,95-111,1&1,2.5,215.0,-16,-13.5,-9.0,-11.2,2.2,L,L,U,""0"
"Jan"",""11,"",2017,recap,Wed,2016,Magic,Clippers,away,96-105,2&2,10.0,208.5,-9,1.0,-7.5,-3.2,-4.2,L,W,U,""0"
"Jan"",""13,"",2017,recap,Fri,2016,Magic,Trailblazers,away,115-109,1&1,7.0,213.0,6,13.0,11.0,12.0,-1.0,W,W,O,0"
"Jan"",""14,"",2017,recap,Sat,2016,Magic,Jazz,away,107-114,0&0,11.0,196.0,-7,4.0,25.0,14.5,10.5,L,W,O,""0"
"Jan"",""16,"",2017,recap,Mon,2016,Magic,Nuggets,away,112-125,1&3,6.0,223.5,-13,-7.0,13.5,3.2,10.2,L,L,O,""0"
"Jan"",""18,"",2017,recap,Wed,2016,Magic,Pelicans,away,98-118,1&1,5.5,211.0,-20,-14.5,5.0,-4.8,9.8,L,L,O,""0"
"Jan"",""20,"",2017,recap,Fri,2016,Magic,Bucks,home,112-96,1&1,2.5,209.5,16,18.5,-1.5,8.5,-10.0,W,W,U,""0"
"Jan"",""22,"",2017,recap,Sun,2016,Magic,Warriors,home,98-118,1&1,14.0,224.5,-20,-6.0,-8.5,-7.2,-1.2,L,L,U,""0"
"Jan"",""24,"",2017,recap,Tue,2016,Magic,Bulls,home,92-100,1&2,3.0,204.5,-8,-5.0,-12.5,-8.8,-3.8,L,L,U,""0"
"Jan"",""27,"",2017,recap,Fri,2016,Magic,Celtics,away,98-128,2&1,8.5,214.5,-30,-21.5,11.5,-5.0,16.5,L,L,O,""0"
"Jan"",""29,"",2017,recap,Sun,2016,Magic,Raptors,away,114-113,1&1,9.5,210.5,1,10.5,16.5,13.5,3.0,W,W,O,""0"
"Jan"",""30,"",2017,recap,Mon,2016,Magic,Timberwolves,away,105-111,0&1,8.0,212.5,-6,2.0,3.5,2.8,0.8,L,W,O,""1"
"Feb"",""01,"",2017,recap,Wed,2016,Magic,Pacers,home,88-98,1&2,2.5,212.0,-10,-7.5,-26.0,-16.8,-9.2,L,L,U,""0"
"Feb"",""03,"",2017,recap,Fri,2016,Magic,Raptors,home,102-94,1&1,4.5,207.5,8,12.5,-11.5,0.5,-12.0,W,W,U,""0"
"Feb"",""04,"",2017,recap,Sat,2016,Magic,Hawks,away,86-113,0&1,7.5,207.5,-27,-19.5,-8.5,-14.0,5.5,L,L,U,""0"
"Feb"",""07,"",2017,recap,Tue,2016,Magic,Rockets,away,104-128,2&3,12.0,224.0,-24,-12.0,8.0,-2.0,10.0,L,L,O,0"
"Feb"",""09,"",2017,recap,Thu,2016,Magic,Seventysixers,home,111-112,1&0,-5.5,210.0,-1,-6.5,13.0,3.2,9.8,L,L,O,""0"
"Feb"",""11,"",2017,recap,Sat,2016,Magic,Mavericks,away,80-112,1&1,6.5,203.5,-32,-25.5,-11.5,-18.5,7.0,L,L,U,""0"
"Feb"",""13,"",2017,recap,Mon,2016,Magic,Heat,away,116-107,1&1,8.5,208.5,9,17.5,14.5,16.0,-1.5,W,W,O,""0"
"Feb"",""15,"",2017,recap,Wed,2016,Magic,Spurs,home,79-107,1&1,10.5,205.0,-28,-17.5,-19.0,-18.2,-0.8,L,L,U,""0"
"Feb"",""23,"",2017,recap,Thu,2016,Magic,Trailblazers,home,103-112,7&7,2.5,216.5,-9,-6.5,-1.5,-4.0,2.5,L,L,U,""0"
"Feb"",""25,"",2017,recap,Sat,2016,Magic,Hawks,home,105-86,1&0,3.5,208.0,19,22.5,-17.0,2.8,-19.8,W,W,U,""0"
"Mar"",""01,"",2017,recap,Wed,2016,Magic,Knicks,home,90-101,3&1,-1.5,215.0,-11,-12.5,-24.0,-18.2,-5.8,L,L,U,""0"
"Mar"",""03,"",2017,recap,Fri,2016,Magic,Heat,home,110-99,1&1,4.0,209.0,11,15.0,0.0,7.5,-7.5,W,W,P,""0"
"Mar"",""05,"",2017,recap,Sun,2016,Magic,Wizards,away,114-115,1&1,11.0,217.5,-1,10.0,11.5,10.8,0.8,L,W,O,0"
"Mar"",""06,"",2017,recap,Mon,2016,Magic,Knicks,home,105-113,0&0,-2.0,210.5,-8,-10.0,7.5,-1.2,8.8,L,L,O,""0"
"Mar"",""08,"",2017,recap,Wed,2016,Magic,Bulls,home,98-91,1&1,0.0,202.5,7,7.0,-13.5,-3.2,-10.2,W,W,U,""0"
"Mar"",""10,"",2017,recap,Fri,2016,Magic,Hornets,away,81-121,1&1,8.0,205.0,-40,-32.0,-3.0,-17.5,14.5,L,L,U,""0"
"Mar"",""11,"",2017,recap,Sat,2016,Magic,Cavaliers,home,104-116,0&1,9.0,215.0,-12,-3.0,5.0,1.0,4.0,L,L,O,""0"
"Mar"",""13,"",2017,recap,Mon,2016,Magic,Kings,away,115-120,1&1,1.0,207.0,-5,-4.0,28.0,12.0,16.0,L,L,O,""0"
"Mar"",""16,"",2017,recap,Thu,2016,Magic,Warriors,away,92-122,2&1,14.5,219.0,-30,-15.5,-5.0,-10.2,5.2,L,L,U,0"
"Mar"",""17,"",2017,recap,Fri,2016,Magic,Suns,away,109-103,0&1,2.0,219.5,6,8.0,-7.5,0.2,-7.8,W,W,U,""0"
"Mar"",""20,"",2017,recap,Mon,2016,Magic,Seventysixers,home,112-109,2&0,-5.5,217.5,3,-2.5,3.5,0.5,3.0,W,L,O,""1"
"Mar"",""22,"",2017,recap,Wed,2016,Magic,Hornets,home,102-109,1&1,5.0,207.0,-7,-2.0,4.0,1.0,3.0,L,L,O,""0"
"Mar"",""24,"",2017,recap,Fri,2016,Magic,Pistons,home,115-87,1&1,2.0,206.5,28,30.0,-4.5,12.8,-17.2,W,W,U,""0"
"Mar"",""27,"",2017,recap,Mon,2016,Magic,Raptors,away,112-131,2&1,9.0,208.5,-19,-10.0,34.5,12.2,22.2,L,L,O,""0"
"Mar"",""29,"",2017,recap,Wed,2016,Magic,Thunder,home,106-114,1&1,6.0,219.5,-8,-2.0,0.5,-0.8,1.2,L,L,O,""1"
"Mar"",""31,"",2017,recap,Fri,2016,Magic,Celtics,away,116-117,1&1,10.0,217.5,-1,9.0,15.5,12.2,3.2,L,W,O,""0"
"Apr"",""01,"",2017,recap,Sat,2016,Magic,Nets,away,111-121,0&1,3.5,222.0,-10,-6.5,10.0,1.8,8.2,L,L,O,""0"
"Apr"",""04,"",2017,recap,Tue,2016,Magic,Cavaliers,away,102-122,2&1,11.0,221.5,-20,-9.0,2.5,-3.2,5.8,L,L,O,""0"
"Apr"",""06,"",2017,recap,Thu,2016,Magic,Nets,home,115-107,1&1,-2.0,224.0,8,6.0,-2.0,2.0,-4.0,W,W,U,""0"
"Apr"",""08,"",2017,recap,Sat,2016,Magic,Pacers,home,112-127,1&1,4.5,212.0,-15,-10.5,27.0,8.2,18.8,L,L,O,""0"
"Apr"",""10,"",2017,recap,Mon,2016,Magic,Bulls,away,75-122,1&1,8.5,214.0,-47,-38.5,-17.0,-27.8,10.8,L,L,U,""0"
"Apr"",""12,"",2017,recap,Wed,2016,Magic,Pistons,home,113-109,1&1,-2.0,207.5,4,2.0,14.5,8.2,6.2,W,W,O,""0"
"Oct"",""18,"",2017,recap,Wed,2017,Magic,Heat,home,116-109,&,3.5,205.5,7,10.5,19.5,15.0,4.5,W,W,O,""0"
"Oct"",""20,"",2017,recap,Fri,2017,Magic,Nets,away,121-126,1&1,2.0,226.0,-5,-3.0,21.0,9.0,12.0,L,L,O,""0"
"Oct"",""21,"",2017,recap,Sat,2017,Magic,Cavaliers,away,114-93,0&0,11.5,214.5,21,32.5,-7.5,12.5,-20.0,W,W,U,""0"
"Oct"",""24,"",2017,recap,Tue,2017,Magic,Nets,home,125-121,2&1,-4.5,229.5,4,-0.5,16.5,8.0,8.5,W,L,O,""0"
"Oct"",""27,"",2017,recap,Fri,2017,Magic,Spurs,home,114-87,2&1,5.0,206.5,27,32.0,-5.5,13.2,-18.8,W,W,U,""0"
"Oct"",""29,"",2017,recap,Sun,2017,Magic,Hornets,away,113-120,1&1,3.5,211.5,-7,-3.5,21.5,9.0,12.5,L,L,O,""0"
"Oct"",""30,"",2017,recap,Mon,2017,Magic,Pelicans,away,115-99,0&1,7.5,223.0,16,23.5,-9.0,7.2,-16.2,W,W,U,""0"
"Nov"",""01,"",2017,recap,Wed,2017,Magic,Grizzlies,away,101-99,1&1,3.0,204.5,2,5.0,-4.5,0.2,-4.8,W,W,U,""0"
"Nov"",""03,"",2017,recap,Fri,2017,Magic,Bulls,home,83-105,1&1,-8.0,204.5,-22,-30.0,-16.5,-23.2,6.8,L,L,U,""0"
"Nov"",""05,"",2017,recap,Sun,2017,Magic,Celtics,home,88-104,1&1,3.5,208.0,-16,-12.5,-16.0,-14.2,-1.8,L,L,U,""0"
"Nov"",""08,"",2017,recap,Wed,2017,Magic,Knicks,home,112-99,2&0,-8.5,214.0,13,4.5,-3.0,0.8,-3.8,W,W,U,""0"
"Nov"",""10,"",2017,recap,Fri,2017,Magic,Suns,away,128-112,1&1,-4.0,227.0,16,12.0,13.0,12.5,0.5,W,W,O,""0"
"Nov"",""11,"",2017,recap,Sat,2017,Magic,Nuggets,away,107-125,0&1,8.5,218.5,-18,-9.5,13.5,2.0,11.5,L,L,O,""0"
"Nov"",""13,"",2017,recap,Mon,2017,Magic,Warriors,away,100-110,1&1,13.0,229.0,-10,3.0,-19.0,-8.0,-11.0,L,W,U,""0"
"Nov"",""15,"",2017,recap,Wed,2017,Magic,Trailblazers,away,94-99,1&1,5.0,210.0,-5,0.0,-17.0,-8.5,-8.5,L,P,U,0"
"Nov"",""18,"",2017,recap,Sat,2017,Magic,Jazz,home,85-125,2&0,-6.0,207.5,-40,-46.0,2.5,-21.8,24.2,L,L,O,""0"
"Nov"",""20,"",2017,recap,Mon,2017,Magic,Pacers,home,97-105,1&0,-3.5,219.0,-8,-11.5,-17.0,-14.2,-2.8,L,L,U,""0"
"Nov"",""22,"",2017,recap,Wed,2017,Magic,Timberwolves,away,118-124,1&1,7.0,217.0,-6,1.0,25.0,13.0,12.0,L,W,O,0"
"Nov"",""24,"",2017,recap,Fri,2017,Magic,Celtics,away,103-118,1&1,7.5,209.0,-15,-7.5,12.0,2.2,9.8,L,L,O,""0"
"Nov"",""25,"",2017,recap,Sat,2017,Magic,Seventysixers,away,111-130,0&2,6.0,221.0,-19,-13.0,20.0,3.5,16.5,L,L,O,""0"
"Nov"",""27,"",2017,recap,Mon,2017,Magic,Pacers,away,109-121,1&1,4.5,217.0,-12,-7.5,13.0,2.8,10.2,L,L,O,""0"
"Nov"",""29,"",2017,recap,Wed,2017,Magic,Thunder,home,121-108,1&3,6.0,213.0,13,19.0,16.0,17.5,-1.5,W,W,O,""0"
"Dec"",""01,"",2017,recap,Fri,2017,Magic,Warriors,home,112-133,1&1,11.0,228.5,-21,-10.0,16.5,3.2,13.2,L,L,O,""0"
"Dec"",""03,"",2017,recap,Sun,2017,Magic,Knicks,away,105-100,1&3,-2.0,212.0,5,3.0,-7.0,-2.0,-5.0,W,W,U,""0"
"Dec"",""04,"",2017,recap,Mon,2017,Magic,Hornets,away,94-104,0&2,8.0,218.5,-10,-2.0,-20.5,-11.2,-9.2,L,L,U,""0"
"Dec"",""06,"",2017,recap,Wed,2017,Magic,Hawks,home,110-106,1&1,-6.0,216.0,4,-2.0,0.0,-1.0,1.0,W,L,P,""1"
"Dec"",""08,"",2017,recap,Fri,2017,Magic,Nuggets,home,89-103,1&1,-1.5,218.0,-14,-15.5,-26.0,-20.8,-5.2,L,L,U,""0"
"Dec"",""09,"",2017,recap,Sat,2017,Magic,Hawks,away,110-117,0&2,4.5,211.5,-7,-2.5,15.5,6.5,9.0,L,L,O,""0"
"Dec"",""13,"",2017,recap,Wed,2017,Magic,Clippers,home,95-106,3&1,0.0,211.5,-11,-11.0,-10.5,-10.8,0.2,L,L,U,""0"
"Dec"",""15,"",2017,recap,Fri,2017,Magic,Trailblazers,home,88-95,1&1,4.5,208.0,-7,-2.5,-25.0,-13.8,-11.2,L,L,U,""0"
"Dec"",""17,"",2017,recap,Sun,2017,Magic,Pistons,away,110-114,1&1,9.0,203.5,-4,5.0,20.5,12.8,7.8,L,W,O,""0"
"Dec"",""20,"",2017,recap,Wed,2017,Magic,Bulls,away,94-112,2&1,5.5,210.5,-18,-12.5,-4.5,-8.5,4.0,L,L,U,""0"
"Dec"",""22,"",2017,recap,Fri,2017,Magic,Pelicans,home,97-111,1&2,6.0,217.5,-14,-8.0,-9.5,-8.8,-0.8,L,L,U,""0"
"Dec"",""23,"",2017,recap,Sat,2017,Magic,Wizards,away,103-130,0&0,12.0,212.0,-27,-15.0,21.0,3.0,18.0,L,L,O,0"
"Dec"",""26,"",2017,recap,Tue,2017,Magic,Heat,away,89-107,2&2,8.5,204.5,-18,-9.5,-8.5,-9.0,0.5,L,L,U,""0"
"Dec"",""28,"",2017,recap,Thu,2017,Magic,Pistons,home,102-89,1&1,4.0,202.5,13,17.0,-11.5,2.8,-14.2,W,W,U,""0"
"Dec"",""30,"",2017,recap,Sat,2017,Magic,Heat,home,111-117,1&0,1.5,205.5,-6,-4.5,22.5,9.0,13.5,L,L,O,""0"
"Jan"",""01,"",2018,recap,Mon,2017,Magic,Nets,away,95-98,1&0,2.0,217.0,-3,-1.0,-24.0,-12.5,-11.5,L,L,U,""0"
"Jan"",""03,"",2018,recap,Wed,2017,Magic,Rockets,home,98-116,1&2,8.0,217.5,-18,-10.0,-3.5,-6.8,3.2,L,L,U,""0"
"Jan"",""06,"",2018,recap,Sat,2017,Magic,Cavaliers,home,127-131,2&2,9.0,222.0,-4,5.0,36.0,20.5,15.5,L,W,O,""0"
"Jan"",""09,"",2018,recap,Tue,2017,Magic,Mavericks,away,99-114,2&1,7.5,213.5,-15,-7.5,-0.5,-4.0,3.5,L,L,U,""0"
"Jan"",""10,"",2018,recap,Wed,2017,Magic,Bucks,away,103-110,0&1,10.5,217.5,-7,3.5,-4.5,-0.5,-4.0,L,W,U,""0"
"Jan"",""12,"",2018,recap,Fri,2017,Magic,Wizards,away,119-125,1&1,10.0,218.0,-6,4.0,26.0,15.0,11.0,L,W,O,0"
"Jan"",""16,"",2018,recap,Tue,2017,Magic,Timberwolves,home,108-102,3&1,8.5,217.5,6,14.5,-7.5,3.5,-11.0,W,W,U,""0"
"Jan"",""18,"",2018,recap,Thu,2017,Magic,Cavaliers,away,103-104,1&2,10.5,227.0,-1,9.5,-20.0,-5.2,-14.8,L,W,U,""0"
"Jan"",""21,"",2018,recap,Sun,2017,Magic,Celtics,away,103-95,2&2,10.5,208.5,8,18.5,-10.5,4.0,-14.5,W,W,U,""0"
"Jan"",""23,"",2018,recap,Tue,2017,Magic,Kings,home,99-105,1&0,-6.5,211.5,-6,-12.5,-7.5,-10.0,2.5,L,L,U,""0"
"Jan"",""27,"",2018,recap,Sat,2017,Magic,Pacers,away,112-114,3&0,6.0,214.0,-2,4.0,12.0,8.0,4.0,L,W,O,""0"
"Jan"",""30,"",2018,recap,Tue,2017,Magic,Rockets,away,107-114,2&1,12.5,221.0,-7,5.5,0.0,2.8,-2.8,L,W,P,""0"
"Jan"",""31,"",2018,recap,Wed,2017,Magic,Lakers,home,127-105,0&2,2.0,217.0,22,24.0,15.0,19.5,-4.5,W,W,O,""0"
"Feb"",""03,"",2018,recap,Sat,2017,Magic,Wizards,home,98-115,2&1,4.5,213.5,-17,-12.5,-0.5,-6.5,6.0,L,L,U,""0"
"Feb"",""05,"",2018,recap,Mon,2017,Magic,Heat,away,111-109,1&1,7.5,207.5,2,9.5,12.5,11.0,1.5,W,W,O,""0"
"Feb"",""06,"",2018,recap,Tue,2017,Magic,Cavaliers,home,116-98,0&2,6.5,222.5,18,24.5,-8.5,8.0,-16.5,W,W,U,""0"
"Feb"",""08,"",2018,recap,Thu,2017,Magic,Hawks,home,100-98,1&1,0.0,210.0,2,2.0,-12.0,-5.0,-7.0,W,W,U,""0"
"Feb"",""10,"",2018,recap,Sat,2017,Magic,Bucks,home,104-111,1&0,5.0,208.0,-7,-2.0,7.0,2.5,4.5,L,L,O,""0"
"Feb"",""12,"",2018,recap,Mon,2017,Magic,Bulls,away,101-105,1&1,4.5,212.5,-4,0.5,-6.5,-3.0,-3.5,L,W,U,""0"
"Feb"",""14,"",2018,recap,Wed,2017,Magic,Hornets,home,102-104,1&2,5.5,211.5,-2,3.5,-5.5,-1.0,-4.5,L,W,U,""0"
"Feb"",""22,"",2018,recap,Thu,2017,Magic,Knicks,home,113-120,7&7,-3.5,216.0,-7,-10.5,17.0,3.2,13.8,L,L,O,""0"
"Feb"",""24,"",2018,recap,Sat,2017,Magic,Seventysixers,away,105-116,1&1,10.0,218.0,-11,-1.0,3.0,1.0,2.0,L,L,O,""0"
"Feb"",""26,"",2018,recap,Mon,2017,Magic,Thunder,away,105-112,1&1,10.0,218.5,-7,3.0,-1.5,0.8,-2.2,L,W,U,0"
"Feb"",""28,"",2018,recap,Wed,2017,Magic,Raptors,home,104-117,1&1,10.0,221.0,-13,-3.0,0.0,-1.5,1.5,L,L,P,""0"
"Mar"",""02,"",2018,recap,Fri,2017,Magic,Pistons,home,115-106,1&1,2.5,213.5,9,11.5,7.5,9.5,-2.0,W,W,O,""1"
"Mar"",""03,"",2018,recap,Sat,2017,Magic,Grizzlies,home,107-100,0&0,-7.0,208.5,7,0.0,-1.5,-0.8,-0.8,W,P,U,""0"
"Mar"",""05,"",2018,recap,Mon,2017,Magic,Jazz,away,80-94,1&1,10.0,206.5,-14,-4.0,-32.5,-18.2,-14.2,L,L,U,""0"
"Mar"",""07,"",2018,recap,Wed,2017,Magic,Lakers,away,107-108,1&1,6.5,224.5,-1,5.5,-9.5,-2.0,-7.5,L,W,U,""0"
"Mar"",""09,"",2018,recap,Fri,2017,Magic,Kings,away,88-94,1&1,4.0,205.5,-6,-2.0,-23.5,-12.8,-10.8,L,L,U,""0"
"Mar"",""10,"",2018,recap,Sat,2017,Magic,Clippers,away,105-113,0&0,11.5,218.5,-8,3.5,-0.5,1.5,-2.0,L,W,U,""0"
"Mar"",""13,"",2018,recap,Tue,2017,Magic,Spurs,away,72-108,2&0,10.5,202.5,-36,-25.5,-22.5,-24.0,1.5,L,L,U,""0"
"Mar"",""14,"",2018,recap,Wed,2017,Magic,Bucks,home,126-117,0&1,8.5,208.5,9,17.5,34.5,26.0,8.5,W,W,O,""0"
"Mar"",""16,"",2018,recap,Fri,2017,Magic,Celtics,home,83-92,1&1,6.5,201.5,-9,-2.5,-26.5,-14.5,-12.0,L,L,U,""0"
"Mar"",""20,"",2018,recap,Tue,2017,Magic,Raptors,home,86-93,3&1,9.5,211.0,-7,2.5,-32.0,-14.8,-17.2,L,W,U,""0"
"Mar"",""22,"",2018,recap,Thu,2017,Magic,Seventysixers,home,98-118,1&0,8.0,213.5,-20,-12.0,2.5,-4.8,7.2,L,L,O,""0"
"Mar"",""24,"",2018,recap,Sat,2017,Magic,Suns,home,105-99,1&0,-6.5,216.0,6,-0.5,-12.0,-6.2,-5.8,W,L,U,""0"
"Mar"",""28,"",2018,recap,Wed,2017,Magic,Nets,home,104-111,3&2,3.0,215.5,-7,-4.0,-0.5,-2.2,1.8,L,L,U,""0"
"Mar"",""30,"",2018,recap,Fri,2017,Magic,Bulls,home,82-90,1&0,-6.0,209.0,-8,-14.0,-37.0,-25.5,-11.5,L,L,U,""0"
"Apr"",""01,"",2018,recap,Sun,2017,Magic,Hawks,away,88-94,1&1,2.0,208.5,-6,-4.0,-26.5,-15.2,-11.2,L,L,U,""0"
"Apr"",""03,"",2018,recap,Tue,2017,Magic,Knicks,away,97-73,1&2,1.5,207.0,24,25.5,-37.0,-5.8,-31.2,W,W,U,""0"
"Apr"",""04,"",2018,recap,Wed,2017,Magic,Mavericks,home,105-100,0&0,-3.5,198.0,5,1.5,7.0,4.2,2.8,W,W,O,""0"
"Apr"",""06,"",2018,recap,Fri,2017,Magic,Hornets,home,100-137,1&2,7.5,211.5,-37,-29.5,25.5,-2.0,27.5,L,L,O,""0"
"Apr"",""08,"",2018,recap,Sun,2017,Magic,Raptors,away,101-112,1&1,11.5,210.5,-11,0.5,2.5,1.5,1.0,L,W,O,""0"
"Apr"",""09,"",2018,recap,Mon,2017,Magic,Bucks,away,86-102,0&1,11.5,208.5,-16,-4.5,-20.5,-12.5,-8.0,L,L,U,""0"
"Apr"",""11,"",2018,recap,Wed,2017,Magic,Wizards,home,101-92,1&0,4.5,203.5,9,13.5,-10.5,1.5,-12.0,W,W,U,""0"
"Oct"",""17,"",2018,recap,Wed,2018,Magic,Heat,home,104-101,&,2.5,209.0,3,5.5,-4.0,0.8,-4.8,W,W,U,""0"
"Oct"",""19,"",2018,recap,Fri,2018,Magic,Hornets,home,88-120,1&1,2.5,215.5,-32,-29.5,-7.5,-18.5,11.0,L,L,U,""0"
"Oct"",""20,"",2018,recap,Sat,2018,Magic,Seventysixers,away,115-116,0&1,12.5,217.0,-1,11.5,14.0,12.8,1.2,L,W,O,""0"
"Oct"",""22,"",2018,recap,Mon,2018,Magic,Celtics,away,93-90,1&1,11.0,210.5,3,14.0,-27.5,-6.8,-20.8,W,W,U,""0"
"Oct"",""25,"",2018,recap,Thu,2018,Magic,Trailblazers,home,114-128,2&2,3.5,218.0,-14,-10.5,24.0,6.8,17.2,L,L,O,""0"
"Oct"",""27,"",2018,recap,Sat,2018,Magic,Bucks,away,91-113,1&0,9.5,220.0,-22,-12.5,-16.0,-14.2,-1.8,L,L,U,""0"
"Oct"",""30,"",2018,recap,Tue,2018,Magic,Kings,home,99-107,2&0,-4.5,220.5,-8,-12.5,-14.5,-13.5,-1.0,L,L,U,""0"
"Nov"",""02,"",2018,recap,Fri,2018,Magic,Clippers,home,95-120,2&0,3.5,217.0,-25,-21.5,-2.0,-11.8,9.8,L,L,U,""0"
"Nov"",""04,"",2018,recap,Sun,2018,Magic,Spurs,away,117-110,1&0,8.0,205.5,7,15.0,21.5,18.2,3.2,W,W,O,""0"
"Nov"",""05,"",2018,recap,Mon,2018,Magic,Cavaliers,home,102-100,0&1,-4.5,212.5,2,-2.5,-10.5,-6.5,-4.0,W,L,U,""0"
"Nov"",""07,"",2018,recap,Wed,2018,Magic,Pistons,home,96-103,1&1,3.0,212.0,-7,-4.0,-13.0,-8.5,-4.5,L,L,U,""0"
"Nov"",""09,"",2018,recap,Fri,2018,Magic,Wizards,home,117-108,1&2,2.5,221.5,9,11.5,3.5,7.5,-4.0,W,W,O,""0"
"Nov"",""11,"",2018,recap,Sun,2018,Magic,Knicks,away,115-89,1&0,1.5,207.5,26,27.5,-3.5,12.0,-15.5,W,W,U,""0"
"Nov"",""12,"",2018,recap,Mon,2018,Magic,Wizards,away,109-117,0&1,7.5,222.0,-8,-0.5,4.0,1.8,2.2,L,L,O,0"
"Nov"",""14,"",2018,recap,Wed,2018,Magic,Seventysixers,home,111-106,1&1,5.5,218.5,5,10.5,-1.5,4.5,-6.0,W,W,U,""0"
"Nov"",""17,"",2018,recap,Sat,2018,Magic,Lakers,home,130-117,2&2,4.0,223.5,13,17.0,23.5,20.2,3.2,W,W,O,""0"
"Nov"",""18,"",2018,recap,Sun,2018,Magic,Knicks,home,131-117,0&1,-4.5,217.0,14,9.5,31.0,20.2,10.8,W,W,O,""0"
"Nov"",""20,"",2018,recap,Tue,2018,Magic,Raptors,home,91-93,1&2,5.5,218.5,-2,3.5,-34.5,-15.5,-19.0,L,W,U,""0"
"Nov"",""23,"",2018,recap,Fri,2018,Magic,Nuggets,away,87-112,2&1,8.5,210.5,-25,-16.5,-11.5,-14.0,2.5,L,L,U,""0"
"Nov"",""25,"",2018,recap,Sun,2018,Magic,Lakers,away,108-104,1&1,7.5,217.0,4,11.5,-5.0,3.2,-8.2,W,W,U,""0"
"Nov"",""26,"",2018,recap,Mon,2018,Magic,Warriors,away,110-116,0&1,7.0,216.0,-6,1.0,10.0,5.5,4.5,L,W,O,""0"
"Nov"",""28,"",2018,recap,Wed,2018,Magic,Trailblazers,away,112-115,1&2,8.0,216.5,-3,5.0,10.5,7.8,2.8,L,W,O,0"
"Nov"",""30,"",2018,recap,Fri,2018,Magic,Suns,away,99-85,1&1,-4.0,218.0,14,10.0,-34.0,-12.0,-22.0,W,W,U,""0"
"Dec"",""04,"",2018,recap,Tue,2018,Magic,Heat,away,105-90,3&1,2.5,207.0,15,17.5,-12.0,2.8,-14.8,W,W,U,""0"
"Dec"",""05,"",2018,recap,Wed,2018,Magic,Nuggets,home,118-124,0&1,5.5,208.5,-6,-0.5,33.5,16.5,17.0,L,L,O,""1"
"Dec"",""07,"",2018,recap,Fri,2018,Magic,Pacers,home,90-112,1&2,-1.5,205.5,-22,-23.5,-3.5,-13.5,10.0,L,L,U,""0"
"Dec"",""10,"",2018,recap,Mon,2018,Magic,Mavericks,away,76-101,2&1,5.5,210.5,-25,-19.5,-33.5,-26.5,-7.0,L,L,U,""0"
"Dec"",""13,"",2018,recap,Thu,2018,Magic,Bulls,home,97-91,2&2,-5.5,208.5,6,0.5,-20.5,-10.0,-10.5,W,W,U,""0"
"Dec"",""15,"",2018,recap,Sat,2018,Magic,Jazz,home,96-89,1&2,5.5,205.5,7,12.5,-20.5,-4.0,-16.5,W,W,U,""0"
"Dec"",""19,"",2018,recap,Wed,2018,Magic,Spurs,home,90-129,3&1,3.5,210.0,-39,-35.5,9.0,-13.2,22.2,L,L,O,""0"
"Dec"",""21,"",2018,recap,Fri,2018,Magic,Bulls,away,80-90,1&1,-3.0,202.0,-10,-13.0,-32.0,-22.5,-9.5,L,L,U,""0"
"Dec"",""23,"",2018,recap,Sun,2018,Magic,Heat,home,91-115,1&0,-2.5,203.0,-24,-26.5,3.0,-11.8,14.8,L,L,O,""0"
"Dec"",""26,"",2018,recap,Wed,2018,Magic,Suns,home,120-122,2&2,-4.0,211.5,-2,-6.0,30.5,12.2,18.2,L,L,O,""1"
"Dec"",""28,"",2018,recap,Fri,2018,Magic,Raptors,home,116-87,1&1,6.0,209.5,29,35.0,-6.5,14.2,-20.8,W,W,U,""0"
"Dec"",""30,"",2018,recap,Sun,2018,Magic,Pistons,home,109-107,1&1,-2.0,204.5,2,0.0,11.5,5.8,5.8,W,P,O,""0"
"Dec"",""31,"",2018,recap,Mon,2018,Magic,Hornets,away,100-125,0&1,8.0,210.5,-25,-17.0,14.5,-1.2,15.8,L,L,O,""0"
"Jan"",""02,"",2019,recap,Wed,2018,Magic,Bulls,away,112-84,1&2,-1.0,199.0,28,27.0,-3.0,12.0,-15.0,W,W,U,""0"
"Jan"",""04,"",2019,recap,Fri,2018,Magic,Timberwolves,away,103-120,1&1,6.0,214.5,-17,-11.0,8.5,-1.2,9.8,L,L,O,""0"
"Jan"",""06,"",2019,recap,Sun,2018,Magic,Clippers,away,96-106,1&1,7.0,220.5,-10,-3.0,-18.5,-10.8,-7.8,L,L,U,""0"
"Jan"",""07,"",2019,recap,Mon,2018,Magic,Kings,away,95-111,0&1,5.5,221.5,-16,-10.5,-15.5,-13.0,-2.5,L,L,U,""0"
"Jan"",""09,"",2019,recap,Wed,2018,Magic,Jazz,away,93-106,1&1,9.5,207.5,-13,-3.5,-8.5,-6.0,-2.5,L,L,U,""0"
"Jan"",""12,"",2019,recap,Sat,2018,Magic,Celtics,home,105-103,2&1,6.5,213.0,2,8.5,-5.0,1.8,-6.8,W,W,U,""0"
"Jan"",""13,"",2019,recap,Sun,2018,Magic,Rockets,home,116-109,0&1,5.5,215.5,7,12.5,9.5,11.0,-1.5,W,W,O,""0"
"Jan"",""16,"",2019,recap,Wed,2018,Magic,Pistons,away,115-120,2&1,4.0,208.0,-5,-1.0,27.0,13.0,14.0,L,L,O,""1"
"Jan"",""18,"",2019,recap,Fri,2018,Magic,Nets,home,115-117,1&1,0.0,217.0,-2,-2.0,15.0,6.5,8.5,L,L,O,""0"
"Jan"",""19,"",2019,recap,Sat,2018,Magic,Bucks,home,108-118,0&2,9.5,221.5,-10,-0.5,4.5,2.0,2.5,L,L,O,""0"
"Jan"",""21,"",2019,recap,Mon,2018,Magic,Hawks,away,122-103,1&1,1.0,222.0,19,20.0,3.0,11.5,-8.5,W,W,O,""0"
"Jan"",""23,"",2019,recap,Wed,2018,Magic,Nets,away,110-114,1&1,5.0,219.0,-4,1.0,5.0,3.0,2.0,L,W,O,""0"
"Jan"",""25,"",2019,recap,Fri,2018,Magic,Wizards,home,91-95,1&0,-3.0,217.5,-4,-7.0,-31.5,-19.2,-12.2,L,L,U,""0"
"Jan"",""27,"",2019,recap,Sun,2018,Magic,Rockets,away,98-103,1&1,8.5,221.0,-5,3.5,-20.0,-8.2,-11.8,L,W,U,""0"
"Jan"",""29,"",2019,recap,Tue,2018,Magic,Thunder,home,117-126,1&1,5.5,222.0,-9,-3.5,21.0,8.8,12.2,L,L,O,""0"
"Jan"",""31,"",2019,recap,Thu,2018,Magic,Pacers,home,107-100,1&0,-3.5,207.5,7,3.5,-0.5,1.5,-2.0,W,W,U,""0"
"Feb"",""02,"",2019,recap,Sat,2018,Magic,Nets,home,102-89,1&1,-3.0,218.0,13,10.0,-27.0,-8.5,-18.5,W,W,U,""0"
"Feb"",""05,"",2019,recap,Tue,2018,Magic,Thunder,away,122-132,2&1,9.5,224.5,-10,-0.5,29.5,14.5,15.0,L,L,O,""0"
"Feb"",""07,"",2019,recap,Thu,2018,Magic,Timberwolves,home,122-112,1&1,-3.5,217.0,10,6.5,17.0,11.8,5.2,W,W,O,""0"
"Feb"",""09,"",2019,recap,Sat,2018,Magic,Bucks,away,103-83,1&0,6.5,219.5,20,26.5,-33.5,-3.5,-30.0,W,W,U,""0"
"Feb"",""10,"",2019,recap,Sun,2018,Magic,Hawks,away,124-108,0&0,-1.0,225.0,16,15.0,7.0,11.0,-4.0,W,W,O,""0"
"Feb"",""12,"",2019,recap,Tue,2018,Magic,Pelicans,away,118-88,1&2,4.5,223.0,30,34.5,-17.0,8.8,-25.8,W,W,U,""0"
"Feb"",""14,"",2019,recap,Thu,2018,Magic,Hornets,home,127-89,1&2,-4.0,215.5,38,34.0,0.5,17.2,-16.8,W,W,O,""0"
"Feb"",""22,"",2019,recap,Fri,2018,Magic,Bulls,home,109-110,7&8,-8.0,217.5,-1,-9.0,1.5,-3.8,5.2,L,L,O,""0"
"Feb"",""24,"",2019,recap,Sun,2018,Magic,Raptors,away,113-98,1&1,7.0,216.5,15,22.0,-5.5,8.2,-13.8,W,W,U,0"
"Feb"",""26,"",2019,recap,Tue,2018,Magic,Knicks,away,103-108,1&1,-7.5,215.5,-5,-12.5,-4.5,-8.5,4.0,L,L,U,""0"
"Feb"",""28,"",2019,recap,Thu,2018,Magic,Warriors,home,103-96,1&0,4.0,224.0,7,11.0,-25.0,-7.0,-18.0,W,W,U,""0"
"Mar"",""02,"",2019,recap,Sat,2018,Magic,Pacers,away,117-112,1&1,3.0,212.5,5,8.0,16.5,12.2,4.2,W,W,O,""0"
"Mar"",""03,"",2019,recap,Sun,2018,Magic,Cavaliers,away,93-107,0&0,-5.5,214.5,-14,-19.5,-14.5,-17.0,2.5,L,L,U,""0"
"Mar"",""05,"",2019,recap,Tue,2018,Magic,Seventysixers,away,106-114,1&2,4.5,221.0,-8,-3.5,-1.0,-2.2,1.2,L,L,U,""0"
"Mar"",""08,"",2019,recap,Fri,2018,Magic,Mavericks,home,111-106,2&1,-6.5,214.5,5,-1.5,2.5,0.5,2.0,W,L,O,""0"
"Mar"",""10,"",2019,recap,Sun,2018,Magic,Grizzlies,away,97-105,1&1,1.0,207.5,-8,-7.0,-5.5,-6.2,0.8,L,L,U,""0"
"Mar"",""13,"",2019,recap,Wed,2018,Magic,Wizards,away,90-100,2&1,3.0,225.5,-10,-7.0,-35.5,-21.2,-14.2,L,L,U,0"
"Mar"",""14,"",2019,recap,Thu,2018,Magic,Cavaliers,home,120-91,0&1,-9.0,211.5,29,20.0,-0.5,9.8,-10.2,W,W,U,""0"
"Mar"",""17,"",2019,recap,Sun,2018,Magic,Hawks,home,101-91,2&0,-9.0,225.0,10,1.0,-33.0,-16.0,-17.0,W,W,U,""0"
"Mar"",""20,"",2019,recap,Wed,2018,Magic,Pelicans,home,119-96,2&1,-9.0,224.0,23,14.0,-9.0,2.5,-11.5,W,W,U,""0"
"Mar"",""22,"",2019,recap,Fri,2018,Magic,Grizzlies,home,123-119,1&1,-7.0,208.0,4,-3.0,34.0,15.5,18.5,W,L,O,""1"
"Mar"",""25,"",2019,recap,Mon,2018,Magic,Seventysixers,home,119-98,2&1,-2.0,218.5,21,19.0,-1.5,8.8,-10.2,W,W,U,""0"
"Mar"",""26,"",2019,recap,Tue,2018,Magic,Heat,away,104-99,0&2,3.5,204.5,5,8.5,-1.5,3.5,-5.0,W,W,U,""0"
"Mar"",""28,"",2019,recap,Thu,2018,Magic,Pistons,away,98-115,1&1,3.5,207.5,-17,-13.5,5.5,-4.0,9.5,L,L,O,""0"
"Mar"",""30,"",2019,recap,Sat,2018,Magic,Pacers,away,121-116,1&0,2.5,204.5,5,7.5,32.5,20.0,12.5,W,W,O,""0"
"Apr"",""01,"",2019,recap,Mon,2018,Magic,Raptors,away,109-121,1&1,7.5,216.0,-12,-4.5,14.0,4.8,9.2,L,L,O,""0"
"Apr"",""03,"",2019,recap,Wed,2018,Magic,Knicks,home,114-100,1&1,-13.0,212.5,14,1.0,1.5,1.2,0.2,W,W,O,""0"
"Apr"",""05,"",2019,recap,Fri,2018,Magic,Hawks,home,149-113,1&1,-9.0,226.5,36,27.0,35.5,31.2,4.2,W,W,O,""0"
"Apr"",""07,"",2019,recap,Sun,2018,Magic,Celtics,away,116-108,1&1,4.0,218.0,8,12.0,6.0,9.0,-3.0,W,W,O,""0"
"Apr"",""10,"",2019,recap,Wed,2018,Magic,Hornets,away,122-114,2&0,2.5,219.0,8,10.5,17.0,13.8,3.2,W,W,O,""0"
"Oct"",""23,"",2019,recap,Wed,2019,Magic,Cavaliers,home,94-85,&,-9.5,211.5,9,-0.5,-32.5,-16.5,-16.0,W,L,U,""0"
"Oct"",""26,"",2019,recap,Sat,2019,Magic,Hawks,away,99-103,2&1,-2.5,216.5,-4,-6.5,-14.5,-10.5,-4.0,L,L,U,""0"
"Oct"",""28,"",2019,recap,Mon,2019,Magic,Raptors,away,95-104,1&1,5.0,209.0,-9,-4.0,-10.0,-7.0,-3.0,L,L,U,""0"
"Oct"",""30,"",2019,recap,Wed,2019,Magic,Knicks,home,95-83,1&1,-9.5,207.5,12,2.5,-29.5,-13.5,-16.0,W,W,U,""0"
"Nov"",""01,"",2019,recap,Fri,2019,Magic,Bucks,home,91-123,1&1,4.5,215.0,-32,-27.5,-1.0,-14.2,13.2,L,L,U,""0"
"Nov"",""02,"",2019,recap,Sat,2019,Magic,Nuggets,home,87-91,0&1,4.0,200.0,-4,0.0,-22.0,-11.0,-11.0,L,P,U,""0"
"Nov"",""05,"",2019,recap,Tue,2019,Magic,Thunder,away,94-102,2&2,3.5,201.0,-8,-4.5,-5.0,-4.8,-0.2,L,L,U,0"
"Nov"",""06,"",2019,recap,Wed,2019,Magic,Mavericks,away,106-107,0&2,7.5,209.0,-1,6.5,4.0,5.2,-1.2,L,W,O,""0"
"Nov"",""08,"",2019,recap,Fri,2019,Magic,Grizzlies,home,118-86,1&1,-7.5,208.5,32,24.5,-4.5,10.0,-14.5,W,W,U,""0"
"Nov"",""10,"",2019,recap,Sun,2019,Magic,Pacers,home,102-109,1&1,-3.5,203.5,-7,-10.5,7.5,-1.5,9.0,L,L,O,""0"
"Nov"",""13,"",2019,recap,Wed,2019,Magic,Seventysixers,home,112-97,2&0,-2.5,207.5,15,12.5,1.5,7.0,-5.5,W,W,O,""0"
"Nov"",""15,"",2019,recap,Fri,2019,Magic,Spurs,home,111-109,1&1,-3.0,212.0,2,-1.0,8.0,3.5,4.5,W,L,O,""0"
"Nov"",""17,"",2019,recap,Sun,2019,Magic,Wizards,home,125-121,1&1,-6.0,225.0,4,-2.0,21.0,9.5,11.5,W,L,O,""0"
"Nov"",""20,"",2019,recap,Wed,2019,Magic,Raptors,away,97-113,2&1,4.0,207.0,-16,-12.0,3.0,-4.5,7.5,L,L,O,""0"
"Nov"",""23,"",2019,recap,Sat,2019,Magic,Pacers,away,106-111,2&4,6.5,202.0,-5,1.5,15.0,8.2,6.8,L,W,O,""0"
"Nov"",""25,"",2019,recap,Mon,2019,Magic,Pistons,away,88-103,1&1,4.5,206.5,-15,-10.5,-15.5,-13.0,-2.5,L,L,U,""0"
"Nov"",""27,"",2019,recap,Wed,2019,Magic,Cavaliers,away,116-104,1&1,-1.0,209.5,12,11.0,10.5,10.8,-0.2,W,W,O,""0"
"Nov"",""29,"",2019,recap,Fri,2019,Magic,Raptors,home,83-90,1&1,3.5,208.5,-7,-3.5,-35.5,-19.5,-16.0,L,L,U,""0"
"Dec"",""01,"",2019,recap,Sun,2019,Magic,Warriors,home,100-96,1&1,-8.0,205.0,4,-4.0,-9.0,-6.5,-2.5,W,L,U,""0"
"Dec"",""03,"",2019,recap,Tue,2019,Magic,Wizards,away,127-120,1&1,0.0,230.0,7,7.0,17.0,12.0,5.0,W,W,O,0"
