Date,Link,Day,Season,Team,Opp,Site,Final,Rest,Line,Total,SUm,ATSm,OUm,DPS,DPA,SUr,ATSr,OUr,ot
"Jan"",""02,"",2015,recap,Fri,2014,Warriors,Raptors,home,126-105,2&2,-5.0,216.0,21,16.0,15.0,15.5,-0.5,W,W,O,""0"
"Jan"",""05,"",2015,recap,Mon,2014,Warriors,Thunder,home,117-91,2&2,-3.0,217.0,26,23.0,-9.0,7.0,-16.0,W,W,U,""0"
"Jan"",""07,"",2015,recap,Wed,2014,Warriors,Pacers,home,117-102,1&1,-11.5,203.0,15,3.5,16.0,9.8,6.2,W,W,O,""0"
"Jan"",""09,"",2015,recap,Fri,2014,Warriors,Cavaliers,home,112-94,1&1,-13.0,208.5,18,5.0,-2.5,1.2,-3.8,W,W,U,""0"
"Jan"",""13,"",2015,recap,Tue,2014,Warriors,Jazz,away,116-105,3&2,-8.0,203.0,11,3.0,18.0,10.5,7.5,W,W,O,""0"
"Jan"",""14,"",2015,recap,Wed,2014,Warriors,Heat,home,104-89,0&0,-14.5,201.0,15,0.5,-8.0,-3.8,-4.2,W,W,U,""0"
"Jan"",""16,"",2015,recap,Fri,2014,Warriors,Thunder,away,115-127,1&0,-1.0,216.5,-12,-13.0,25.5,6.2,19.2,L,L,O,""0"
"Jan"",""17,"",2015,recap,Sat,2014,Warriors,Rockets,away,131-106,0&1,2.0,214.5,25,27.0,22.5,24.8,-2.2,W,W,O,0"
"Jan"",""19,"",2015,recap,Mon,2014,Warriors,Nuggets,home,122-79,1&1,-14.0,217.5,43,29.0,-16.5,6.2,-22.8,W,W,U,""0"
"Jan"",""21,"",2015,recap,Wed,2014,Warriors,Rockets,home,126-113,1&1,-8.0,218.5,13,5.0,20.5,12.8,7.8,W,W,O,""0"
"Jan"",""23,"",2015,recap,Fri,2014,Warriors,Kings,home,126-101,1&1,-15.5,219.0,25,9.5,8.0,8.8,-0.8,W,W,O,""0"
"Jan"",""25,"",2015,recap,Sun,2014,Warriors,Celtics,home,114-111,1&1,-17.5,214.0,3,-14.5,11.0,-1.8,12.8,W,L,O,""0"
"Jan"",""27,"",2015,recap,Tue,2014,Warriors,Bulls,home,111-113,1&1,-10.0,213.0,-2,-12.0,11.0,-0.5,11.5,L,L,O,""1"
"Jan"",""30,"",2015,recap,Fri,2014,Warriors,Jazz,away,100-110,2&1,-9.5,206.0,-10,-19.5,4.0,-7.8,11.8,L,L,O,""0"
"Jan"",""31,"",2015,recap,Sat,2014,Warriors,Suns,home,106-87,0&0,-10.0,224.5,19,9.0,-31.5,-11.2,-20.2,W,W,U,""0"
"Feb"",""03,"",2015,recap,Tue,2014,Warriors,Kings,away,121-96,2&2,-10.5,217.5,25,14.5,-0.5,7.0,-7.5,W,W,U,""0"
"Feb"",""04,"",2015,recap,Wed,2014,Warriors,Mavericks,home,128-114,0&1,-9.0,217.5,14,5.0,24.5,14.8,9.8,W,W,O,""0"
"Feb"",""06,"",2015,recap,Fri,2014,Warriors,Hawks,away,116-124,1&1,-0.0,214.0,-8,-8.0,26.0,9.0,17.0,L,L,O,""0"
"Feb"",""07,"",2015,recap,Sat,2014,Warriors,Knicks,away,106-92,0&0,-14.0,204.0,14,0.0,-6.0,-3.0,-3.0,W,P,U,""0"
"Feb"",""09,"",2015,recap,Mon,2014,Warriors,Seventysixers,away,89-84,1&1,-15.0,204.0,5,-10.0,-31.0,-20.5,-10.5,W,L,U,""0"
"Feb"",""11,"",2015,recap,Wed,2014,Warriors,Timberwolves,away,94-91,1&1,-9.0,216.5,3,-6.0,-31.5,-18.8,-12.8,W,L,U,""0"
"Feb"",""20,"",2015,recap,Fri,2014,Warriors,Spurs,home,110-99,8&0,-7.5,209.0,11,3.5,0.0,1.8,-1.8,W,W,P,""0"
"Feb"",""22,"",2015,recap,Sun,2014,Warriors,Pacers,away,98-104,1&1,-4.0,204.5,-6,-10.0,-2.5,-6.2,3.8,L,L,U,""0"
"Feb"",""24,"",2015,recap,Tue,2014,Warriors,Wizards,away,114-107,1&1,-6.0,205.5,7,1.0,15.5,8.2,7.2,W,W,O,0"
"Feb"",""26,"",2015,recap,Thu,2014,Warriors,Cavaliers,away,99-110,1&1,3.5,215.5,-11,-7.5,-6.5,-7.0,0.5,L,L,U,""0"
"Feb"",""27,"",2015,recap,Fri,2014,Warriors,Raptors,away,113-89,0&2,-1.5,212.5,24,22.5,-10.5,6.0,-16.5,W,W,U,""0"
"Mar"",""01,"",2015,recap,Sun,2014,Warriors,Celtics,away,106-101,1&1,-8.5,216.0,5,-3.5,-9.0,-6.2,-2.8,W,L,U,""0"
"Mar"",""02,"",2015,recap,Mon,2014,Warriors,Nets,away,108-110,0&1,-5.0,209.0,-2,-7.0,9.0,1.0,8.0,L,L,O,""0"
"Mar"",""04,"",2015,recap,Wed,2014,Warriors,Bucks,home,102-93,1&0,-13.5,202.0,9,-4.5,-7.0,-5.8,-1.2,W,L,U,""0"
"Mar"",""06,"",2015,recap,Fri,2014,Warriors,Mavericks,home,104-89,1&0,-11.0,209.0,15,4.0,-16.0,-6.0,-10.0,W,W,U,""0"
"Mar"",""08,"",2015,recap,Sun,2014,Warriors,Clippers,home,106-98,1&3,-9.0,213.0,8,-1.0,-9.0,-5.0,-4.0,W,L,U,""0"
"Mar"",""09,"",2015,recap,Mon,2014,Warriors,Suns,away,98-80,0&1,-5.5,214.0,18,12.5,-36.0,-11.8,-24.2,W,W,U,0"
"Mar"",""11,"",2015,recap,Wed,2014,Warriors,Pistons,home,105-98,1&0,-14.0,204.0,7,-7.0,-1.0,-4.0,3.0,W,L,U,""0"
"Mar"",""13,"",2015,recap,Fri,2014,Warriors,Nuggets,away,103-114,1&1,3.5,208.5,-11,-7.5,8.5,0.5,8.0,L,L,O,""0"
"Mar"",""14,"",2015,recap,Sat,2014,Warriors,Knicks,home,125-94,0&1,-19.5,201.5,31,11.5,17.5,14.5,3.0,W,W,O,""0"
"Mar"",""16,"",2015,recap,Mon,2014,Warriors,Lakers,home,108-105,1&0,-18.0,208.0,3,-15.0,5.0,-5.0,10.0,W,L,O,""0"
"Mar"",""18,"",2015,recap,Wed,2014,Warriors,Hawks,home,114-95,1&1,-6.5,209.0,19,12.5,0.0,6.2,-6.2,W,W,P,""0"
"Mar"",""20,"",2015,recap,Fri,2014,Warriors,Pelicans,home,112-96,1&0,-13.5,202.5,16,2.5,5.5,4.0,1.5,W,W,O,""0"
"Mar"",""21,"",2015,recap,Sat,2014,Warriors,Jazz,home,106-91,0&1,-9.0,192.0,15,6.0,5.0,5.5,-0.5,W,W,O,""0"
"Mar"",""23,"",2015,recap,Mon,2014,Warriors,Wizards,home,107-76,1&0,-11.5,204.5,31,19.5,-21.5,-1.0,-20.5,W,W,U,""0"
"Mar"",""24,"",2015,recap,Tue,2014,Warriors,Trailblazers,away,122-108,0&2,-7.0,207.0,14,7.0,23.0,15.0,8.0,W,W,O,0"
"Mar"",""27,"",2015,recap,Fri,2014,Warriors,Grizzlies,away,107-84,2&1,-3.5,198.0,23,19.5,-7.0,6.2,-13.2,W,W,U,""0"
"Mar"",""28,"",2015,recap,Sat,2014,Warriors,Bucks,away,108-95,0&1,-5.0,203.0,13,8.0,0.0,4.0,-4.0,W,W,P,""0"
"Mar"",""31,"",2015,recap,Tue,2014,Warriors,Clippers,away,110-106,2&1,3.0,216.0,4,7.0,0.0,3.5,-3.5,W,W,P,""0"
"Apr"",""02,"",2015,recap,Thu,2014,Warriors,Suns,home,107-106,1&2,-12.0,210.0,1,-11.0,3.0,-4.0,7.0,W,L,O,""0"
"Apr"",""04,"",2015,recap,Sat,2014,Warriors,Mavericks,away,123-110,1&1,-6.0,212.0,13,7.0,21.0,14.0,7.0,W,W,O,""0"
"Apr"",""05,"",2015,recap,Sun,2014,Warriors,Spurs,away,92-107,0&1,6.0,209.0,-15,-9.0,-10.0,-9.5,-0.5,L,L,U,""0"
"Apr"",""07,"",2015,recap,Tue,2014,Warriors,Pelicans,away,100-103,1&2,-4.0,205.0,-3,-7.0,-2.0,-4.5,2.5,L,L,U,""0"
"Apr"",""09,"",2015,recap,Thu,2014,Warriors,Trailblazers,home,116-105,1&0,-10.5,210.5,11,0.5,10.5,5.5,5.0,W,W,O,""0"
"Apr"",""11,"",2015,recap,Sat,2014,Warriors,Timberwolves,home,110-101,1&0,-20.0,213.5,9,-11.0,-2.5,-6.8,4.2,W,L,U,""0"
"Apr"",""13,"",2015,recap,Mon,2014,Warriors,Grizzlies,home,111-107,1&1,-8.0,197.0,4,-4.0,21.0,8.5,12.5,W,L,O,""0"
"Apr"",""15,"",2015,recap,Wed,2014,Warriors,Nuggets,home,133-126,1&1,-11.0,219.0,7,-4.0,40.0,18.0,22.0,W,L,O,""0"
"Apr"",""18,"",2015,recap,Sat,2014,Warriors,Pelicans,home,106-99,2&2,-12.0,205.5,7,-5.0,-0.5,-2.8,2.2,W,L,U,""0"
"Apr"",""20,"",2015,recap,Mon,2014,Warriors,Pelicans,home,97-87,1&1,-12.5,206.0,10,-2.5,-22.0,-12.2,-9.8,W,L,U,""0"
"Apr"",""23,"",2015,recap,Thu,2014,Warriors,Pelicans,away,123-119,2&2,-5.0,204.0,4,-1.0,38.0,18.5,19.5,W,L,O,1"
"Apr"",""25,"",2015,recap,Sat,2014,Warriors,Pelicans,away,109-98,1&1,-7.0,206.5,11,4.0,0.5,2.2,-1.8,W,W,O,""0"
"May"",""03,"",2015,recap,Sun,2014,Warriors,Grizzlies,home,101-86,7&3,-10.0,196.5,15,5.0,-9.5,-2.2,-7.2,W,W,U,""0"
"May"",""05,"",2015,recap,Tue,2014,Warriors,Grizzlies,home,90-97,1&1,-10.5,196.5,-7,-17.5,-9.5,-13.5,4.0,L,L,U,""0"
"May"",""09,"",2015,recap,Sat,2014,Warriors,Grizzlies,away,89-99,3&3,-4.0,196.5,-10,-14.0,-8.5,-11.2,2.8,L,L,U,""0"
"May"",""11,"",2015,recap,Mon,2014,Warriors,Grizzlies,away,101-84,1&1,-4.5,195.5,17,12.5,-10.5,1.0,-11.5,W,W,U,""0"
"May"",""13,"",2015,recap,Wed,2014,Warriors,Grizzlies,home,98-78,1&1,-9.5,196.5,20,10.5,-20.5,-5.0,-15.5,W,W,U,""0"
"May"",""15,"",2015,recap,Fri,2014,Warriors,Grizzlies,away,108-95,1&1,-5.0,193.5,13,8.0,9.5,8.8,0.8,W,W,O,""0"
"May"",""19,"",2015,recap,Tue,2014,Warriors,Rockets,home,110-106,3&1,-10.0,219.5,4,-6.0,-3.5,-4.8,1.2,W,L,U,""0"
"May"",""21,"",2015,recap,Thu,2014,Warriors,Rockets,home,99-98,1&1,-10.0,219.0,1,-9.0,-22.0,-15.5,-6.5,W,L,U,""0"
"May"",""23,"",2015,recap,Sat,2014,Warriors,Rockets,away,115-80,1&1,0.0,215.0,35,35.0,-20.0,7.5,-27.5,W,W,U,0"
"May"",""25,"",2015,recap,Mon,2014,Warriors,Rockets,away,115-128,1&1,-4.5,214.0,-13,-17.5,29.0,5.8,23.2,L,L,O,0"
"May"",""27,"",2015,recap,Wed,2014,Warriors,Rockets,home,104-90,1&1,-10.0,216.5,14,4.0,-22.5,-9.2,-13.2,W,W,U,""0"
"Jun"",""04,"",2015,recap,Thu,2014,Warriors,Cavaliers,home,108-100,7&8,-6.0,204.0,8,2.0,4.0,3.0,1.0,W,W,O,""1"
"Jun"",""07,"",2015,recap,Sun,2014,Warriors,Cavaliers,home,93-95,2&2,-7.5,200.0,-2,-9.5,-12.0,-10.8,-1.2,L,L,U,""1"
"Jun"",""09,"",2015,recap,Tue,2014,Warriors,Cavaliers,away,91-96,1&1,-1.5,194.5,-5,-6.5,-7.5,-7.0,-0.5,L,L,U,0"
"Jun"",""11,"",2015,recap,Thu,2014,Warriors,Cavaliers,away,103-82,1&1,-3.5,194.0,21,17.5,-9.0,4.2,-13.2,W,W,U,0"
"Jun"",""14,"",2015,recap,Sun,2014,Warriors,Cavaliers,home,104-91,2&2,-9.5,195.5,13,3.5,-0.5,1.5,-2.0,W,W,U,""0"
"Jun"",""16,"",2015,recap,Tue,2014,Warriors,Cavaliers,away,105-97,1&1,-4.0,194.0,8,4.0,8.0,6.0,2.0,W,W,O,0"
"Oct"",""27,"",2015,recap,Tue,2015,Warriors,Pelicans,home,111-95,&,-10.0,213.5,16,6.0,-7.5,-0.8,-6.8,W,W,U,""0"
"Oct"",""30,"",2015,recap,Fri,2015,Warriors,Rockets,away,112-92,2&1,-1.0,215.5,20,19.0,-11.5,3.8,-15.2,W,W,U,""0"
"Oct"",""31,"",2015,recap,Sat,2015,Warriors,Pelicans,away,134-120,0&2,-5.5,212.5,14,8.5,41.5,25.0,16.5,W,W,O,""0"
"Nov"",""02,"",2015,recap,Mon,2015,Warriors,Grizzlies,home,119-69,1&1,-9.0,203.5,50,41.0,-15.5,12.8,-28.2,W,W,U,""0"
"Nov"",""04,"",2015,recap,Wed,2015,Warriors,Clippers,home,112-108,1&1,-7.5,219.0,4,-3.5,1.0,-1.2,2.2,W,L,O,""0"
"Nov"",""06,"",2015,recap,Fri,2015,Warriors,Nuggets,home,119-104,1&0,-17.5,212.5,15,-2.5,10.5,4.0,6.5,W,L,O,""0"
"Nov"",""07,"",2015,recap,Sat,2015,Warriors,Kings,away,103-94,0&0,-13.0,220.5,9,-4.0,-23.5,-13.8,-9.8,W,L,U,""0"
"Nov"",""09,"",2015,recap,Mon,2015,Warriors,Pistons,home,109-95,1&0,-12.0,208.0,14,2.0,-4.0,-1.0,-3.0,W,W,U,""0"
"Nov"",""11,"",2015,recap,Wed,2015,Warriors,Grizzlies,away,100-84,1&1,-7.0,200.0,16,9.0,-16.0,-3.5,-12.5,W,W,U,""0"
"Nov"",""12,"",2015,recap,Thu,2015,Warriors,Timberwolves,away,129-116,0&1,-10.0,211.0,13,3.0,34.0,18.5,15.5,W,W,O,0"
"Nov"",""14,"",2015,recap,Sat,2015,Warriors,Nets,home,107-99,1&0,-17.0,208.5,8,-9.0,-2.5,-5.8,3.2,W,L,U,""1"
"Nov"",""17,"",2015,recap,Tue,2015,Warriors,Raptors,home,115-110,2&1,-9.5,208.5,5,-4.5,16.5,6.0,10.5,W,L,O,""0"
"Nov"",""19,"",2015,recap,Thu,2015,Warriors,Clippers,away,124-117,1&4,-7.0,213.0,7,0.0,28.0,14.0,14.0,W,P,O,""0"
"Nov"",""20,"",2015,recap,Fri,2015,Warriors,Bulls,home,106-94,0&1,-9.5,208.0,12,2.5,-8.0,-2.8,-5.2,W,W,U,""0"
"Nov"",""22,"",2015,recap,Sun,2015,Warriors,Nuggets,away,118-105,1&1,-12.5,212.5,13,0.5,10.5,5.5,5.0,W,W,O,""0"
"Nov"",""24,"",2015,recap,Tue,2015,Warriors,Lakers,home,111-77,1&1,-17.0,215.0,34,17.0,-27.0,-5.0,-22.0,W,W,U,""0"
"Nov"",""27,"",2015,recap,Fri,2015,Warriors,Suns,away,135-116,2&1,-8.5,216.5,19,10.5,34.5,22.5,12.0,W,W,O,""0"
"Nov"",""28,"",2015,recap,Sat,2015,Warriors,Kings,home,120-101,0&0,-15.0,221.5,19,4.0,-0.5,1.8,-2.2,W,W,U,""0"
"Nov"",""30,"",2015,recap,Mon,2015,Warriors,Jazz,away,106-103,1&1,-7.5,201.5,3,-4.5,7.5,1.5,6.0,W,L,O,""0"
"Dec"",""02,"",2015,recap,Wed,2015,Warriors,Hornets,away,116-99,1&2,-9.0,210.0,17,8.0,5.0,6.5,-1.5,W,W,O,""0"
"Dec"",""05,"",2015,recap,Sat,2015,Warriors,Raptors,away,112-109,2&1,-7.5,210.0,3,-4.5,11.0,3.2,7.8,W,L,O,""0"
"Dec"",""06,"",2015,recap,Sun,2015,Warriors,Nets,away,114-98,0&1,-11.0,209.0,16,5.0,3.0,4.0,-1.0,W,W,O,""0"
"Dec"",""08,"",2015,recap,Tue,2015,Warriors,Pacers,away,131-123,1&2,-6.0,215.0,8,2.0,39.0,20.5,18.5,W,W,O,0"
"Dec"",""11,"",2015,recap,Fri,2015,Warriors,Celtics,away,124-119,2&1,-5.5,216.0,5,-0.5,27.0,13.2,13.8,W,L,O,""2"
"Dec"",""12,"",2015,recap,Sat,2015,Warriors,Bucks,away,95-108,0&0,-8.5,205.0,-13,-21.5,-2.0,-11.8,9.8,L,L,U,""0"
"Dec"",""16,"",2015,recap,Wed,2015,Warriors,Suns,home,128-103,3&1,-12.0,219.0,25,13.0,12.0,12.5,-0.5,W,W,O,""0"
"Dec"",""18,"",2015,recap,Fri,2015,Warriors,Bucks,home,121-112,1&1,-19.0,209.5,9,-10.0,23.5,6.8,16.8,W,L,O,""0"
"Dec"",""23,"",2015,recap,Wed,2015,Warriors,Jazz,home,103-85,4&1,-14.0,208.5,18,4.0,-20.5,-8.2,-12.2,W,W,U,""0"
"Dec"",""25,"",2015,recap,Fri,2015,Warriors,Cavaliers,home,89-83,1&1,-6.5,206.5,6,-0.5,-34.5,-17.5,-17.0,W,L,U,""0"
"Dec"",""28,"",2015,recap,Mon,2015,Warriors,Kings,home,122-103,2&0,-14.0,221.0,19,5.0,4.0,4.5,-0.5,W,W,O,""0"
"Dec"",""30,"",2015,recap,Wed,2015,Warriors,Mavericks,away,91-114,1&1,-3.5,209.5,-23,-26.5,-4.5,-15.5,11.0,L,L,U,""0"
"Dec"",""31,"",2015,recap,Thu,2015,Warriors,Rockets,away,114-110,0&1,2.5,212.0,4,6.5,12.0,9.2,2.8,W,W,O,""0"
"Jan"",""02,"",2016,recap,Sat,2015,Warriors,Nuggets,home,111-108,1&2,-14.0,215.0,3,-11.0,4.0,-3.5,7.5,W,L,O,""1"
"Jan"",""04,"",2016,recap,Mon,2015,Warriors,Hornets,home,111-101,1&1,-10.0,211.0,10,0.0,1.0,0.5,0.5,W,P,O,""0"
"Jan"",""05,"",2016,recap,Tue,2015,Warriors,Lakers,away,109-88,0&1,-13.0,212.5,21,8.0,-15.5,-3.8,-11.8,W,W,U,""0"
"Jan"",""08,"",2016,recap,Fri,2015,Warriors,Trailblazers,away,128-108,2&1,-9.5,213.0,20,10.5,23.0,16.8,6.2,W,W,O,""0"
"Jan"",""09,"",2016,recap,Sat,2015,Warriors,Kings,away,128-116,0&1,-8.0,223.5,12,4.0,20.5,12.2,8.2,W,W,O,""0"
"Jan"",""11,"",2016,recap,Mon,2015,Warriors,Heat,home,111-103,1&1,-13.0,207.0,8,-5.0,7.0,1.0,6.0,W,L,O,""0"
"Jan"",""13,"",2016,recap,Wed,2015,Warriors,Nuggets,away,110-112,1&2,-9.5,214.5,-2,-11.5,7.5,-2.0,9.5,L,L,O,""0"
"Jan"",""14,"",2016,recap,Thu,2015,Warriors,Lakers,home,116-98,0&1,-17.0,216.5,18,1.0,-2.5,-0.8,-1.8,W,W,U,""0"
"Jan"",""16,"",2016,recap,Sat,2015,Warriors,Pistons,away,95-113,1&1,-6.5,215.0,-18,-24.5,-7.0,-15.8,8.8,L,L,U,""0"
"Jan"",""18,"",2016,recap,Mon,2015,Warriors,Cavaliers,away,132-98,1&2,3.0,209.5,34,37.0,20.5,28.8,-8.2,W,W,O,""0"
"Jan"",""20,"",2016,recap,Wed,2015,Warriors,Bulls,away,125-94,1&1,-7.0,216.5,31,24.0,2.5,13.2,-10.8,W,W,O,""0"
"Jan"",""22,"",2016,recap,Fri,2015,Warriors,Pacers,home,122-110,1&2,-12.5,216.5,12,-0.5,15.5,7.5,8.0,W,L,O,""0"
"Jan"",""25,"",2016,recap,Mon,2015,Warriors,Spurs,home,120-90,2&2,-5.0,210.5,30,25.0,-0.5,12.2,-12.8,W,W,U,""0"
"Jan"",""27,"",2016,recap,Wed,2015,Warriors,Mavericks,home,127-107,1&0,-17.5,216.0,20,2.5,18.0,10.2,7.8,W,W,O,""0"
"Jan"",""30,"",2016,recap,Sat,2015,Warriors,Seventysixers,away,108-105,2&2,-17.0,218.0,3,-14.0,-5.0,-9.5,4.5,W,L,U,0"
"Jan"",""31,"",2016,recap,Sun,2015,Warriors,Knicks,away,116-95,0&1,-10.5,219.0,21,10.5,-8.0,1.2,-9.2,W,W,U,""0"
"Feb"",""03,"",2016,recap,Wed,2015,Warriors,Wizards,away,134-121,2&1,-10.5,227.0,13,2.5,28.0,15.2,12.8,W,W,O,0"
"Feb"",""06,"",2016,recap,Sat,2015,Warriors,Thunder,home,116-108,2&2,-8.0,232.0,8,0.0,-8.0,-4.0,-4.0,W,P,U,""0"
"Feb"",""09,"",2016,recap,Tue,2015,Warriors,Rockets,home,123-110,2&2,-14.0,230.5,13,-1.0,2.5,0.8,1.8,W,L,O,""0"
"Feb"",""10,"",2016,recap,Wed,2015,Warriors,Suns,away,112-104,0&1,-16.5,219.5,8,-8.5,-3.5,-6.0,2.5,W,L,U,""0"
"Feb"",""19,"",2016,recap,Fri,2015,Warriors,Trailblazers,away,105-137,8&8,-8.0,225.0,-32,-40.0,17.0,-11.5,28.5,L,L,O,""0"
"Feb"",""20,"",2016,recap,Sat,2015,Warriors,Clippers,away,115-112,0&1,-4.0,226.5,3,-1.0,0.5,-0.2,0.8,W,L,O,""0"
"Feb"",""22,"",2016,recap,Mon,2015,Warriors,Hawks,away,102-92,1&1,-7.0,225.0,10,3.0,-31.0,-14.0,-17.0,W,W,U,""0"
"Feb"",""24,"",2016,recap,Wed,2015,Warriors,Heat,away,118-112,1&1,-8.5,218.0,6,-2.5,12.0,4.8,7.2,W,L,O,""0"
"Feb"",""25,"",2016,recap,Thu,2015,Warriors,Magic,away,130-114,0&1,-8.5,223.5,16,7.5,20.5,14.0,6.5,W,W,O,""0"
"Feb"",""27,"",2016,recap,Sat,2015,Warriors,Thunder,away,121-118,1&1,-3.0,233.5,3,0.0,5.5,2.8,2.8,W,P,O,1"
"Mar"",""01,"",2016,recap,Tue,2015,Warriors,Hawks,home,109-105,2&1,-6.0,215.0,4,-2.0,-1.0,-1.5,0.5,W,L,U,""1"
"Mar"",""03,"",2016,recap,Thu,2015,Warriors,Thunder,home,121-106,1&0,-8.0,228.0,15,7.0,-1.0,3.0,-4.0,W,W,U,""0"
"Mar"",""06,"",2016,recap,Sun,2015,Warriors,Lakers,away,95-112,2&1,-17.0,220.5,-17,-34.0,-13.5,-23.8,10.2,L,L,U,""0"
"Mar"",""07,"",2016,recap,Mon,2015,Warriors,Magic,home,119-113,0&2,-14.0,225.5,6,-8.0,6.5,-0.8,7.2,W,L,O,""0"
"Mar"",""09,"",2016,recap,Wed,2015,Warriors,Jazz,home,115-94,1&0,-13.5,208.0,21,7.5,1.0,4.2,-3.2,W,W,O,""0"
"Mar"",""11,"",2016,recap,Fri,2015,Warriors,Trailblazers,home,128-112,1&2,-13.5,227.5,16,2.5,12.5,7.5,5.0,W,W,O,""0"
"Mar"",""12,"",2016,recap,Sat,2015,Warriors,Suns,home,123-116,0&1,-17.5,227.0,7,-10.5,12.0,0.8,11.2,W,L,O,""0"
"Mar"",""14,"",2016,recap,Mon,2015,Warriors,Pelicans,home,125-107,1&1,-15.5,230.5,18,2.5,1.5,2.0,-0.5,W,W,O,""0"
"Mar"",""16,"",2016,recap,Wed,2015,Warriors,Knicks,home,121-85,1&2,-15.0,222.0,36,21.0,-16.0,2.5,-18.5,W,W,U,""0"
"Mar"",""18,"",2016,recap,Fri,2015,Warriors,Mavericks,away,130-112,1&1,-9.0,226.5,18,9.0,15.5,12.2,3.2,W,W,O,""0"
"Mar"",""19,"",2016,recap,Sat,2015,Warriors,Spurs,away,79-87,0&1,4.5,219.0,-8,-3.5,-53.0,-28.2,-24.8,L,L,U,""0"
"Mar"",""21,"",2016,recap,Mon,2015,Warriors,Timberwolves,away,109-104,1&2,-12.0,232.0,5,-7.0,-19.0,-13.0,-6.0,W,L,U,0"
"Mar"",""23,"",2016,recap,Wed,2015,Warriors,Clippers,home,114-98,1&2,-10.0,223.5,16,6.0,-11.5,-2.8,-8.8,W,W,U,""0"
"Mar"",""25,"",2016,recap,Fri,2015,Warriors,Mavericks,home,128-120,1&1,-15.0,223.5,8,-7.0,24.5,8.8,15.8,W,L,O,""0"
"Mar"",""27,"",2016,recap,Sun,2015,Warriors,Seventysixers,home,117-105,1&0,-21.5,225.0,12,-9.5,-3.0,-6.2,3.2,W,L,U,""0"
"Mar"",""29,"",2016,recap,Tue,2015,Warriors,Wizards,home,102-94,1&1,-12.5,226.5,8,-4.5,-30.5,-17.5,-13.0,W,L,U,""0"
"Mar"",""30,"",2016,recap,Wed,2015,Warriors,Jazz,away,103-96,0&1,-5.0,203.0,7,2.0,-4.0,-1.0,-3.0,W,W,U,""1"
"Apr"",""01,"",2016,recap,Fri,2015,Warriors,Celtics,home,106-109,1&0,-12.0,222.0,-3,-15.0,-7.0,-11.0,4.0,L,L,U,""0"
"Apr"",""03,"",2016,recap,Sun,2015,Warriors,Trailblazers,home,136-111,1&0,-12.0,227.0,25,13.0,20.0,16.5,3.5,W,W,O,""0"
"Apr"",""05,"",2016,recap,Tue,2015,Warriors,Timberwolves,home,117-124,1&1,-15.5,226.0,-7,-22.5,15.0,-3.8,18.8,L,L,O,""1"
"Apr"",""07,"",2016,recap,Thu,2015,Warriors,Spurs,home,112-101,1&1,-6.5,208.0,11,4.5,5.0,4.8,0.2,W,W,O,""0"
"Apr"",""09,"",2016,recap,Sat,2015,Warriors,Grizzlies,away,100-99,1&0,-12.5,212.0,1,-11.5,-13.0,-12.2,-0.8,W,L,U,""0"
"Apr"",""10,"",2016,recap,Sun,2015,Warriors,Spurs,away,92-86,0&1,4.0,205.0,6,10.0,-27.0,-8.5,-18.5,W,W,U,""0"
"Apr"",""13,"",2016,recap,Wed,2015,Warriors,Grizzlies,home,125-104,2&0,-18.5,213.0,21,2.5,16.0,9.2,6.8,W,W,O,""0"
"Apr"",""16,"",2016,recap,Sat,2015,Warriors,Rockets,home,104-78,2&2,-13.5,225.5,26,12.5,-43.5,-15.5,-28.0,W,W,U,""0"
"Apr"",""18,"",2016,recap,Mon,2015,Warriors,Rockets,home,115-106,1&1,-9.5,217.0,9,-0.5,4.0,1.8,2.2,W,L,O,""0"
"Apr"",""21,"",2016,recap,Thu,2015,Warriors,Rockets,away,96-97,2&2,-3.5,215.5,-1,-4.5,-22.5,-13.5,-9.0,L,L,U,0"
"Apr"",""24,"",2016,recap,Sun,2015,Warriors,Rockets,away,121-94,2&2,-8.5,217.5,27,18.5,-2.5,8.0,-10.5,W,W,U,0"
"Apr"",""27,"",2016,recap,Wed,2015,Warriors,Rockets,home,114-81,2&2,-9.5,212.0,33,23.5,-17.0,3.2,-20.2,W,W,U,""0"
"May"",""01,"",2016,recap,Sun,2015,Warriors,Trailblazers,home,118-106,3&1,-9.5,210.0,12,2.5,14.0,8.2,5.8,W,W,O,""0"
"May"",""03,"",2016,recap,Tue,2015,Warriors,Trailblazers,home,110-99,1&1,-9.5,212.0,11,1.5,-3.0,-0.8,-2.2,W,W,U,""0"
"May"",""07,"",2016,recap,Sat,2015,Warriors,Trailblazers,away,108-120,3&3,-3.0,213.0,-12,-15.0,15.0,0.0,15.0,L,L,O,0"
"May"",""09,"",2016,recap,Mon,2015,Warriors,Trailblazers,away,132-125,1&1,-6.0,215.5,7,1.0,41.5,21.2,20.2,W,W,O,1"
"May"",""11,"",2016,recap,Wed,2015,Warriors,Trailblazers,home,125-121,1&1,-12.0,217.5,4,-8.0,28.5,10.2,18.2,W,L,O,""0"
"May"",""16,"",2016,recap,Mon,2015,Warriors,Thunder,home,102-108,4&3,-7.5,224.5,-6,-13.5,-14.5,-14.0,-0.5,L,L,U,""0"
"May"",""18,"",2016,recap,Wed,2015,Warriors,Thunder,home,118-91,1&1,-9.0,223.0,27,18.0,-14.0,2.0,-16.0,W,W,U,""0"
"May"",""22,"",2016,recap,Sun,2015,Warriors,Thunder,away,105-133,3&3,-2.5,220.0,-28,-30.5,18.0,-6.2,24.2,L,L,O,0"
"May"",""24,"",2016,recap,Tue,2015,Warriors,Thunder,away,94-118,1&1,-1.5,222.0,-24,-25.5,-10.0,-17.8,7.8,L,L,U,0"
"May"",""26,"",2016,recap,Thu,2015,Warriors,Thunder,home,120-111,1&1,-7.5,220.5,9,1.5,10.5,6.0,4.5,W,W,O,""0"
"May"",""28,"",2016,recap,Sat,2015,Warriors,Thunder,away,108-101,1&1,3.0,220.5,7,10.0,-11.5,-0.8,-10.8,W,W,U,0"
"May"",""30,"",2016,recap,Mon,2015,Warriors,Thunder,home,96-88,1&1,-7.0,218.0,8,1.0,-34.0,-16.5,-17.5,W,W,U,""0"
"Jun"",""02,"",2016,recap,Thu,2015,Warriors,Cavaliers,home,104-89,2&5,-6.0,208.0,15,9.0,-15.0,-3.0,-12.0,W,W,U,""0"
"Jun"",""05,"",2016,recap,Sun,2015,Warriors,Cavaliers,home,110-77,2&2,-6.0,209.0,33,27.0,-22.0,2.5,-24.5,W,W,U,""0"
"Jun"",""08,"",2016,recap,Wed,2015,Warriors,Cavaliers,away,90-120,2&2,1.5,206.0,-30,-28.5,4.0,-12.2,16.2,L,L,O,0"
"Jun"",""10,"",2016,recap,Fri,2015,Warriors,Cavaliers,away,108-97,1&1,2.0,206.5,11,13.0,-1.5,5.8,-7.2,W,W,U,0"
"Jun"",""13,"",2016,recap,Mon,2015,Warriors,Cavaliers,home,97-112,2&2,-5.5,207.5,-15,-20.5,1.5,-9.5,11.0,L,L,O,""0"
"Jun"",""16,"",2016,recap,Thu,2015,Warriors,Cavaliers,away,101-115,2&2,2.5,207.5,-14,-11.5,8.5,-1.5,10.0,L,L,O,0"
"Jun"",""19,"",2016,recap,Sun,2015,Warriors,Cavaliers,home,89-93,2&2,-5.0,206.5,-4,-9.0,-24.5,-16.8,-7.8,L,L,U,""0"
"Oct"",""25,"",2016,recap,Tue,2016,Warriors,Spurs,home,100-129,&,-8.0,211.5,-29,-37.0,17.5,-9.8,27.2,L,L,O,""0"
"Oct"",""28,"",2016,recap,Fri,2016,Warriors,Pelicans,away,122-114,2&1,-11.0,222.5,8,-3.0,13.5,5.2,8.2,W,L,O,""0"
"Oct"",""30,"",2016,recap,Sun,2016,Warriors,Suns,away,106-100,1&1,-11.5,226.0,6,-5.5,-20.0,-12.8,-7.2,W,L,U,""0"
"Nov"",""01,"",2016,recap,Tue,2016,Warriors,Trailblazers,away,127-104,1&2,-5.5,226.0,23,17.5,5.0,11.2,-6.2,W,W,O,0"
"Nov"",""03,"",2016,recap,Thu,2016,Warriors,Thunder,home,122-96,1&0,-11.5,222.0,26,14.5,-4.0,5.2,-9.2,W,W,U,""0"
"Nov"",""04,"",2016,recap,Fri,2016,Warriors,Lakers,away,97-117,0&1,-11.0,229.0,-20,-31.0,-15.0,-23.0,8.0,L,L,U,""0"
"Nov"",""07,"",2016,recap,Mon,2016,Warriors,Pelicans,home,116-106,2&2,-17.0,222.5,10,-7.0,-0.5,-3.8,3.2,W,L,U,""0"
"Nov"",""09,"",2016,recap,Wed,2016,Warriors,Mavericks,home,116-95,1&0,-16.0,209.0,21,5.0,2.0,3.5,-1.5,W,W,O,""0"
"Nov"",""10,"",2016,recap,Thu,2016,Warriors,Nuggets,away,125-101,0&1,-6.5,221.0,24,17.5,5.0,11.2,-6.2,W,W,O,0"
"Nov"",""13,"",2016,recap,Sun,2016,Warriors,Suns,home,133-120,2&0,-16.5,228.0,13,-3.5,25.0,10.8,14.2,W,L,O,""0"
"Nov"",""16,"",2016,recap,Wed,2016,Warriors,Raptors,away,127-121,2&0,-5.5,222.5,6,0.5,25.5,13.0,12.5,W,W,O,""0"
"Nov"",""18,"",2016,recap,Fri,2016,Warriors,Celtics,away,104-88,1&1,-8.5,225.0,16,7.5,-33.0,-12.8,-20.2,W,W,U,""0"
"Nov"",""19,"",2016,recap,Sat,2016,Warriors,Bucks,away,124-121,0&1,-8.0,220.0,3,-5.0,25.0,10.0,15.0,W,L,O,""0"
"Nov"",""21,"",2016,recap,Mon,2016,Warriors,Pacers,away,120-83,1&0,-14.5,218.0,37,22.5,-15.0,3.8,-18.8,W,W,U,""0"
"Nov"",""23,"",2016,recap,Wed,2016,Warriors,Lakers,home,149-106,1&0,-17.5,230.0,43,25.5,25.0,25.2,-0.2,W,W,O,""0"
"Nov"",""25,"",2016,recap,Fri,2016,Warriors,Lakers,away,109-85,1&1,-13.0,229.5,24,11.0,-35.5,-12.2,-23.2,W,W,U,""0"
"Nov"",""26,"",2016,recap,Sat,2016,Warriors,Timberwolves,home,115-102,0&0,-13.5,222.0,13,-0.5,-5.0,-2.8,-2.2,W,L,U,""0"
"Nov"",""28,"",2016,recap,Mon,2016,Warriors,Hawks,home,105-100,1&0,-13.5,217.5,5,-8.5,-12.5,-10.5,-2.0,W,L,U,""0"
"Dec"",""01,"",2016,recap,Thu,2016,Warriors,Rockets,home,127-132,2&1,-10.5,231.5,-5,-15.5,27.5,6.0,21.5,L,L,O,""2"
"Dec"",""03,"",2016,recap,Sat,2016,Warriors,Suns,home,138-109,1&2,-16.5,229.0,29,12.5,18.0,15.2,2.8,W,W,O,""0"
"Dec"",""05,"",2016,recap,Mon,2016,Warriors,Pacers,home,142-106,1&0,-14.5,224.0,36,21.5,24.0,22.8,1.2,W,W,O,""0"
"Dec"",""07,"",2016,recap,Wed,2016,Warriors,Clippers,away,115-98,1&2,-4.0,224.0,17,13.0,-11.0,1.0,-12.0,W,W,U,""0"
"Dec"",""08,"",2016,recap,Thu,2016,Warriors,Jazz,away,106-99,0&1,-8.5,208.5,7,-1.5,-3.5,-2.5,-1.0,W,L,U,""0"
"Dec"",""10,"",2016,recap,Sat,2016,Warriors,Grizzlies,away,89-110,1&1,-11.5,210.0,-21,-32.5,-11.0,-21.8,10.8,L,L,U,""0"
"Dec"",""11,"",2016,recap,Sun,2016,Warriors,Timberwolves,away,116-108,0&1,-10.0,224.5,8,-2.0,-0.5,-1.2,0.8,W,L,U,0"
"Dec"",""13,"",2016,recap,Tue,2016,Warriors,Pelicans,away,113-109,1&1,-10.5,224.5,4,-6.5,-2.5,-4.5,2.0,W,L,U,""0"
"Dec"",""15,"",2016,recap,Thu,2016,Warriors,Knicks,home,103-90,1&1,-16.0,222.5,13,-3.0,-29.5,-16.2,-13.2,W,L,U,""0"
"Dec"",""17,"",2016,recap,Sat,2016,Warriors,Trailblazers,home,135-90,1&1,-14.5,231.0,45,30.5,-6.0,12.2,-18.2,W,W,U,""0"
"Dec"",""20,"",2016,recap,Tue,2016,Warriors,Jazz,home,104-74,2&1,-12.5,209.5,30,17.5,-31.5,-7.0,-24.5,W,W,U,""0"
"Dec"",""22,"",2016,recap,Thu,2016,Warriors,Nets,away,117-101,1&1,-13.5,230.0,16,2.5,-12.0,-4.8,-7.2,W,W,U,""0"
"Dec"",""23,"",2016,recap,Fri,2016,Warriors,Pistons,away,119-113,0&1,-7.5,214.5,6,-1.5,17.5,8.0,9.5,W,L,O,""0"
"Dec"",""25,"",2016,recap,Sun,2016,Warriors,Cavaliers,away,108-109,1&1,-2.5,219.5,-1,-3.5,-2.5,-3.0,0.5,L,L,U,""0"
"Dec"",""28,"",2016,recap,Wed,2016,Warriors,Raptors,home,121-111,2&1,-9.5,227.0,10,0.5,5.0,2.8,2.2,W,W,O,""0"
"Dec"",""30,"",2016,recap,Fri,2016,Warriors,Mavericks,home,108-99,1&0,-18.0,212.0,9,-9.0,-5.0,-7.0,2.0,W,L,U,""0"
"Jan"",""02,"",2017,recap,Mon,2016,Warriors,Nuggets,home,127-119,2&2,-15.0,230.5,8,-7.0,15.5,4.2,11.2,W,L,O,""0"
"Jan"",""04,"",2017,recap,Wed,2016,Warriors,Trailblazers,home,125-117,1&2,-15.0,223.5,8,-7.0,18.5,5.8,12.8,W,L,O,""0"
"Jan"",""06,"",2017,recap,Fri,2016,Warriors,Grizzlies,home,119-128,1&1,-13.0,216.0,-9,-22.0,31.0,4.5,26.5,L,L,O,""1"
"Jan"",""08,"",2017,recap,Sun,2016,Warriors,Kings,away,117-106,1&1,-11.0,223.5,11,0.0,-0.5,-0.2,-0.2,W,P,U,""0"
"Jan"",""10,"",2017,recap,Tue,2016,Warriors,Heat,home,107-95,1&1,-14.5,218.0,12,-2.5,-16.0,-9.2,-6.8,W,L,U,""0"
"Jan"",""12,"",2017,recap,Thu,2016,Warriors,Pistons,home,127-107,1&1,-13.5,218.5,20,6.5,15.5,11.0,4.5,W,W,O,""0"
"Jan"",""16,"",2017,recap,Mon,2016,Warriors,Cavaliers,home,126-91,3&2,-8.5,226.5,35,26.5,-9.5,8.5,-18.0,W,W,U,""0"
"Jan"",""18,"",2017,recap,Wed,2016,Warriors,Thunder,home,121-100,1&1,-13.5,228.0,21,7.5,-7.0,0.2,-7.2,W,W,U,""0"
"Jan"",""20,"",2017,recap,Fri,2016,Warriors,Rockets,away,125-108,1&1,-5.5,238.0,17,11.5,-5.0,3.2,-8.2,W,W,U,""0"
"Jan"",""22,"",2017,recap,Sun,2016,Warriors,Magic,away,118-98,1&1,-14.0,224.5,20,6.0,-8.5,-1.2,-7.2,W,W,U,""0"
"Jan"",""23,"",2017,recap,Mon,2016,Warriors,Heat,away,102-105,0&1,-11.0,216.5,-3,-14.0,-9.5,-11.8,2.2,L,L,U,""0"
"Jan"",""25,"",2017,recap,Wed,2016,Warriors,Hornets,away,113-103,1&1,-9.5,222.0,10,0.5,-6.0,-2.8,-3.2,W,W,U,""0"
"Jan"",""28,"",2017,recap,Sat,2016,Warriors,Clippers,home,144-98,2&3,-13.0,224.5,46,33.0,17.5,25.2,-7.8,W,W,O,""0"
"Jan"",""29,"",2017,recap,Sun,2016,Warriors,Trailblazers,away,113-111,0&1,-6.0,225.0,2,-4.0,-1.0,-2.5,1.5,W,L,U,0"
"Feb"",""01,"",2017,recap,Wed,2016,Warriors,Hornets,home,126-111,2&0,-15.0,226.0,15,0.0,11.0,5.5,5.5,W,P,O,""0"
"Feb"",""02,"",2017,recap,Thu,2016,Warriors,Clippers,away,133-120,0&0,-8.5,229.5,13,4.5,23.5,14.0,9.5,W,W,O,""0"
"Feb"",""04,"",2017,recap,Sat,2016,Warriors,Kings,away,106-109,1&0,-14.0,224.5,-3,-17.0,-9.5,-13.2,3.8,L,L,U,""1"
"Feb"",""08,"",2017,recap,Wed,2016,Warriors,Bulls,home,123-92,3&1,-17.0,220.0,31,14.0,-5.0,4.5,-9.5,W,W,U,""0"
"Feb"",""10,"",2017,recap,Fri,2016,Warriors,Grizzlies,away,122-107,1&1,-8.0,216.0,15,7.0,13.0,10.0,3.0,W,W,O,""0"
"Feb"",""11,"",2017,recap,Sat,2016,Warriors,Thunder,away,130-114,0&1,-8.0,228.0,16,8.0,16.0,12.0,4.0,W,W,O,0"
"Feb"",""13,"",2017,recap,Mon,2016,Warriors,Nuggets,away,110-132,1&1,-12.0,238.5,-22,-34.0,3.5,-15.2,18.8,L,L,O,""0"
"Feb"",""15,"",2017,recap,Wed,2016,Warriors,Kings,home,109-86,1&0,-18.5,224.0,23,4.5,-29.0,-12.2,-16.8,W,W,U,""0"
"Feb"",""23,"",2017,recap,Thu,2016,Warriors,Clippers,home,123-113,7&7,-12.5,230.5,10,-2.5,5.5,1.5,4.0,W,L,O,""0"
"Feb"",""25,"",2017,recap,Sat,2016,Warriors,Nets,home,112-95,1&0,-21.0,233.0,17,-4.0,-26.0,-15.0,-11.0,W,L,U,""0"
"Feb"",""27,"",2017,recap,Mon,2016,Warriors,Seventysixers,away,119-108,1&1,-13.5,228.5,11,-2.5,-1.5,-2.0,0.5,W,L,U,0"
"Feb"",""28,"",2017,recap,Tue,2016,Warriors,Wizards,away,108-112,0&1,-6.0,229.5,-4,-10.0,-9.5,-9.8,0.2,L,L,U,0"
"Mar"",""02,"",2017,recap,Thu,2016,Warriors,Bulls,away,87-94,1&1,-6.5,217.0,-7,-13.5,-36.0,-24.8,-11.2,L,L,U,""0"
"Mar"",""05,"",2017,recap,Sun,2016,Warriors,Knicks,away,112-105,2&1,-9.5,220.0,7,-2.5,-3.0,-2.8,-0.2,W,L,U,""0"
"Mar"",""06,"",2017,recap,Mon,2016,Warriors,Hawks,away,119-111,0&0,-6.0,217.0,8,2.0,13.0,7.5,5.5,W,W,O,""0"
"Mar"",""08,"",2017,recap,Wed,2016,Warriors,Celtics,home,86-99,1&1,-8.0,221.5,-13,-21.0,-36.5,-28.8,-7.8,L,L,U,""0"
"Mar"",""10,"",2017,recap,Fri,2016,Warriors,Timberwolves,away,102-103,1&1,-4.5,213.0,-1,-5.5,-8.0,-6.8,-1.2,L,L,U,0"
"Mar"",""11,"",2017,recap,Sat,2016,Warriors,Spurs,away,85-107,0&1,12.0,198.5,-22,-10.0,-6.5,-8.2,1.8,L,L,U,""0"
"Mar"",""14,"",2017,recap,Tue,2016,Warriors,Seventysixers,home,106-104,2&1,-16.5,220.0,2,-14.5,-10.0,-12.2,2.2,W,L,U,""0"
"Mar"",""16,"",2017,recap,Thu,2016,Warriors,Magic,home,122-92,1&2,-14.5,219.0,30,15.5,-5.0,5.2,-10.2,W,W,U,""0"
"Mar"",""18,"",2017,recap,Sat,2016,Warriors,Bucks,home,117-92,1&0,-11.5,214.0,25,13.5,-5.0,4.2,-9.2,W,W,U,""0"
"Mar"",""20,"",2017,recap,Mon,2016,Warriors,Thunder,away,111-95,1&1,-2.0,221.5,16,14.0,-15.5,-0.8,-14.8,W,W,U,0"
"Mar"",""21,"",2017,recap,Tue,2016,Warriors,Mavericks,away,112-87,0&1,-5.0,209.0,25,20.0,-10.0,5.0,-15.0,W,W,U,""0"
"Mar"",""24,"",2017,recap,Fri,2016,Warriors,Kings,home,114-100,2&1,-17.5,214.0,14,-3.5,0.0,-1.8,1.8,W,L,P,""0"
"Mar"",""26,"",2017,recap,Sun,2016,Warriors,Grizzlies,home,106-94,1&2,-11.0,208.0,12,1.0,-8.0,-3.5,-4.5,W,W,U,""0"
"Mar"",""28,"",2017,recap,Tue,2016,Warriors,Rockets,away,113-106,1&1,1.0,233.5,7,8.0,-14.5,-3.2,-11.2,W,W,U,""0"
"Mar"",""29,"",2017,recap,Wed,2016,Warriors,Spurs,away,110-98,0&1,4.0,208.0,12,16.0,0.0,8.0,-8.0,W,W,P,0"
"Mar"",""31,"",2017,recap,Fri,2016,Warriors,Rockets,home,107-98,1&0,-9.0,230.5,9,0.0,-25.5,-12.8,-12.8,W,P,U,""0"
"Apr"",""02,"",2017,recap,Sun,2016,Warriors,Wizards,home,139-115,1&1,-10.0,223.0,24,14.0,31.0,22.5,8.5,W,W,O,""0"
"Apr"",""04,"",2017,recap,Tue,2016,Warriors,Timberwolves,home,121-107,1&0,-14.0,219.0,14,0.0,9.0,4.5,4.5,W,P,O,""0"
"Apr"",""05,"",2017,recap,Wed,2016,Warriors,Suns,away,120-111,0&2,-9.0,228.0,9,0.0,3.0,1.5,1.5,W,P,O,0"
"Apr"",""08,"",2017,recap,Sat,2016,Warriors,Pelicans,home,123-101,2&0,-18.0,218.0,22,4.0,6.0,5.0,1.0,W,W,O,""0"
"Apr"",""10,"",2017,recap,Mon,2016,Warriors,Jazz,home,99-105,1&1,-9.0,206.5,-6,-15.0,-2.5,-8.8,6.2,L,L,U,""0"
"Apr"",""12,"",2017,recap,Wed,2016,Warriors,Lakers,home,109-94,1&0,-14.5,220.5,15,0.5,-17.5,-8.5,-9.0,W,W,U,""0"
"Apr"",""16,"",2017,recap,Sun,2016,Warriors,Trailblazers,home,121-109,3&3,-14.5,221.0,12,-2.5,9.0,3.2,5.8,W,L,O,""0"
"Apr"",""19,"",2017,recap,Wed,2016,Warriors,Trailblazers,home,110-81,2&2,-14.0,219.0,29,15.0,-28.0,-6.5,-21.5,W,W,U,""0"
"Apr"",""22,"",2017,recap,Sat,2016,Warriors,Trailblazers,away,119-113,2&2,-5.5,217.5,6,0.5,14.5,7.5,7.0,W,W,O,0"
"Apr"",""24,"",2017,recap,Mon,2016,Warriors,Trailblazers,away,128-103,1&1,-8.5,222.0,25,16.5,9.0,12.8,-3.8,W,W,O,0"
"May"",""02,"",2017,recap,Tue,2016,Warriors,Jazz,home,106-94,7&1,-13.0,206.5,12,-1.0,-6.5,-3.8,-2.8,W,L,U,""0"
"May"",""04,"",2017,recap,Thu,2016,Warriors,Jazz,home,115-104,1&1,-13.0,206.0,11,-2.0,13.0,5.5,7.5,W,L,O,""0"
"May"",""06,"",2017,recap,Sat,2016,Warriors,Jazz,away,102-91,1&1,-6.0,207.5,11,5.0,-14.5,-4.8,-9.8,W,W,U,0"
"May"",""08,"",2017,recap,Mon,2016,Warriors,Jazz,away,121-95,1&1,-8.5,206.5,26,17.5,9.5,13.5,-4.0,W,W,O,0"
"May"",""14,"",2017,recap,Sun,2016,Warriors,Spurs,home,113-111,5&2,-10.0,211.0,2,-8.0,13.0,2.5,10.5,W,L,O,""0"
"May"",""16,"",2017,recap,Tue,2016,Warriors,Spurs,home,136-100,1&1,-13.5,210.5,36,22.5,25.5,24.0,1.5,W,W,O,""0"
"May"",""20,"",2017,recap,Sat,2016,Warriors,Spurs,away,120-108,3&3,-8.5,214.0,12,3.5,14.0,8.8,5.2,W,W,O,0"
"May"",""22,"",2017,recap,Mon,2016,Warriors,Spurs,away,129-115,1&1,-11.0,218.0,14,3.0,26.0,14.5,11.5,W,W,O,0"
"Jun"",""01,"",2017,recap,Thu,2016,Warriors,Cavaliers,home,113-91,9&6,-7.5,225.0,22,14.5,-21.0,-3.2,-17.8,W,W,U,""0"
"Jun"",""04,"",2017,recap,Sun,2016,Warriors,Cavaliers,home,132-113,2&2,-9.0,221.5,19,10.0,23.5,16.8,6.8,W,W,O,""0"
"Jun"",""07,"",2017,recap,Wed,2016,Warriors,Cavaliers,away,118-113,2&2,-3.5,227.0,5,1.5,4.0,2.8,1.2,W,W,O,0"
"Jun"",""09,"",2017,recap,Fri,2016,Warriors,Cavaliers,away,116-137,1&1,-6.5,228.0,-21,-27.5,25.0,-1.2,26.2,L,L,O,0"
"Jun"",""12,"",2017,recap,Mon,2016,Warriors,Cavaliers,home,129-120,2&2,-8.5,231.0,9,0.5,18.0,9.2,8.8,W,W,O,""0"
"Oct"",""17,"",2017,recap,Tue,2017,Warriors,Rockets,home,121-122,&,-9.0,228.5,-1,-10.0,14.5,2.2,12.2,L,L,O,""0"
"Oct"",""20,"",2017,recap,Fri,2017,Warriors,Pelicans,away,128-120,2&1,-8.5,222.0,8,-0.5,26.0,12.8,13.2,W,L,O,""0"
"Oct"",""21,"",2017,recap,Sat,2017,Warriors,Grizzlies,away,101-111,0&2,-7.5,212.5,-10,-17.5,-0.5,-9.0,8.5,L,L,U,""0"
"Oct"",""23,"",2017,recap,Mon,2017,Warriors,Mavericks,away,133-103,1&1,-13.5,217.5,30,16.5,18.5,17.5,1.0,W,W,O,""0"
"Oct"",""25,"",2017,recap,Wed,2017,Warriors,Raptors,home,117-112,1&1,-12.0,228.5,5,-7.0,0.5,-3.2,3.8,W,L,O,""0"
"Oct"",""27,"",2017,recap,Fri,2017,Warriors,Wizards,home,120-117,1&1,-12.0,230.5,3,-9.0,6.5,-1.2,7.8,W,L,O,""0"
"Oct"",""29,"",2017,recap,Sun,2017,Warriors,Pistons,home,107-115,1&0,-13.0,222.0,-8,-21.0,0.0,-10.5,10.5,L,L,P,""0"
"Oct"",""30,"",2017,recap,Mon,2017,Warriors,Clippers,away,141-113,0&1,-6.0,223.0,28,22.0,31.0,26.5,4.5,W,W,O,""0"
"Nov"",""02,"",2017,recap,Thu,2017,Warriors,Spurs,away,112-92,2&2,-8.0,216.5,20,12.0,-12.5,-0.2,-12.2,W,W,U,""0"
"Nov"",""04,"",2017,recap,Sat,2017,Warriors,Nuggets,away,127-108,1&0,-9.0,228.5,19,10.0,6.5,8.2,-1.8,W,W,O,""0"
"Nov"",""06,"",2017,recap,Mon,2017,Warriors,Heat,home,97-80,1&0,-16.0,223.5,17,1.0,-46.5,-22.8,-23.8,W,W,U,""0"
"Nov"",""08,"",2017,recap,Wed,2017,Warriors,Timberwolves,home,125-101,1&2,-10.5,227.0,24,13.5,-1.0,6.2,-7.2,W,W,U,""0"
"Nov"",""11,"",2017,recap,Sat,2017,Warriors,Seventysixers,home,135-114,2&1,-14.0,231.0,21,7.0,18.0,12.5,5.5,W,W,O,""0"
"Nov"",""13,"",2017,recap,Mon,2017,Warriors,Magic,home,110-100,1&1,-13.0,229.0,10,-3.0,-19.0,-11.0,-8.0,W,L,U,""0"
"Nov"",""16,"",2017,recap,Thu,2017,Warriors,Celtics,away,88-92,2&1,-7.5,217.0,-4,-11.5,-37.0,-24.2,-12.8,L,L,U,""0"
"Nov"",""18,"",2017,recap,Sat,2017,Warriors,Seventysixers,away,124-116,1&2,-8.5,232.0,8,-0.5,8.0,3.8,4.2,W,L,O,""0"
"Nov"",""19,"",2017,recap,Sun,2017,Warriors,Nets,away,118-111,0&1,-11.5,232.0,7,-4.5,-3.0,-3.8,0.8,W,L,U,""0"
"Nov"",""22,"",2017,recap,Wed,2017,Warriors,Thunder,away,91-108,2&1,-5.0,222.0,-17,-22.0,-23.0,-22.5,-0.5,L,L,U,""0"
"Nov"",""24,"",2017,recap,Fri,2017,Warriors,Bulls,home,143-94,1&1,-15.5,211.0,49,33.5,26.0,29.8,-3.8,W,W,O,""0"
"Nov"",""25,"",2017,recap,Sat,2017,Warriors,Pelicans,home,110-95,0&0,-12.0,227.5,15,3.0,-22.5,-9.8,-12.8,W,W,U,""0"
"Nov"",""27,"",2017,recap,Mon,2017,Warriors,Kings,home,106-110,1&1,-13.5,209.0,-4,-17.5,7.0,-5.2,12.2,L,L,O,""0"
"Nov"",""29,"",2017,recap,Wed,2017,Warriors,Lakers,away,127-123,1&1,-10.5,228.0,4,-6.5,22.0,7.8,14.2,W,L,O,""1"
"Dec"",""01,"",2017,recap,Fri,2017,Warriors,Magic,away,133-112,1&1,-11.0,228.5,21,10.0,16.5,13.2,3.2,W,W,O,""0"
"Dec"",""03,"",2017,recap,Sun,2017,Warriors,Heat,away,123-95,1&1,-10.5,218.5,28,17.5,-0.5,8.5,-9.0,W,W,U,""0"
"Dec"",""04,"",2017,recap,Mon,2017,Warriors,Pelicans,away,125-115,0&1,-9.0,228.0,10,1.0,12.0,6.5,5.5,W,W,O,""0"
"Dec"",""06,"",2017,recap,Wed,2017,Warriors,Hornets,away,101-87,1&1,-5.0,215.5,14,9.0,-27.5,-9.2,-18.2,W,W,U,""0"
"Dec"",""08,"",2017,recap,Fri,2017,Warriors,Pistons,away,102-98,1&1,-5.0,211.0,4,-1.0,-11.0,-6.0,-5.0,W,L,U,""0"
"Dec"",""11,"",2017,recap,Mon,2017,Warriors,Trailblazers,home,111-104,2&1,-10.0,215.0,7,-3.0,0.0,-1.5,1.5,W,L,P,""0"
"Dec"",""14,"",2017,recap,Thu,2017,Warriors,Mavericks,home,112-97,2&1,-10.5,212.5,15,4.5,-3.5,0.5,-4.0,W,W,U,""0"
"Dec"",""18,"",2017,recap,Mon,2017,Warriors,Lakers,away,116-114,3&3,-6.0,218.0,2,-4.0,12.0,4.0,8.0,W,L,O,""1"
"Dec"",""20,"",2017,recap,Wed,2017,Warriors,Grizzlies,home,97-84,1&3,-10.0,204.5,13,3.0,-23.5,-10.2,-13.2,W,W,U,""0"
"Dec"",""22,"",2017,recap,Fri,2017,Warriors,Lakers,home,113-106,1&1,-10.5,217.0,7,-3.5,2.0,-0.8,2.8,W,L,O,""0"
"Dec"",""23,"",2017,recap,Sat,2017,Warriors,Nuggets,home,81-96,0&0,-8.0,215.5,-15,-23.0,-38.5,-30.8,-7.8,L,L,U,""0"
"Dec"",""25,"",2017,recap,Mon,2017,Warriors,Cavaliers,home,99-92,1&3,-5.0,215.5,7,2.0,-24.5,-11.2,-13.2,W,W,U,""0"
"Dec"",""27,"",2017,recap,Wed,2017,Warriors,Jazz,home,126-101,1&0,-12.0,205.5,25,13.0,21.5,17.2,4.2,W,W,O,""0"
"Dec"",""29,"",2017,recap,Fri,2017,Warriors,Hornets,home,100-111,1&1,-10.5,213.0,-11,-21.5,-2.0,-11.8,9.8,L,L,U,""0"
"Dec"",""30,"",2017,recap,Sat,2017,Warriors,Grizzlies,home,141-128,0&2,-13.5,206.5,13,-0.5,62.5,31.0,31.5,W,L,O,""0"
"Jan"",""03,"",2018,recap,Wed,2017,Warriors,Mavericks,away,125-122,3&2,-7.0,220.0,3,-4.0,27.0,11.5,15.5,W,L,O,""0"
"Jan"",""04,"",2018,recap,Thu,2017,Warriors,Rockets,away,124-114,0&0,-4.5,230.0,10,5.5,8.0,6.8,1.2,W,W,O,0"
"Jan"",""06,"",2018,recap,Sat,2017,Warriors,Clippers,away,121-105,1&1,-9.5,226.0,16,6.5,0.0,3.2,-3.2,W,W,P,""0"
"Jan"",""08,"",2018,recap,Mon,2017,Warriors,Nuggets,home,124-114,1&1,-10.5,227.5,10,-0.5,10.5,5.0,5.5,W,L,O,""0"
"Jan"",""10,"",2018,recap,Wed,2017,Warriors,Clippers,home,106-125,1&1,-12.0,225.0,-19,-31.0,6.0,-12.5,18.5,L,L,O,""0"
"Jan"",""12,"",2018,recap,Fri,2017,Warriors,Bucks,away,108-94,1&1,-6.0,222.0,14,8.0,-20.0,-6.0,-14.0,W,W,U,""0"
"Jan"",""13,"",2018,recap,Sat,2017,Warriors,Raptors,away,127-125,0&1,-4.0,226.0,2,-2.0,26.0,12.0,14.0,W,L,O,""0"
"Jan"",""15,"",2018,recap,Mon,2017,Warriors,Cavaliers,away,118-108,1&2,-5.5,231.0,10,4.5,-5.0,-0.2,-4.8,W,W,U,""0"
"Jan"",""17,"",2018,recap,Wed,2017,Warriors,Bulls,away,119-112,1&1,-8.5,231.0,7,-1.5,0.0,-0.8,0.8,W,L,P,""0"
"Jan"",""20,"",2018,recap,Sat,2017,Warriors,Rockets,away,108-116,2&1,-3.0,234.5,-8,-11.0,-10.5,-10.8,0.2,L,L,U,""0"
"Jan"",""23,"",2018,recap,Tue,2017,Warriors,Knicks,home,123-112,2&1,-14.0,227.0,11,-3.0,8.0,2.5,5.5,W,L,O,""0"
"Jan"",""25,"",2018,recap,Thu,2017,Warriors,Timberwolves,home,126-113,1&0,-11.0,228.0,13,2.0,11.0,6.5,4.5,W,W,O,""0"
"Jan"",""27,"",2018,recap,Sat,2017,Warriors,Celtics,home,109-105,1&2,-10.0,219.5,4,-6.0,-5.5,-5.8,0.2,W,L,U,""0"
"Jan"",""30,"",2018,recap,Tue,2017,Warriors,Jazz,away,99-129,2&3,-7.5,218.0,-30,-37.5,10.0,-13.8,23.8,L,L,O,""0"
"Feb"",""02,"",2018,recap,Fri,2017,Warriors,Kings,away,119-104,2&2,-13.5,222.5,15,1.5,0.5,1.0,-0.5,W,W,O,""0"
"Feb"",""03,"",2018,recap,Sat,2017,Warriors,Nuggets,away,108-115,0&1,-5.0,229.0,-7,-12.0,-6.0,-9.0,3.0,L,L,U,""0"
"Feb"",""06,"",2018,recap,Tue,2017,Warriors,Thunder,home,105-125,2&1,-9.5,230.0,-20,-29.5,0.0,-14.8,14.8,L,L,P,""0"
"Feb"",""08,"",2018,recap,Thu,2017,Warriors,Mavericks,home,121-103,1&2,-14.0,221.0,18,4.0,3.0,3.5,-0.5,W,W,O,""0"
"Feb"",""10,"",2018,recap,Sat,2017,Warriors,Spurs,home,122-105,1&2,-11.0,218.5,17,6.0,8.5,7.2,1.2,W,W,O,""0"
"Feb"",""12,"",2018,recap,Mon,2017,Warriors,Suns,home,129-83,1&1,-15.5,232.0,46,30.5,-20.0,5.2,-25.2,W,W,U,""0"
"Feb"",""14,"",2018,recap,Wed,2017,Warriors,Trailblazers,away,117-123,1&2,-6.0,226.0,-6,-12.0,14.0,1.0,13.0,L,L,O,0"
"Feb"",""22,"",2018,recap,Thu,2017,Warriors,Clippers,home,134-127,7&7,-10.5,234.0,7,-3.5,27.0,11.8,15.2,W,L,O,""0"
"Feb"",""24,"",2018,recap,Sat,2017,Warriors,Thunder,home,112-80,1&1,-10.5,233.0,32,21.5,-41.0,-9.8,-31.2,W,W,U,""0"
"Feb"",""26,"",2018,recap,Mon,2017,Warriors,Knicks,away,125-111,1&1,-13.0,230.0,14,1.0,6.0,3.5,2.5,W,W,O,""0"
"Feb"",""28,"",2018,recap,Wed,2017,Warriors,Wizards,away,109-101,1&0,-8.5,226.5,8,-0.5,-16.5,-8.5,-8.0,W,L,U,0"
"Mar"",""02,"",2018,recap,Fri,2017,Warriors,Hawks,away,114-109,1&1,-13.0,226.5,5,-8.0,-3.5,-5.8,2.2,W,L,U,""0"
"Mar"",""06,"",2018,recap,Tue,2017,Warriors,Nets,home,114-101,3&1,-14.0,230.0,13,-1.0,-15.0,-8.0,-7.0,W,L,U,""0"
"Mar"",""08,"",2018,recap,Thu,2017,Warriors,Spurs,home,110-107,1&2,-11.0,221.0,3,-8.0,-4.0,-6.0,2.0,W,L,U,""0"
"Mar"",""09,"",2018,recap,Fri,2017,Warriors,Trailblazers,away,108-125,0&2,-0.0,220.5,-17,-17.0,12.5,-2.2,14.8,L,L,O,0"
"Mar"",""11,"",2018,recap,Sun,2017,Warriors,Timberwolves,away,103-109,1&2,-4.0,223.5,-6,-10.0,-11.5,-10.8,-0.8,L,L,U,0"
"Mar"",""14,"",2018,recap,Wed,2017,Warriors,Lakers,home,117-106,2&0,-7.0,224.0,11,4.0,-1.0,1.5,-2.5,W,W,U,""0"
"Mar"",""16,"",2018,recap,Fri,2017,Warriors,Kings,home,93-98,1&1,-8.5,206.0,-5,-13.5,-15.0,-14.2,-0.8,L,L,U,""0"
"Mar"",""17,"",2018,recap,Sat,2017,Warriors,Suns,away,124-109,0&1,-3.5,216.5,15,11.5,16.5,14.0,2.5,W,W,O,""0"
"Mar"",""19,"",2018,recap,Mon,2017,Warriors,Spurs,away,75-89,1&1,7.5,201.0,-14,-6.5,-37.0,-21.8,-15.2,L,L,U,0"
"Mar"",""23,"",2018,recap,Fri,2017,Warriors,Hawks,home,106-94,3&0,-11.0,220.0,12,1.0,-20.0,-9.5,-10.5,W,W,U,""0"
"Mar"",""25,"",2018,recap,Sun,2017,Warriors,Jazz,home,91-110,1&1,8.5,201.0,-19,-10.5,0.0,-5.2,5.2,L,L,P,""0"
"Mar"",""27,"",2018,recap,Tue,2017,Warriors,Pacers,home,81-92,1&1,7.5,201.0,-11,-3.5,-28.0,-15.8,-12.2,L,L,U,""0"
"Mar"",""29,"",2018,recap,Thu,2017,Warriors,Bucks,home,107-116,1&1,-4.0,215.0,-9,-13.0,8.0,-2.5,10.5,L,L,O,""0"
"Mar"",""31,"",2018,recap,Sat,2017,Warriors,Kings,away,112-96,1&1,-8.5,210.5,16,7.5,-2.5,2.5,-5.0,W,W,U,""0"
"Apr"",""01,"",2018,recap,Sun,2017,Warriors,Suns,home,117-107,0&1,-14.5,215.5,10,-4.5,8.5,2.0,6.5,W,L,O,""0"
"Apr"",""03,"",2018,recap,Tue,2017,Warriors,Thunder,away,111-107,1&1,4.0,220.0,4,8.0,-2.0,3.0,-5.0,W,W,U,0"
"Apr"",""05,"",2018,recap,Thu,2017,Warriors,Pacers,away,106-126,1&1,-1.5,212.5,-20,-21.5,19.5,-1.0,20.5,L,L,O,""0"
"Apr"",""07,"",2018,recap,Sat,2017,Warriors,Pelicans,home,120-126,1&0,-6.5,226.0,-6,-12.5,20.0,3.8,16.2,L,L,O,""0"
"Apr"",""08,"",2018,recap,Sun,2017,Warriors,Suns,away,117-100,0&1,-13.5,217.0,17,3.5,0.0,1.8,-1.8,W,W,P,0"
"Apr"",""10,"",2018,recap,Tue,2017,Warriors,Jazz,away,79-119,1&1,8.0,211.0,-40,-32.0,-13.0,-22.5,9.5,L,L,U,""0"
"Apr"",""14,"",2018,recap,Sat,2017,Warriors,Spurs,home,113-92,3&2,-8.5,206.0,21,12.5,-1.0,5.8,-6.8,W,W,U,""0"
"Apr"",""16,"",2018,recap,Mon,2017,Warriors,Spurs,home,116-101,1&1,-10.0,205.5,15,5.0,11.5,8.2,3.2,W,W,O,""0"
"Apr"",""19,"",2018,recap,Thu,2017,Warriors,Spurs,away,110-97,2&2,-4.0,206.0,13,9.0,1.0,5.0,-4.0,W,W,O,0"
"Apr"",""22,"",2018,recap,Sun,2017,Warriors,Spurs,away,90-103,2&2,-6.0,204.0,-13,-19.0,-11.0,-15.0,4.0,L,L,U,""0"
"Apr"",""24,"",2018,recap,Tue,2017,Warriors,Spurs,home,99-91,1&1,-11.0,204.0,8,-3.0,-14.0,-8.5,-5.5,W,L,U,""0"
"Apr"",""28,"",2018,recap,Sat,2017,Warriors,Pelicans,home,123-101,3&6,-9.0,224.5,22,13.0,-0.5,6.2,-6.8,W,W,U,""0"
"May"",""01,"",2018,recap,Tue,2017,Warriors,Pelicans,home,121-116,2&2,-10.5,228.5,5,-5.5,8.5,1.5,7.0,W,L,O,""0"
"May"",""04,"",2018,recap,Fri,2017,Warriors,Pelicans,away,100-119,2&2,-5.0,233.0,-19,-24.0,-14.0,-19.0,5.0,L,L,U,0"
"May"",""06,"",2018,recap,Sun,2017,Warriors,Pelicans,away,118-92,1&1,-6.0,231.5,26,20.0,-21.5,-0.8,-20.8,W,W,U,0"
"May"",""08,"",2018,recap,Tue,2017,Warriors,Pelicans,home,113-104,1&1,-11.5,227.5,9,-2.5,-10.5,-6.5,-4.0,W,L,U,""0"
"May"",""14,"",2018,recap,Mon,2017,Warriors,Rockets,away,119-106,5&5,1.0,225.0,13,14.0,0.0,7.0,-7.0,W,W,P,0"
"May"",""16,"",2018,recap,Wed,2017,Warriors,Rockets,away,105-127,1&1,2.0,225.5,-22,-20.0,6.5,-6.8,13.2,L,L,O,0"
"May"",""20,"",2018,recap,Sun,2017,Warriors,Rockets,home,126-85,3&3,-8.0,226.0,41,33.0,-15.0,9.0,-24.0,W,W,U,""0"
"May"",""22,"",2018,recap,Tue,2017,Warriors,Rockets,home,92-95,1&1,-8.0,224.5,-3,-11.0,-37.5,-24.2,-13.2,L,L,U,""0"
"May"",""24,"",2018,recap,Thu,2017,Warriors,Rockets,away,94-98,1&1,0.0,219.5,-4,-4.0,-27.5,-15.8,-11.8,L,L,U,0"
"May"",""26,"",2018,recap,Sat,2017,Warriors,Rockets,home,115-86,1&1,-12.5,213.0,29,16.5,-12.0,2.2,-14.2,W,W,U,""0"
"May"",""28,"",2018,recap,Mon,2017,Warriors,Rockets,away,101-92,1&1,-6.0,208.0,9,3.0,-15.0,-6.0,-9.0,W,W,U,0"
"May"",""31,"",2018,recap,Thu,2017,Warriors,Cavaliers,home,124-114,2&3,-12.0,216.5,10,-2.0,21.5,9.8,11.8,W,L,O,""1"
"Jun"",""03,"",2018,recap,Sun,2017,Warriors,Cavaliers,home,122-103,2&2,-12.0,216.5,19,7.0,8.5,7.8,0.8,W,W,O,""0"
"Jun"",""06,"",2018,recap,Wed,2017,Warriors,Cavaliers,away,110-102,2&2,-4.5,216.5,8,3.5,-4.5,-0.5,-4.0,W,W,U,0"
"Jun"",""08,"",2018,recap,Fri,2017,Warriors,Cavaliers,away,108-85,1&1,-5.0,216.0,23,18.0,-23.0,-2.5,-20.5,W,W,U,0"
"Oct"",""16,"",2018,recap,Tue,2018,Warriors,Thunder,home,108-100,&,-11.5,220.5,8,-3.5,-12.5,-8.0,-4.5,W,L,U,""0"
"Oct"",""19,"",2018,recap,Fri,2018,Warriors,Jazz,away,124-123,2&1,-3.0,218.0,1,-2.0,29.0,13.5,15.5,W,L,O,""0"
"Oct"",""21,"",2018,recap,Sun,2018,Warriors,Nuggets,away,98-100,1&0,-3.5,230.0,-2,-5.5,-32.0,-18.8,-13.2,L,L,U,""0"
"Oct"",""22,"",2018,recap,Mon,2018,Warriors,Suns,home,123-103,0&1,-12.5,227.5,20,7.5,-1.5,3.0,-4.5,W,W,U,""0"
"Oct"",""24,"",2018,recap,Wed,2018,Warriors,Wizards,home,144-122,1&1,-10.0,236.0,22,12.0,30.0,21.0,9.0,W,W,O,""0"
"Oct"",""26,"",2018,recap,Fri,2018,Warriors,Knicks,away,128-100,1&1,-12.0,228.0,28,16.0,0.0,8.0,-8.0,W,W,P,""0"
"Oct"",""28,"",2018,recap,Sun,2018,Warriors,Nets,away,120-114,1&1,-10.0,226.5,6,-4.0,7.5,1.8,5.8,W,L,O,""0"
"Oct"",""29,"",2018,recap,Mon,2018,Warriors,Bulls,away,149-124,0&1,-11.5,231.0,25,13.5,42.0,27.8,14.2,W,W,O,""0"
"Oct"",""31,"",2018,recap,Wed,2018,Warriors,Pelicans,home,131-121,1&1,-10.5,238.0,10,-0.5,14.0,6.8,7.2,W,L,O,""0"
"Nov"",""02,"",2018,recap,Fri,2018,Warriors,Timberwolves,home,116-99,1&1,-11.5,238.5,17,5.5,-23.5,-9.0,-14.5,W,W,U,""0"
"Nov"",""05,"",2018,recap,Mon,2018,Warriors,Grizzlies,home,117-101,2&0,-14.5,218.5,16,1.5,-0.5,0.5,-1.0,W,W,U,""0"
"Nov"",""08,"",2018,recap,Thu,2018,Warriors,Bucks,home,111-134,2&1,-5.0,241.5,-23,-28.0,3.5,-12.2,15.8,L,L,O,""0"
"Nov"",""10,"",2018,recap,Sat,2018,Warriors,Nets,home,116-100,1&0,-8.0,223.5,16,8.0,-7.5,0.2,-7.8,W,W,U,""0"
"Nov"",""12,"",2018,recap,Mon,2018,Warriors,Clippers,away,116-121,1&1,-2.5,232.0,-5,-7.5,5.0,-1.2,6.2,L,L,O,""1"
"Nov"",""13,"",2018,recap,Tue,2018,Warriors,Hawks,home,110-103,0&1,-11.5,230.5,7,-4.5,-17.5,-11.0,-6.5,W,L,U,""0"
"Nov"",""15,"",2018,recap,Thu,2018,Warriors,Rockets,away,86-107,1&1,3.5,218.0,-21,-17.5,-25.0,-21.2,-3.8,L,L,U,0"
"Nov"",""17,"",2018,recap,Sat,2018,Warriors,Mavericks,away,109-112,1&2,-3.0,217.0,-3,-6.0,4.0,-1.0,5.0,L,L,O,""0"
"Nov"",""18,"",2018,recap,Sun,2018,Warriors,Spurs,away,92-104,0&2,3.0,213.0,-12,-9.0,-17.0,-13.0,-4.0,L,L,U,""0"
"Nov"",""21,"",2018,recap,Wed,2018,Warriors,Thunder,home,95-123,2&1,0.0,223.0,-28,-28.0,-5.0,-16.5,11.5,L,L,U,""0"
"Nov"",""23,"",2018,recap,Fri,2018,Warriors,Trailblazers,home,125-97,1&1,-2.0,219.5,28,26.0,2.5,14.2,-11.8,W,W,O,""0"
"Nov"",""24,"",2018,recap,Sat,2018,Warriors,Kings,home,117-116,0&2,-5.5,226.0,1,-4.5,7.0,1.2,5.8,W,L,O,""0"
"Nov"",""26,"",2018,recap,Mon,2018,Warriors,Magic,home,116-110,1&0,-7.0,216.0,6,-1.0,10.0,4.5,5.5,W,L,O,""0"
"Nov"",""29,"",2018,recap,Thu,2018,Warriors,Raptors,away,128-131,2&1,8.0,226.0,-3,5.0,33.0,19.0,14.0,L,W,O,1"
"Dec"",""01,"",2018,recap,Sat,2018,Warriors,Pistons,away,102-111,1&0,-4.5,227.5,-9,-13.5,-14.5,-14.0,-0.5,L,L,U,""0"
"Dec"",""03,"",2018,recap,Mon,2018,Warriors,Hawks,away,128-111,1&2,-11.0,236.0,17,6.0,3.0,4.5,-1.5,W,W,O,""0"
"Dec"",""05,"",2018,recap,Wed,2018,Warriors,Cavaliers,away,129-105,1&1,-11.5,223.5,24,12.5,10.5,11.5,-1.0,W,W,O,""0"
"Dec"",""07,"",2018,recap,Fri,2018,Warriors,Bucks,away,105-95,1&1,0.0,239.5,10,10.0,-39.5,-14.8,-24.8,W,W,U,""0"
"Dec"",""10,"",2018,recap,Mon,2018,Warriors,Timberwolves,home,116-108,2&1,-10.0,226.0,8,-2.0,-2.0,-2.0,0.0,W,L,U,""0"
"Dec"",""12,"",2018,recap,Wed,2018,Warriors,Raptors,home,93-113,1&0,-7.0,227.0,-20,-27.0,-21.0,-24.0,3.0,L,L,U,""0"
"Dec"",""14,"",2018,recap,Fri,2018,Warriors,Kings,away,130-125,1&1,-7.0,236.5,5,-2.0,18.5,8.2,10.2,W,L,O,""0"
"Dec"",""17,"",2018,recap,Mon,2018,Warriors,Grizzlies,home,110-93,2&1,-13.0,210.0,17,4.0,-7.0,-1.5,-5.5,W,W,U,""0"
"Dec"",""19,"",2018,recap,Wed,2018,Warriors,Jazz,away,103-108,1&1,-2.0,218.0,-5,-7.0,-7.0,-7.0,0.0,L,L,U,""0"
"Dec"",""22,"",2018,recap,Sat,2018,Warriors,Mavericks,home,120-116,2&1,-11.0,227.0,4,-7.0,9.0,1.0,8.0,W,L,O,""0"
"Dec"",""23,"",2018,recap,Sun,2018,Warriors,Clippers,home,129-127,0&0,-10.0,234.0,2,-8.0,22.0,7.0,15.0,W,L,O,""0"
"Dec"",""25,"",2018,recap,Tue,2018,Warriors,Lakers,home,101-127,1&1,-9.0,233.5,-26,-35.0,-5.5,-20.2,14.8,L,L,U,""0"
"Dec"",""27,"",2018,recap,Thu,2018,Warriors,Trailblazers,home,109-110,1&1,-8.5,227.0,-1,-9.5,-8.0,-8.8,0.8,L,L,U,""1"
"Dec"",""29,"",2018,recap,Sat,2018,Warriors,Trailblazers,away,115-105,1&1,-5.0,223.5,10,5.0,-3.5,0.8,-4.2,W,W,U,""0"
"Dec"",""31,"",2018,recap,Mon,2018,Warriors,Suns,away,132-109,1&1,-10.5,231.0,23,12.5,10.0,11.2,-1.2,W,W,O,""0"
"Jan"",""03,"",2019,recap,Thu,2018,Warriors,Rockets,home,134-135,2&2,-8.0,225.5,-1,-9.0,43.5,17.2,26.2,L,L,O,""1"
"Jan"",""05,"",2019,recap,Sat,2018,Warriors,Kings,away,127-123,1&1,-7.5,238.5,4,-3.5,11.5,4.0,7.5,W,L,O,""0"
"Jan"",""08,"",2019,recap,Tue,2018,Warriors,Knicks,home,122-95,2&0,-18.0,230.0,27,9.0,-13.0,-2.0,-11.0,W,W,U,""0"
"Jan"",""11,"",2019,recap,Fri,2018,Warriors,Bulls,home,146-109,2&1,-16.5,219.5,37,20.5,35.5,28.0,7.5,W,W,O,""0"
"Jan"",""13,"",2019,recap,Sun,2018,Warriors,Mavericks,away,119-114,1&1,-5.5,229.0,5,-0.5,4.0,1.8,2.2,W,L,O,""0"
"Jan"",""15,"",2019,recap,Tue,2018,Warriors,Nuggets,away,142-111,1&1,-2.5,228.5,31,28.5,24.5,26.5,-2.0,W,W,O,""0"
"Jan"",""16,"",2019,recap,Wed,2018,Warriors,Pelicans,home,147-140,0&1,-7.0,241.5,7,0.0,45.5,22.8,22.8,W,P,O,""0"
"Jan"",""18,"",2019,recap,Fri,2018,Warriors,Clippers,away,112-94,1&1,-7.0,241.5,18,11.0,-35.5,-12.2,-23.2,W,W,U,""0"
"Jan"",""21,"",2019,recap,Mon,2018,Warriors,Lakers,away,130-111,2&1,-12.5,235.0,19,6.5,6.0,6.2,-0.2,W,W,O,""0"
"Jan"",""24,"",2019,recap,Thu,2018,Warriors,Wizards,away,126-118,2&2,-9.0,235.0,8,-1.0,9.0,4.0,5.0,W,L,O,0"
"Jan"",""26,"",2019,recap,Sat,2018,Warriors,Celtics,away,115-111,1&2,-3.5,229.5,4,0.5,-3.5,-1.5,-2.0,W,W,U,""0"
"Jan"",""28,"",2019,recap,Mon,2018,Warriors,Pacers,away,132-100,1&1,-8.5,228.5,32,23.5,3.5,13.5,-10.0,W,W,O,0"
"Jan"",""31,"",2019,recap,Thu,2018,Warriors,Seventysixers,home,104-113,2&1,-8.0,240.0,-9,-17.0,-23.0,-20.0,-3.0,L,L,U,""0"
"Feb"",""02,"",2019,recap,Sat,2018,Warriors,Lakers,home,115-101,1&1,-13.5,234.0,14,0.5,-18.0,-8.8,-9.2,W,W,U,""0"
"Feb"",""06,"",2019,recap,Wed,2018,Warriors,Spurs,home,141-102,3&1,-15.5,233.0,39,23.5,10.0,16.8,-6.8,W,W,O,""0"
"Feb"",""08,"",2019,recap,Fri,2018,Warriors,Suns,away,117-107,1&1,-15.5,229.5,10,-5.5,-5.5,-5.5,0.0,W,L,U,""0"
"Feb"",""10,"",2019,recap,Sun,2018,Warriors,Heat,home,120-118,1&1,-14.0,222.0,2,-12.0,16.0,2.0,14.0,W,L,O,""0"
"Feb"",""12,"",2019,recap,Tue,2018,Warriors,Jazz,home,115-108,1&2,-8.5,227.0,7,-1.5,-4.0,-2.8,-1.2,W,L,U,""0"
"Feb"",""13,"",2019,recap,Wed,2018,Warriors,Trailblazers,away,107-129,0&1,-2.5,235.0,-22,-24.5,1.0,-11.8,12.8,L,L,O,0"
"Feb"",""21,"",2019,recap,Thu,2018,Warriors,Kings,home,125-123,7&7,-11.5,240.0,2,-9.5,8.0,-0.8,8.8,W,L,O,""0"
"Feb"",""23,"",2019,recap,Sat,2018,Warriors,Rockets,home,112-118,1&1,-10.0,233.5,-6,-16.0,-3.5,-9.8,6.2,L,L,U,""0"
"Feb"",""25,"",2019,recap,Mon,2018,Warriors,Hornets,away,121-110,1&1,-8.5,232.5,11,2.5,-1.5,0.5,-2.0,W,W,U,""0"
"Feb"",""27,"",2019,recap,Wed,2018,Warriors,Heat,away,125-126,1&1,-9.0,225.0,-1,-10.0,26.0,8.0,18.0,L,L,O,""0"
"Feb"",""28,"",2019,recap,Thu,2018,Warriors,Magic,away,96-103,0&1,-4.0,224.0,-7,-11.0,-25.0,-18.0,-7.0,L,L,U,""0"
"Mar"",""02,"",2019,recap,Sat,2018,Warriors,Seventysixers,away,120-117,1&1,-4.0,237.0,3,-1.0,0.0,-0.5,0.5,W,L,P,""0"
"Mar"",""05,"",2019,recap,Tue,2018,Warriors,Celtics,home,95-128,2&1,-6.5,228.0,-33,-39.5,-5.0,-22.2,17.2,L,L,U,""0"
"Mar"",""08,"",2019,recap,Fri,2018,Warriors,Nuggets,home,122-105,2&1,-7.0,234.0,17,10.0,-7.0,1.5,-8.5,W,W,U,""0"
"Mar"",""10,"",2019,recap,Sun,2018,Warriors,Suns,home,111-115,1&0,-16.0,234.0,-4,-20.0,-8.0,-14.0,6.0,L,L,U,""0"
"Mar"",""13,"",2019,recap,Wed,2018,Warriors,Rockets,away,106-104,2&1,3.5,228.0,2,5.5,-18.0,-6.2,-11.8,W,W,U,""0"
"Mar"",""16,"",2019,recap,Sat,2018,Warriors,Thunder,away,110-88,2&1,1.5,228.5,22,23.5,-30.5,-3.5,-27.0,W,W,U,""0"
"Mar"",""18,"",2019,recap,Mon,2018,Warriors,Spurs,away,105-111,1&1,-2.0,225.5,-6,-8.0,-9.5,-8.8,-0.8,L,L,U,""0"
"Mar"",""19,"",2019,recap,Tue,2018,Warriors,Timberwolves,away,117-107,0&1,-6.5,229.5,10,3.5,-5.5,-1.0,-4.5,W,W,U,0"
"Mar"",""21,"",2019,recap,Thu,2018,Warriors,Pacers,home,112-89,1&1,-11.0,218.5,23,12.0,-17.5,-2.8,-14.8,W,W,U,""0"
"Mar"",""23,"",2019,recap,Sat,2018,Warriors,Mavericks,home,91-126,1&1,-13.5,218.5,-35,-48.5,-1.5,-25.0,23.5,L,L,U,""0"
"Mar"",""24,"",2019,recap,Sun,2018,Warriors,Pistons,home,121-114,0&0,-10.0,219.0,7,-3.0,16.0,6.5,9.5,W,L,O,""0"
"Mar"",""27,"",2019,recap,Wed,2018,Warriors,Grizzlies,away,118-103,2&1,-11.0,220.5,15,4.0,0.5,2.2,-1.8,W,W,O,""0"
"Mar"",""29,"",2019,recap,Fri,2018,Warriors,Timberwolves,away,130-131,1&2,-9.5,230.0,-1,-10.5,31.0,10.2,20.8,L,L,O,1"
"Mar"",""31,"",2019,recap,Sun,2018,Warriors,Hornets,home,137-90,1&1,-12.0,228.0,47,35.0,-1.0,17.0,-18.0,W,W,U,""0"
"Apr"",""02,"",2019,recap,Tue,2018,Warriors,Nuggets,home,116-102,1&1,-8.5,220.0,14,5.5,-2.0,1.8,-3.8,W,W,U,""0"
"Apr"",""04,"",2019,recap,Thu,2018,Warriors,Lakers,away,108-90,1&1,-14.0,227.0,18,4.0,-29.0,-12.5,-16.5,W,W,U,""0"
"Apr"",""05,"",2019,recap,Fri,2018,Warriors,Cavaliers,home,120-114,0&0,-16.0,227.0,6,-10.0,7.0,-1.5,8.5,W,L,O,""0"
"Apr"",""07,"",2019,recap,Sun,2018,Warriors,Clippers,home,131-104,1&1,-11.5,235.5,27,15.5,-0.5,7.5,-8.0,W,W,U,""0"
"Apr"",""09,"",2019,recap,Tue,2018,Warriors,Pelicans,away,112-103,1&1,-9.5,235.0,9,-0.5,-20.0,-10.2,-9.8,W,L,U,""0"
"Apr"",""10,"",2019,recap,Wed,2018,Warriors,Grizzlies,away,117-132,0&0,-6.0,216.5,-15,-21.0,32.5,5.8,26.8,L,L,O,""0"
"Apr"",""13,"",2019,recap,Sat,2018,Warriors,Clippers,home,121-104,2&2,-12.5,232.0,17,4.5,-7.0,-1.2,-5.8,W,W,U,""0"
"Apr"",""15,"",2019,recap,Mon,2018,Warriors,Clippers,home,131-135,1&1,-13.5,234.0,-4,-17.5,32.0,7.2,24.8,L,L,O,""0"
"Apr"",""18,"",2019,recap,Thu,2018,Warriors,Clippers,away,132-105,2&2,-9.0,236.5,27,18.0,0.5,9.2,-8.8,W,W,O,""0"
"Apr"",""21,"",2019,recap,Sun,2018,Warriors,Clippers,away,113-105,2&2,-9.0,235.0,8,-1.0,-17.0,-9.0,-8.0,W,L,U,""0"
"Apr"",""24,"",2019,recap,Wed,2018,Warriors,Clippers,home,121-129,2&2,-14.0,232.5,-8,-22.0,17.5,-2.2,19.8,L,L,O,""0"
"Apr"",""26,"",2019,recap,Fri,2018,Warriors,Clippers,away,129-110,1&1,-10.5,234.5,19,8.5,4.5,6.5,-2.0,W,W,O,0"
"Apr"",""28,"",2019,recap,Sun,2018,Warriors,Rockets,home,104-100,1&3,-5.5,224.5,4,-1.5,-20.5,-11.0,-9.5,W,L,U,""0"
"Apr"",""30,"",2019,recap,Tue,2018,Warriors,Rockets,home,115-109,1&1,-5.5,221.0,6,0.5,3.0,1.8,1.2,W,W,O,""0"
"May"",""04,"",2019,recap,Sat,2018,Warriors,Rockets,away,121-126,3&3,4.0,221.5,-5,-1.0,25.5,12.2,13.2,L,L,O,1"
"May"",""06,"",2019,recap,Mon,2018,Warriors,Rockets,away,108-112,1&1,1.0,220.0,-4,-3.0,0.0,-1.5,1.5,L,L,P,0"
"May"",""08,"",2019,recap,Wed,2018,Warriors,Rockets,home,104-99,1&1,-6.0,218.5,5,-1.0,-15.5,-8.2,-7.2,W,L,U,""0"
"May"",""10,"",2019,recap,Fri,2018,Warriors,Rockets,away,118-113,1&1,7.0,215.5,5,12.0,15.5,13.8,1.8,W,W,O,0"
"May"",""14,"",2019,recap,Tue,2018,Warriors,Trailblazers,home,116-94,3&1,-8.0,218.5,22,14.0,-8.5,2.8,-11.2,W,W,U,""0"
"May"",""16,"",2019,recap,Thu,2018,Warriors,Trailblazers,home,114-111,1&1,-7.0,220.0,3,-4.0,5.0,0.5,4.5,W,L,O,""0"
"May"",""18,"",2019,recap,Sat,2018,Warriors,Trailblazers,away,110-99,1&1,2.5,220.0,11,13.5,-11.0,1.2,-12.2,W,W,U,0"
"May"",""20,"",2019,recap,Mon,2018,Warriors,Trailblazers,away,119-117,1&1,-2.5,220.5,2,-0.5,15.5,7.5,8.0,W,L,O,1"
"May"",""30,"",2019,recap,Thu,2018,Warriors,Raptors,away,109-118,9&4,1.5,214.5,-9,-7.5,12.5,2.5,10.0,L,L,O,0"
"Jun"",""02,"",2019,recap,Sun,2018,Warriors,Raptors,away,109-104,2&2,1.5,214.5,5,6.5,-1.5,2.5,-4.0,W,W,U,0"
"Jun"",""05,"",2019,recap,Wed,2018,Warriors,Raptors,home,109-123,2&2,-3.0,214.5,-14,-17.0,17.5,0.2,17.2,L,L,O,""0"
"Jun"",""07,"",2019,recap,Fri,2018,Warriors,Raptors,home,92-105,1&1,-4.5,215.0,-13,-17.5,-18.0,-17.8,-0.2,L,L,U,""0"
"Jun"",""10,"",2019,recap,Mon,2018,Warriors,Raptors,away,106-105,2&2,0.0,214.0,1,1.0,-3.0,-1.0,-2.0,W,W,U,0"
"Jun"",""13,"",2019,recap,Thu,2018,Warriors,Raptors,home,110-114,2&2,-2.0,212.5,-4,-6.0,11.5,2.8,8.8,L,L,O,""0"
"Oct"",""24,"",2019,recap,Thu,2019,Warriors,Clippers,home,122-141,&1,2.0,227.5,-19,-17.0,35.5,9.2,26.2,L,L,O,""0"
"Oct"",""27,"",2019,recap,Sun,2019,Warriors,Thunder,away,92-120,2&1,0.0,223.0,-28,-28.0,-11.0,-19.5,8.5,L,L,U,""0"
"Oct"",""28,"",2019,recap,Mon,2019,Warriors,Pelicans,away,134-123,0&1,3.5,237.0,11,14.5,20.0,17.2,2.8,W,W,O,""0"
"Oct"",""30,"",2019,recap,Wed,2019,Warriors,Suns,home,110-121,1&1,-5.0,230.5,-11,-16.0,0.5,-7.8,8.2,L,L,O,""0"
"Nov"",""01,"",2019,recap,Fri,2019,Warriors,Spurs,home,110-127,1&0,7.0,223.0,-17,-10.0,14.0,2.0,12.0,L,L,O,""0"
"Nov"",""02,"",2019,recap,Sat,2019,Warriors,Hornets,home,87-93,0&2,3.5,223.0,-6,-2.5,-43.0,-22.8,-20.2,L,L,U,""0"
"Nov"",""04,"",2019,recap,Mon,2019,Warriors,Trailblazers,home,127-118,1&1,10.5,222.0,9,19.5,23.0,21.2,1.8,W,W,O,""0"
"Nov"",""06,"",2019,recap,Wed,2019,Warriors,Rockets,away,112-129,1&1,15.5,233.5,-17,-1.5,7.5,3.0,4.5,L,L,O,0"
"Nov"",""08,"",2019,recap,Fri,2019,Warriors,Timberwolves,away,119-125,1&1,11.0,230.0,-6,5.0,14.0,9.5,4.5,L,W,O,""1"
"Nov"",""09,"",2019,recap,Sat,2019,Warriors,Thunder,away,108-114,0&1,11.5,216.5,-6,5.5,5.5,5.5,0.0,L,W,O,0"
"Nov"",""11,"",2019,recap,Mon,2019,Warriors,Jazz,home,108-122,1&2,8.0,213.0,-14,-6.0,17.0,5.5,11.5,L,L,O,""0"
"Nov"",""13,"",2019,recap,Wed,2019,Warriors,Lakers,away,94-120,1&0,10.0,218.5,-26,-16.0,-4.5,-10.2,5.8,L,L,U,""0"
"Nov"",""15,"",2019,recap,Fri,2019,Warriors,Celtics,home,100-105,1&1,7.5,222.5,-5,2.5,-17.5,-7.5,-10.0,L,W,U,""0"
"Nov"",""17,"",2019,recap,Sun,2019,Warriors,Pelicans,away,100-108,1&0,4.5,226.5,-8,-3.5,-18.5,-11.0,-7.5,L,L,U,0"
"Nov"",""19,"",2019,recap,Tue,2019,Warriors,Grizzlies,away,114-95,1&1,6.0,221.0,19,25.0,-12.0,6.5,-18.5,W,W,U,""0"
"Nov"",""20,"",2019,recap,Wed,2019,Warriors,Mavericks,away,94-142,0&1,14.0,221.0,-48,-34.0,15.0,-9.5,24.5,L,L,O,""0"
"Nov"",""22,"",2019,recap,Fri,2019,Warriors,Jazz,away,109-113,1&1,15.5,211.0,-4,11.5,11.0,11.2,-0.2,L,W,O,""0"
"Nov"",""25,"",2019,recap,Mon,2019,Warriors,Thunder,home,97-100,2&2,6.0,212.5,-3,3.0,-15.5,-6.2,-9.2,L,W,U,""0"
"Nov"",""27,"",2019,recap,Wed,2019,Warriors,Bulls,home,104-90,1&1,2.0,215.0,14,16.0,-21.0,-2.5,-18.5,W,W,U,""0"
"Nov"",""29,"",2019,recap,Fri,2019,Warriors,Heat,away,105-122,1&1,11.5,209.5,-17,-5.5,17.5,6.0,11.5,L,L,O,""0"
"Dec"",""01,"",2019,recap,Sun,2019,Warriors,Magic,away,96-100,1&1,8.0,205.0,-4,4.0,-9.0,-2.5,-6.5,L,W,U,""0"
"Dec"",""02,"",2019,recap,Mon,2019,Warriors,Hawks,away,79-104,0&1,6.5,222.5,-25,-18.5,-39.5,-29.0,-10.5,L,L,U,""0"
"Dec"",""04,"",2019,recap,Wed,2019,Warriors,Hornets,away,91-106,1&1,3.5,209.0,-15,-11.5,-12.0,-11.8,-0.2,L,L,U,""0"
"Dec"",""06,"",2019,recap,Fri,2019,Warriors,Bulls,away,100-98,1&1,4.5,212.5,2,6.5,-14.5,-4.0,-10.5,W,W,U,""0"
"Dec"",""09,"",2019,recap,Mon,2019,Warriors,Grizzlies,home,102-110,2&1,-3.0,218.0,-8,-11.0,-6.0,-8.5,2.5,L,L,U,""0"
"Dec"",""11,"",2019,recap,Wed,2019,Warriors,Knicks,home,122-124,1&0,-5.0,211.0,-2,-7.0,35.0,14.0,21.0,L,L,O,""1"
"Dec"",""13,"",2019,recap,Fri,2019,Warriors,Jazz,away,106-114,1&1,13.5,210.5,-8,5.5,9.5,7.5,2.0,L,W,O,""0"
"Dec"",""15,"",2019,recap,Sun,2019,Warriors,Kings,home,79-100,1&1,4.5,210.0,-21,-16.5,-31.0,-23.8,-7.2,L,L,U,""0"
"Dec"",""18,"",2019,recap,Wed,2019,Warriors,Trailblazers,away,112-122,2&1,9.5,221.5,-10,-0.5,12.5,6.0,6.5,L,L,O,""0"
"Dec"",""20,"",2019,recap,Fri,2019,Warriors,Pelicans,home,106-102,1&1,2.0,221.5,4,6.0,-13.5,-3.8,-9.8,W,W,U,""0"
"Dec"",""23,"",2019,recap,Mon,2019,Warriors,Timberwolves,home,113-104,2&1,0.0,221.0,9,9.0,-4.0,2.5,-6.5,W,W,U,""0"
"Dec"",""25,"",2019,recap,Wed,2019,Warriors,Rockets,home,116-104,1&1,11.0,227.0,12,23.0,-7.0,8.0,-15.0,W,W,U,""0"
"Dec"",""27,"",2019,recap,Fri,2019,Warriors,Suns,home,105-96,1&3,2.5,223.0,9,11.5,-22.0,-5.2,-16.8,W,W,U,""0"
"Dec"",""28,"",2019,recap,Sat,2019,Warriors,Mavericks,home,121-141,0&1,11.0,219.0,-20,-9.0,43.0,17.0,26.0,L,L,O,""0"
"Dec"",""31,"",2019,recap,Tue,2019,Warriors,Spurs,away,113-117,2&2,9.5,220.0,-4,5.5,10.0,7.8,2.2,L,W,O,""1"
"Jan"",""02,"",2020,recap,Thu,2019,Warriors,Timberwolves,away,84-99,1&0,4.0,213.5,-15,-11.0,-30.5,-20.8,-9.8,L,L,U,0"
"Jan"",""04,"",2020,recap,Sat,2019,Warriors,Pistons,home,104-111,1&1,3.0,214.5,-7,-4.0,0.5,-1.8,2.2,L,L,O,""0"
"Jan"",""06,"",2020,recap,Mon,2019,Warriors,Kings,away,98-111,1&1,10.5,214.0,-13,-2.5,-5.0,-3.8,-1.2,L,L,U,""0"
"Jan"",""08,"",2020,recap,Wed,2019,Warriors,Bucks,home,98-107,1&1,13.5,218.0,-9,4.5,-13.0,-4.2,-8.8,L,W,U,""0"
"Jan"",""10,"",2020,recap,Fri,2019,Warriors,Clippers,away,100-109,1&4,14.0,218.5,-9,5.0,-9.5,-2.2,-7.2,L,W,U,""0"
"Jan"",""12,"",2020,recap,Sun,2019,Warriors,Grizzlies,away,102-122,1&1,6.5,224.0,-20,-13.5,0.0,-6.8,6.8,L,L,P,""0"
"Jan"",""14,"",2020,recap,Tue,2019,Warriors,Mavericks,home,97-124,1&2,8.0,222.5,-27,-19.0,-1.5,-10.2,8.8,L,L,U,""0"
"Jan"",""16,"",2020,recap,Thu,2019,Warriors,Nuggets,home,131-134,1&0,3.5,213.0,-3,0.5,52.0,26.2,25.8,L,W,O,""1"
"Jan"",""18,"",2020,recap,Sat,2019,Warriors,Magic,home,109-95,1&1,4.5,212.0,14,18.5,-8.0,5.2,-13.2,W,W,U,""0"
"Jan"",""20,"",2020,recap,Mon,2019,Warriors,Trailblazers,away,124-129,1&1,6.0,222.0,-5,1.0,31.0,16.0,15.0,L,W,O,""1"
"Jan"",""22,"",2020,recap,Wed,2019,Warriors,Jazz,home,96-129,1&1,9.0,217.0,-33,-24.0,8.0,-8.0,16.0,L,L,O,""0"
"Jan"",""24,"",2020,recap,Fri,2019,Warriors,Pacers,home,118-129,1&1,6.5,216.0,-11,-4.5,31.0,13.2,17.8,L,L,O,""0"
"Jan"",""28,"",2020,recap,Tue,2019,Warriors,Seventysixers,away,104-115,3&2,12.0,213.5,-11,1.0,5.5,3.2,2.2,L,W,O,0"
"Jan"",""30,"",2020,recap,Thu,2019,Warriors,Celtics,away,104-119,1&1,13.5,223.5,-15,-1.5,-0.5,-1.0,0.5,L,L,U,""0"
"Feb"",""01,"",2020,recap,Sat,2019,Warriors,Cavaliers,away,131-112,1&1,1.5,225.0,19,20.5,18.0,19.2,-1.2,W,W,O,""0"
"Feb"",""03,"",2020,recap,Mon,2019,Warriors,Wizards,away,125-117,1&1,5.0,235.5,8,13.0,6.5,9.8,-3.2,W,W,O,0"
"Feb"",""05,"",2020,recap,Wed,2019,Warriors,Nets,away,88-129,1&1,7.0,225.0,-41,-34.0,-8.0,-21.0,13.0,L,L,U,""0"
"Feb"",""08,"",2020,recap,Sat,2019,Warriors,Lakers,home,120-125,2&1,13.5,224.0,-5,8.5,21.0,14.8,6.2,L,W,O,""0"
"Feb"",""10,"",2020,recap,Mon,2019,Warriors,Heat,home,101-113,1&0,6.5,219.5,-12,-5.5,-5.5,-5.5,0.0,L,L,U,""0"
"Feb"",""12,"",2020,recap,Wed,2019,Warriors,Suns,away,106-112,1&1,7.0,226.0,-6,1.0,-8.0,-3.5,-4.5,L,W,U,""0"
"Feb"",""20,"",2020,recap,Thu,2019,Warriors,Rockets,home,105-135,7&8,10.0,233.0,-30,-20.0,7.0,-6.5,13.5,L,L,O,""0"
"Feb"",""23,"",2020,recap,Sun,2019,Warriors,Pelicans,home,101-115,2&1,10.0,238.0,-14,-4.0,-22.0,-13.0,-9.0,L,L,U,""0"
"Feb"",""25,"",2020,recap,Tue,2019,Warriors,Kings,home,94-112,1&2,7.0,223.5,-18,-11.0,-17.5,-14.2,-3.2,L,L,U,""0"
"Feb"",""27,"",2020,recap,Thu,2019,Warriors,Lakers,home,86-116,1&1,13.0,221.5,-30,-17.0,-19.5,-18.2,-1.2,L,L,U,""0"
"Feb"",""29,"",2020,recap,Sat,2019,Warriors,Suns,away,115-99,1&0,8.5,222.0,16,24.5,-8.0,8.2,-16.2,W,W,U,0"
"Mar"",""01,"",2020,recap,Sun,2019,Warriors,Wizards,home,110-124,0&1,7.0,231.5,-14,-7.0,2.5,-2.2,4.8,L,L,O,""0"
"Mar"",""03,"",2020,recap,Tue,2019,Warriors,Nuggets,away,116-100,1&1,15.0,216.5,16,31.0,-0.5,15.2,-15.8,W,W,U,""0"
"Mar"",""05,"",2020,recap,Thu,2019,Warriors,Raptors,home,113-121,1&1,9.0,226.0,-8,1.0,8.0,4.5,3.5,L,W,O,""0"
"Mar"",""07,"",2020,recap,Sat,2019,Warriors,Seventysixers,home,118-114,1&1,1.5,225.0,4,5.5,7.0,6.2,0.8,W,W,O,""0"
"Mar"",""10,"",2020,recap,Tue,2019,Warriors,Clippers,home,107-131,2&1,12.0,224.0,-24,-12.0,14.0,1.0,13.0,L,L,O,""0"
