"Jan"",""02,"",2015,recap,Fri,2014,Hawks,Jazz,away,98-92,2&2,-4.5,194.5,6,1.5,-4.5,-1.5,-3.0,W,W,U,""0"
"Jan"",""03,"",2015,recap,Sat,2014,Hawks,Trailblazers,away,115-107,0&3,5.5,202.0,8,13.5,20.0,16.8,3.2,W,W,O,0"
"Jan"",""05,"",2015,recap,Mon,2014,Hawks,Clippers,away,107-98,1&1,5.5,210.0,9,14.5,-5.0,4.8,-9.8,W,W,U,""0"
"Jan"",""07,"",2015,recap,Wed,2014,Hawks,Grizzlies,home,96-86,1&1,-4.5,196.5,10,5.5,-14.5,-4.5,-10.0,W,W,U,""0"
"Jan"",""09,"",2015,recap,Fri,2014,Hawks,Pistons,away,106-103,1&1,-2.5,206.0,3,0.5,3.0,1.8,1.2,W,W,O,""0"
"Jan"",""11,"",2015,recap,Sun,2014,Hawks,Wizards,home,120-89,1&1,-4.5,195.0,31,26.5,14.0,20.2,-6.2,W,W,O,""0"
"Jan"",""13,"",2015,recap,Tue,2014,Hawks,Seventysixers,away,105-87,1&2,-11.5,195.5,18,6.5,-3.5,1.5,-5.0,W,W,U,""0"
"Jan"",""14,"",2015,recap,Wed,2014,Hawks,Celtics,away,105-91,0&1,-6.5,203.0,14,7.5,-7.0,0.2,-7.2,W,W,U,""0"
"Jan"",""16,"",2015,recap,Fri,2014,Hawks,Raptors,away,110-89,1&1,-1.5,206.5,21,19.5,-7.5,6.0,-13.5,W,W,U,""0"
"Jan"",""17,"",2015,recap,Sat,2014,Hawks,Bulls,away,107-99,0&0,-3.0,200.0,8,5.0,6.0,5.5,0.5,W,W,O,""0"
"Jan"",""19,"",2015,recap,Mon,2014,Hawks,Pistons,home,93-82,1&1,-7.5,202.5,11,3.5,-27.5,-12.0,-15.5,W,W,U,""0"
"Jan"",""21,"",2015,recap,Wed,2014,Hawks,Pacers,home,110-91,1&1,-11.0,194.0,19,8.0,7.0,7.5,-0.5,W,W,O,""0"
"Jan"",""23,"",2015,recap,Fri,2014,Hawks,Thunder,home,103-93,1&1,-4.0,207.0,10,6.0,-11.0,-2.5,-8.5,W,W,U,""0"
"Jan"",""25,"",2015,recap,Sun,2014,Hawks,Timberwolves,home,112-100,1&1,-17.5,201.0,12,-5.5,11.0,2.8,8.2,W,L,O,""0"
"Jan"",""28,"",2015,recap,Wed,2014,Hawks,Nets,home,113-102,2&3,-13.5,194.5,11,-2.5,20.5,9.0,11.5,W,L,O,""0"
"Jan"",""30,"",2015,recap,Fri,2014,Hawks,Trailblazers,home,105-99,1&1,-6.0,203.5,6,0.0,0.5,0.2,0.2,W,P,O,""0"
"Jan"",""31,"",2015,recap,Sat,2014,Hawks,Seventysixers,home,91-85,0&0,-16.5,191.0,6,-10.5,-15.0,-12.8,-2.2,W,L,U,""0"
"Feb"",""02,"",2015,recap,Mon,2014,Hawks,Pelicans,away,100-115,1&2,-3.5,196.0,-15,-18.5,19.0,0.2,18.8,L,L,O,""0"
"Feb"",""04,"",2015,recap,Wed,2014,Hawks,Wizards,home,105-96,1&1,-6.0,198.5,9,3.0,2.5,2.8,-0.2,W,W,O,""0"
"Feb"",""06,"",2015,recap,Fri,2014,Hawks,Warriors,home,124-116,1&1,0.0,214.0,8,8.0,26.0,17.0,9.0,W,W,O,""0"
"Feb"",""08,"",2015,recap,Sun,2014,Hawks,Grizzlies,away,88-94,1&1,2.5,195.5,-6,-3.5,-13.5,-8.5,-5.0,L,L,U,""0"
"Feb"",""09,"",2015,recap,Mon,2014,Hawks,Timberwolves,away,117-105,0&0,-6.5,206.0,12,5.5,16.0,10.8,5.2,W,W,O,""0"
"Feb"",""11,"",2015,recap,Wed,2014,Hawks,Celtics,away,88-89,1&3,-7.0,202.0,-1,-8.0,-25.0,-16.5,-8.5,L,L,U,""0"
"Feb"",""20,"",2015,recap,Fri,2014,Hawks,Raptors,home,80-105,8&8,-5.0,205.0,-25,-30.0,-20.0,-25.0,5.0,L,L,U,""0"
"Feb"",""22,"",2015,recap,Sun,2014,Hawks,Bucks,away,97-86,1&1,-4.5,195.0,11,6.5,-12.0,-2.8,-9.2,W,W,U,""0"
"Feb"",""25,"",2015,recap,Wed,2014,Hawks,Mavericks,home,104-87,2&0,-8.0,202.5,17,9.0,-11.5,-1.2,-10.2,W,W,U,""0"
"Feb"",""27,"",2015,recap,Fri,2014,Hawks,Magic,home,95-88,1&1,-11.0,195.5,7,-4.0,-12.5,-8.2,-4.2,W,L,U,""0"
"Feb"",""28,"",2015,recap,Sat,2014,Hawks,Heat,away,93-91,0&0,-3.5,198.0,2,-1.5,-14.0,-7.8,-6.2,W,L,U,""0"
"Mar"",""03,"",2015,recap,Tue,2014,Hawks,Rockets,home,104-96,2&1,-8.0,200.0,8,0.0,0.0,0.0,0.0,W,P,P,""0"
"Mar"",""06,"",2015,recap,Fri,2014,Hawks,Cavaliers,home,106-97,2&1,1.0,203.5,9,10.0,-0.5,4.8,-5.2,W,W,U,""0"
"Mar"",""07,"",2015,recap,Sat,2014,Hawks,Seventysixers,away,84-92,0&0,-8.0,193.5,-8,-16.0,-17.5,-16.8,-0.8,L,L,U,""0"
"Mar"",""09,"",2015,recap,Mon,2014,Hawks,Kings,home,130-105,1&1,-11.0,210.0,25,14.0,25.0,19.5,5.5,W,W,O,""0"
"Mar"",""11,"",2015,recap,Wed,2014,Hawks,Nuggets,away,102-115,1&1,-6.5,208.5,-13,-19.5,8.5,-5.5,14.0,L,L,O,""0"
"Mar"",""13,"",2015,recap,Fri,2014,Hawks,Suns,away,96-87,1&1,-6.5,204.0,9,2.5,-21.0,-9.2,-11.8,W,W,U,""0"
"Mar"",""15,"",2015,recap,Sun,2014,Hawks,Lakers,away,91-86,1&2,-7.0,195.0,5,-2.0,-18.0,-10.0,-8.0,W,L,U,""0"
"Mar"",""16,"",2015,recap,Mon,2014,Hawks,Kings,away,110-103,0&1,-5.0,209.5,7,2.0,3.5,2.8,0.8,W,W,O,""0"
"Mar"",""18,"",2015,recap,Wed,2014,Hawks,Warriors,away,95-114,1&1,6.5,209.0,-19,-12.5,0.0,-6.2,6.2,L,L,P,0"
"Mar"",""20,"",2015,recap,Fri,2014,Hawks,Thunder,away,115-123,1&1,-0.0,212.0,-8,-8.0,26.0,9.0,17.0,L,L,O,""0"
"Mar"",""22,"",2015,recap,Sun,2014,Hawks,Spurs,home,95-114,1&1,-1.5,202.5,-19,-20.5,6.5,-7.0,13.5,L,L,O,""0"
"Mar"",""25,"",2015,recap,Wed,2014,Hawks,Magic,away,95-83,2&2,-9.0,200.0,12,3.0,-22.0,-9.5,-12.5,W,W,U,""0"
"Mar"",""27,"",2015,recap,Fri,2014,Hawks,Heat,home,99-86,1&1,-9.0,195.5,13,4.0,-10.5,-3.2,-7.2,W,W,U,""0"
"Mar"",""28,"",2015,recap,Sat,2014,Hawks,Hornets,away,100-115,0&0,6.0,191.5,-15,-9.0,23.5,7.2,16.2,L,L,O,""0"
"Mar"",""30,"",2015,recap,Mon,2014,Hawks,Bucks,home,101-88,1&1,-9.0,193.5,13,4.0,-4.5,-0.2,-4.2,W,W,U,""0"
"Mar"",""31,"",2015,recap,Tue,2014,Hawks,Pistons,away,95-105,0&1,4.0,198.0,-10,-6.0,2.0,-2.0,4.0,L,L,O,0"
"Apr"",""04,"",2015,recap,Sat,2014,Hawks,Nets,home,131-99,3&0,-9.5,205.0,32,22.5,25.0,23.8,1.2,W,W,O,""0"
"Apr"",""07,"",2015,recap,Tue,2014,Hawks,Suns,home,96-69,2&2,-8.0,201.0,27,19.0,-36.0,-8.5,-27.5,W,W,U,""0"
"Apr"",""08,"",2015,recap,Wed,2014,Hawks,Nets,away,114-111,0&1,4.5,204.5,3,7.5,20.5,14.0,6.5,W,W,O,""0"
"Apr"",""10,"",2015,recap,Fri,2014,Hawks,Hornets,home,104-80,1&1,-10.0,192.5,24,14.0,-8.5,2.8,-11.2,W,W,U,""0"
"Apr"",""12,"",2015,recap,Sun,2014,Hawks,Wizards,away,99-108,1&1,8.5,195.0,-9,-0.5,12.0,5.8,6.2,L,L,O,0"
"Apr"",""13,"",2015,recap,Mon,2014,Hawks,Knicks,home,108-112,0&1,-14.0,198.0,-4,-18.0,22.0,2.0,20.0,L,L,O,""0"
"Apr"",""15,"",2015,recap,Wed,2014,Hawks,Bulls,away,85-91,1&1,5.5,197.0,-6,-0.5,-21.0,-10.8,-10.2,L,L,U,""0"
"Oct"",""27,"",2015,recap,Tue,2015,Hawks,Pistons,home,94-106,&,-6.5,197.5,-12,-18.5,2.5,-8.0,10.5,L,L,O,""0"
"Oct"",""29,"",2015,recap,Thu,2015,Hawks,Knicks,away,112-101,1&0,-4.5,199.0,11,6.5,14.0,10.2,3.8,W,W,O,""0"
"Oct"",""30,"",2015,recap,Fri,2015,Hawks,Hornets,home,97-94,0&1,-4.0,194.0,3,-1.0,-3.0,-2.0,-1.0,W,L,U,""0"
"Nov"",""01,"",2015,recap,Sun,2015,Hawks,Hornets,away,94-92,1&1,-2.0,194.5,2,0.0,-8.5,-4.2,-4.2,W,P,U,""0"
"Nov"",""03,"",2015,recap,Tue,2015,Hawks,Heat,away,98-92,1&1,3.5,196.0,6,9.5,-6.0,1.8,-7.8,W,W,U,""0"
"Nov"",""04,"",2015,recap,Wed,2015,Hawks,Nets,home,101-87,0&1,-8.0,196.5,14,6.0,-8.5,-1.2,-7.2,W,W,U,""0"
"Nov"",""06,"",2015,recap,Fri,2015,Hawks,Pelicans,away,121-115,1&2,-3.0,206.0,6,3.0,30.0,16.5,13.5,W,W,O,""0"
"Nov"",""07,"",2015,recap,Sat,2015,Hawks,Wizards,home,114-99,0&0,-5.0,206.0,15,10.0,7.0,8.5,-1.5,W,W,O,""0"
"Nov"",""09,"",2015,recap,Mon,2015,Hawks,Timberwolves,home,107-117,1&1,-8.5,205.0,-10,-18.5,19.0,0.2,18.8,L,L,O,""0"
"Nov"",""11,"",2015,recap,Wed,2015,Hawks,Pelicans,home,106-98,1&0,-11.0,209.0,8,-3.0,-5.0,-4.0,-1.0,W,L,U,""0"
"Nov"",""13,"",2015,recap,Fri,2015,Hawks,Celtics,away,93-106,1&1,-1.0,206.0,-13,-14.0,-7.0,-10.5,3.5,L,L,U,""0"
"Nov"",""15,"",2015,recap,Sun,2015,Hawks,Jazz,home,96-97,1&1,-4.0,193.0,-1,-5.0,0.0,-2.5,2.5,L,L,P,""0"
"Nov"",""17,"",2015,recap,Tue,2015,Hawks,Nets,away,88-90,1&2,-4.0,197.0,-2,-6.0,-19.0,-12.5,-6.5,L,L,U,""0"
"Nov"",""18,"",2015,recap,Wed,2015,Hawks,Kings,home,103-97,0&2,-3.5,208.5,6,2.5,-8.5,-3.0,-5.5,W,W,U,""0"
"Nov"",""21,"",2015,recap,Sat,2015,Hawks,Cavaliers,away,97-109,2&1,5.5,199.0,-12,-6.5,7.0,0.2,6.8,L,L,O,""0"
"Nov"",""24,"",2015,recap,Tue,2015,Hawks,Celtics,home,121-97,2&1,-3.0,205.0,24,21.0,13.0,17.0,-4.0,W,W,O,""0"
"Nov"",""25,"",2015,recap,Wed,2015,Hawks,Timberwolves,away,95-99,0&1,-3.0,205.5,-4,-7.0,-11.5,-9.2,-2.2,L,L,U,0"
"Nov"",""27,"",2015,recap,Fri,2015,Hawks,Grizzlies,away,116-101,1&1,3.0,195.5,15,18.0,21.5,19.8,1.8,W,W,O,""0"
"Nov"",""28,"",2015,recap,Sat,2015,Hawks,Spurs,away,88-108,0&0,7.5,193.0,-20,-12.5,3.0,-4.8,7.8,L,L,O,""0"
"Nov"",""30,"",2015,recap,Mon,2015,Hawks,Thunder,home,106-100,1&2,2.0,211.5,6,8.0,-5.5,1.2,-6.8,W,W,U,""0"
"Dec"",""02,"",2015,recap,Wed,2015,Hawks,Raptors,home,86-96,1&2,-3.5,196.5,-10,-13.5,-14.5,-14.0,-0.5,L,L,U,""0"
"Dec"",""04,"",2015,recap,Fri,2015,Hawks,Lakers,home,100-87,1&1,-11.5,204.0,13,1.5,-17.0,-7.8,-9.2,W,W,U,""0"
"Dec"",""09,"",2015,recap,Wed,2015,Hawks,Mavericks,away,98-95,4&1,-1.5,203.0,3,1.5,-10.0,-4.2,-5.8,W,W,U,""0"
"Dec"",""10,"",2015,recap,Thu,2015,Hawks,Thunder,away,94-107,0&1,7.5,211.0,-13,-5.5,-10.0,-7.8,-2.2,L,L,U,0"
"Dec"",""12,"",2015,recap,Sat,2015,Hawks,Spurs,home,78-103,1&0,3.0,191.5,-25,-22.0,-10.5,-16.2,5.8,L,L,U,""0"
"Dec"",""14,"",2015,recap,Mon,2015,Hawks,Heat,home,88-100,1&0,-5.5,191.0,-12,-17.5,-3.0,-10.2,7.2,L,L,U,""0"
"Dec"",""16,"",2015,recap,Wed,2015,Hawks,Seventysixers,home,127-106,1&1,-13.5,199.5,21,7.5,33.5,20.5,13.0,W,W,O,""0"
"Dec"",""18,"",2015,recap,Fri,2015,Hawks,Celtics,away,109-101,1&1,3.5,206.5,8,11.5,3.5,7.5,-4.0,W,W,O,""0"
"Dec"",""20,"",2015,recap,Sun,2015,Hawks,Magic,away,103-100,1&1,-1.0,201.5,3,2.0,1.5,1.8,-0.2,W,W,O,""0"
"Dec"",""21,"",2015,recap,Mon,2015,Hawks,Trailblazers,home,106-97,0&0,-9.0,204.5,9,0.0,-1.5,-0.8,-0.8,W,P,U,""0"
"Dec"",""23,"",2015,recap,Wed,2015,Hawks,Pistons,home,107-100,1&0,-6.5,202.0,7,0.5,5.0,2.8,2.2,W,W,O,""0"
"Dec"",""26,"",2015,recap,Sat,2015,Hawks,Knicks,home,117-98,2&2,-7.5,202.5,19,11.5,12.5,12.0,0.5,W,W,O,""0"
"Dec"",""28,"",2015,recap,Mon,2015,Hawks,Pacers,away,87-93,1&1,2.0,205.0,-6,-4.0,-25.0,-14.5,-10.5,L,L,U,""0"
"Dec"",""29,"",2015,recap,Tue,2015,Hawks,Rockets,away,121-115,0&2,3.0,209.0,6,9.0,27.0,18.0,9.0,W,W,O,""0"
"Jan"",""03,"",2016,recap,Sun,2015,Hawks,Knicks,away,97-111,4&1,-4.5,202.5,-14,-18.5,5.5,-6.5,12.0,L,L,O,""0"
"Jan"",""05,"",2016,recap,Tue,2015,Hawks,Knicks,home,101-107,1&1,-7.5,203.5,-6,-13.5,4.5,-4.5,9.0,L,L,O,""0"
"Jan"",""07,"",2016,recap,Thu,2015,Hawks,Seventysixers,away,126-98,1&2,-9.5,207.5,28,18.5,16.5,17.5,-1.0,W,W,O,0"
"Jan"",""09,"",2016,recap,Sat,2015,Hawks,Bulls,home,120-105,1&1,-2.5,208.0,15,12.5,17.0,14.8,2.2,W,W,O,""0"
"Jan"",""13,"",2016,recap,Wed,2015,Hawks,Hornets,away,84-107,3&2,-3.0,205.5,-23,-26.0,-14.5,-20.2,5.8,L,L,U,""0"
"Jan"",""15,"",2016,recap,Fri,2015,Hawks,Bucks,away,101-108,1&1,-4.0,208.5,-7,-11.0,0.5,-5.2,5.8,L,L,O,""1"
"Jan"",""16,"",2016,recap,Sat,2015,Hawks,Nets,home,114-86,0&0,-11.0,205.0,28,17.0,-5.0,6.0,-11.0,W,W,U,""0"
"Jan"",""18,"",2016,recap,Mon,2015,Hawks,Magic,home,98-81,1&3,-8.0,201.0,17,9.0,-22.0,-6.5,-15.5,W,W,U,""0"
"Jan"",""20,"",2016,recap,Wed,2015,Hawks,Trailblazers,away,104-98,1&1,-2.0,209.5,6,4.0,-7.5,-1.8,-5.8,W,W,U,""0"
"Jan"",""21,"",2016,recap,Thu,2015,Hawks,Kings,away,88-91,0&0,1.5,215.5,-3,-1.5,-36.5,-19.0,-17.5,L,L,U,""0"
"Jan"",""23,"",2016,recap,Sat,2015,Hawks,Suns,away,95-98,1&1,-11.0,205.0,-3,-14.0,-12.0,-13.0,1.0,L,L,U,""0"
"Jan"",""25,"",2016,recap,Mon,2015,Hawks,Nuggets,away,119-105,1&1,-5.0,207.5,14,9.0,16.5,12.8,3.8,W,W,O,""0"
"Jan"",""27,"",2016,recap,Wed,2015,Hawks,Clippers,home,83-85,1&0,-4.0,206.0,-2,-6.0,-38.0,-22.0,-16.0,L,L,U,""0"
"Jan"",""28,"",2016,recap,Thu,2015,Hawks,Pacers,away,92-111,0&1,3.0,203.0,-19,-16.0,0.0,-8.0,8.0,L,L,P,""0"
"Jan"",""31,"",2016,recap,Sun,2015,Hawks,Heat,away,87-105,2&1,-1.0,195.0,-18,-19.0,-3.0,-11.0,8.0,L,L,U,""0"
"Feb"",""01,"",2016,recap,Mon,2015,Hawks,Mavericks,home,112-97,0&0,-6.0,199.0,15,9.0,10.0,9.5,0.5,W,W,O,""0"
"Feb"",""03,"",2016,recap,Wed,2015,Hawks,Seventysixers,away,124-86,1&3,-8.0,208.5,38,30.0,1.5,15.8,-14.2,W,W,O,""0"
"Feb"",""05,"",2016,recap,Fri,2015,Hawks,Pacers,home,102-96,1&1,-5.0,206.5,6,1.0,-8.5,-3.8,-4.8,W,W,U,""0"
"Feb"",""07,"",2016,recap,Sun,2015,Hawks,Magic,away,94-96,1&1,-3.0,201.5,-2,-5.0,-11.5,-8.2,-3.2,L,L,U,0"
"Feb"",""08,"",2016,recap,Mon,2015,Hawks,Magic,home,110-117,0&0,-8.0,203.0,-7,-15.0,24.0,4.5,19.5,L,L,O,""1"
"Feb"",""10,"",2016,recap,Wed,2015,Hawks,Bulls,away,113-90,1&1,-4.0,205.0,23,19.0,-2.0,8.5,-10.5,W,W,U,""0"
"Feb"",""19,"",2016,recap,Fri,2015,Hawks,Heat,home,111-115,8&9,-8.5,196.5,-4,-12.5,29.5,8.5,21.0,L,L,O,""0"
"Feb"",""20,"",2016,recap,Sat,2015,Hawks,Bucks,home,109-117,0&0,-8.5,207.0,-8,-16.5,19.0,1.2,17.8,L,L,O,""2"
"Feb"",""22,"",2016,recap,Mon,2015,Hawks,Warriors,home,92-102,1&1,7.0,225.0,-10,-3.0,-31.0,-17.0,-14.0,L,L,U,""0"
"Feb"",""26,"",2016,recap,Fri,2015,Hawks,Bulls,home,103-88,3&1,-7.5,208.0,15,7.5,-17.0,-4.8,-12.2,W,W,U,""0"
"Feb"",""28,"",2016,recap,Sun,2015,Hawks,Hornets,home,87-76,1&1,-4.0,201.5,11,7.0,-38.5,-15.8,-22.8,W,W,U,""0"
"Mar"",""01,"",2016,recap,Tue,2015,Hawks,Warriors,away,105-109,1&2,6.0,215.0,-4,2.0,-1.0,0.5,-1.5,L,W,U,1"
"Mar"",""04,"",2016,recap,Fri,2015,Hawks,Lakers,away,106-77,2&1,-11.0,204.0,29,18.0,-21.0,-1.5,-19.5,W,W,U,""0"
"Mar"",""05,"",2016,recap,Sat,2015,Hawks,Clippers,away,107-97,0&2,5.5,201.0,10,15.5,3.0,9.2,-6.2,W,W,O,""0"
"Mar"",""08,"",2016,recap,Tue,2015,Hawks,Jazz,away,91-84,2&2,1.5,191.5,7,8.5,-16.5,-4.0,-12.5,W,W,U,""0"
"Mar"",""10,"",2016,recap,Thu,2015,Hawks,Raptors,away,96-104,1&1,4.0,200.5,-8,-4.0,-0.5,-2.2,1.8,L,L,U,""0"
"Mar"",""12,"",2016,recap,Sat,2015,Hawks,Grizzlies,home,95-83,1&0,-13.5,194.0,12,-1.5,-16.0,-8.8,-7.2,W,L,U,""0"
"Mar"",""13,"",2016,recap,Sun,2015,Hawks,Pacers,home,104-75,0&0,-5.0,197.5,29,24.0,-18.5,2.8,-21.2,W,W,U,""0"
"Mar"",""16,"",2016,recap,Wed,2015,Hawks,Pistons,away,118-114,2&1,-0.0,199.5,4,4.0,32.5,18.2,14.2,W,W,O,""0"
"Mar"",""17,"",2016,recap,Thu,2015,Hawks,Nuggets,home,116-98,0&1,-8.0,210.0,18,10.0,4.0,7.0,-3.0,W,W,O,""0"
"Mar"",""19,"",2016,recap,Sat,2015,Hawks,Rockets,home,109-97,1&0,-7.0,214.0,12,5.0,-8.0,-1.5,-6.5,W,W,U,""0"
"Mar"",""21,"",2016,recap,Mon,2015,Hawks,Wizards,home,102-117,1&1,-6.5,207.5,-15,-21.5,11.5,-5.0,16.5,L,L,O,""0"
"Mar"",""23,"",2016,recap,Wed,2015,Hawks,Wizards,away,122-101,1&1,1.0,209.0,21,22.0,14.0,18.0,-4.0,W,W,O,0"
"Mar"",""25,"",2016,recap,Fri,2015,Hawks,Bucks,home,101-90,1&1,-9.0,201.5,11,2.0,-10.5,-4.2,-6.2,W,W,U,""0"
"Mar"",""26,"",2016,recap,Sat,2015,Hawks,Pistons,away,112-95,0&0,1.0,206.5,17,18.0,0.5,9.2,-8.8,W,W,O,""0"
"Mar"",""28,"",2016,recap,Mon,2015,Hawks,Bulls,away,102-100,1&1,-3.0,205.5,2,-1.0,-3.5,-2.2,-1.2,W,L,U,""0"
"Mar"",""30,"",2016,recap,Wed,2015,Hawks,Raptors,away,97-105,1&1,-0.0,201.0,-8,-8.0,1.0,-3.5,4.5,L,L,O,""0"
"Apr"",""01,"",2016,recap,Fri,2015,Hawks,Cavaliers,home,108-110,1&0,-2.0,206.5,-2,-4.0,11.5,3.8,7.8,L,L,O,""1"
"Apr"",""05,"",2016,recap,Tue,2015,Hawks,Suns,home,103-90,3&1,-14.5,207.0,13,-1.5,-14.0,-7.8,-6.2,W,L,U,""0"
"Apr"",""07,"",2016,recap,Thu,2015,Hawks,Raptors,home,95-87,1&1,-7.0,200.0,8,1.0,-18.0,-8.5,-9.5,W,W,U,""0"
"Apr"",""09,"",2016,recap,Sat,2015,Hawks,Celtics,home,118-107,1&0,-5.5,207.0,11,5.5,18.0,11.8,6.2,W,W,O,""0"
"Apr"",""11,"",2016,recap,Mon,2015,Hawks,Cavaliers,away,94-109,1&1,6.0,204.0,-15,-9.0,-1.0,-5.0,4.0,L,L,U,""0"
"Apr"",""13,"",2016,recap,Wed,2015,Hawks,Wizards,away,98-109,1&1,-8.0,209.0,-11,-19.0,-2.0,-10.5,8.5,L,L,U,0"
"Oct"",""27,"",2016,recap,Thu,2016,Hawks,Wizards,home,114-99,&,-4.5,203.5,15,10.5,9.5,10.0,-0.5,W,W,O,""0"
"Oct"",""29,"",2016,recap,Sat,2016,Hawks,Seventysixers,away,104-72,1&2,-8.0,201.5,32,24.0,-25.5,-0.8,-24.8,W,W,U,""0"
"Oct"",""31,"",2016,recap,Mon,2016,Hawks,Kings,home,106-95,1&1,-7.0,203.0,11,4.0,-2.0,1.0,-3.0,W,W,U,""0"
"Nov"",""02,"",2016,recap,Wed,2016,Hawks,Lakers,home,116-123,1&0,-11.5,207.5,-7,-18.5,31.5,6.5,25.0,L,L,O,""0"
"Nov"",""04,"",2016,recap,Fri,2016,Hawks,Wizards,away,92-95,1&1,1.5,206.0,-3,-1.5,-19.0,-10.2,-8.8,L,L,U,0"
"Nov"",""05,"",2016,recap,Sat,2016,Hawks,Rockets,home,112-97,0&2,-3.5,215.5,15,11.5,-6.5,2.5,-9.0,W,W,U,""0"
"Nov"",""08,"",2016,recap,Tue,2016,Hawks,Cavaliers,away,110-106,2&2,7.5,208.0,4,11.5,8.0,9.8,-1.8,W,W,O,""0"
"Nov"",""09,"",2016,recap,Wed,2016,Hawks,Bulls,home,115-107,0&1,-3.5,204.0,8,4.5,18.0,11.2,6.8,W,W,O,""0"
"Nov"",""12,"",2016,recap,Sat,2016,Hawks,Seventysixers,home,117-96,2&0,-15.0,206.5,21,6.0,6.5,6.2,0.2,W,W,O,""0"
"Nov"",""15,"",2016,recap,Tue,2016,Hawks,Heat,away,93-90,2&0,-6.5,199.0,3,-3.5,-16.0,-9.8,-6.2,W,L,U,""0"
"Nov"",""16,"",2016,recap,Wed,2016,Hawks,Bucks,home,107-100,0&3,-6.5,208.5,7,0.5,-1.5,-0.5,-1.0,W,W,U,""0"
"Nov"",""18,"",2016,recap,Fri,2016,Hawks,Hornets,away,96-100,1&2,2.5,206.0,-4,-1.5,-10.0,-5.8,-4.2,L,L,U,""0"
"Nov"",""20,"",2016,recap,Sun,2016,Hawks,Knicks,away,94-104,1&2,-3.0,209.0,-10,-13.0,-11.0,-12.0,1.0,L,L,U,""0"
"Nov"",""22,"",2016,recap,Tue,2016,Hawks,Pelicans,home,94-112,1&2,-8.0,208.5,-18,-26.0,-2.5,-14.2,11.8,L,L,U,""0"
"Nov"",""23,"",2016,recap,Wed,2016,Hawks,Pacers,away,96-85,0&1,-1.5,204.0,11,9.5,-23.0,-6.8,-16.2,W,W,U,""0"
"Nov"",""25,"",2016,recap,Fri,2016,Hawks,Jazz,away,68-95,1&1,3.5,194.0,-27,-23.5,-31.0,-27.2,-3.8,L,L,U,""0"
"Nov"",""27,"",2016,recap,Sun,2016,Hawks,Lakers,away,94-109,1&1,-4.5,209.0,-15,-19.5,-6.0,-12.8,6.8,L,L,U,""0"
"Nov"",""28,"",2016,recap,Mon,2016,Hawks,Warriors,away,100-105,0&1,13.5,217.5,-5,8.5,-12.5,-2.0,-10.5,L,W,U,""0"
"Nov"",""30,"",2016,recap,Wed,2016,Hawks,Suns,away,107-109,1&2,-4.0,210.5,-2,-6.0,5.5,-0.2,5.8,L,L,O,""0"
"Dec"",""02,"",2016,recap,Fri,2016,Hawks,Pistons,home,85-121,1&1,-1.5,199.0,-36,-37.5,7.0,-15.2,22.2,L,L,O,""0"
"Dec"",""03,"",2016,recap,Sat,2016,Hawks,Raptors,away,84-128,0&0,9.0,207.5,-44,-35.0,4.5,-15.2,19.8,L,L,O,""0"
"Dec"",""05,"",2016,recap,Mon,2016,Hawks,Thunder,home,99-102,1&0,-2.5,211.0,-3,-5.5,-10.0,-7.8,-2.2,L,L,U,""0"
"Dec"",""07,"",2016,recap,Wed,2016,Hawks,Heat,home,103-95,1&0,-9.0,199.5,8,-1.0,-1.5,-1.2,-0.2,W,L,U,""0"
"Dec"",""09,"",2016,recap,Fri,2016,Hawks,Bucks,away,114-110,1&1,2.5,208.0,4,6.5,16.0,11.2,4.8,W,W,O,""0"
"Dec"",""13,"",2016,recap,Tue,2016,Hawks,Magic,home,120-131,3&2,-7.5,204.0,-11,-18.5,47.0,14.2,32.8,L,L,O,""0"
"Dec"",""16,"",2016,recap,Fri,2016,Hawks,Raptors,away,125-121,2&1,7.0,215.5,4,11.0,30.5,20.8,9.8,W,W,O,""0"
"Dec"",""17,"",2016,recap,Sat,2016,Hawks,Hornets,home,99-107,0&0,-2.0,207.0,-8,-10.0,-1.0,-5.5,4.5,L,L,U,""0"
"Dec"",""19,"",2016,recap,Mon,2016,Hawks,Thunder,away,110-108,1&1,2.0,210.0,2,4.0,8.0,6.0,2.0,W,W,O,""0"
"Dec"",""21,"",2016,recap,Wed,2016,Hawks,Timberwolves,home,84-92,1&1,-4.0,213.0,-8,-12.0,-37.0,-24.5,-12.5,L,L,U,""0"
"Dec"",""23,"",2016,recap,Fri,2016,Hawks,Nuggets,away,109-108,1&2,4.5,218.0,1,5.5,-1.0,2.2,-3.2,W,W,U,""0"
"Dec"",""26,"",2016,recap,Mon,2016,Hawks,Timberwolves,away,90-104,2&0,-1.0,210.0,-14,-15.0,-16.0,-15.5,-0.5,L,L,U,""0"
"Dec"",""28,"",2016,recap,Wed,2016,Hawks,Knicks,home,102-98,1&2,-4.0,211.0,4,0.0,-11.0,-5.5,-5.5,W,P,U,""1"
"Dec"",""30,"",2016,recap,Fri,2016,Hawks,Pistons,home,105-98,1&1,-3.5,202.0,7,3.5,1.0,2.2,-1.2,W,W,O,""0"
"Jan"",""01,"",2017,recap,Sun,2016,Hawks,Spurs,home,114-112,1&1,5.0,199.5,2,7.0,26.5,16.8,9.8,W,W,O,""1"
"Jan"",""04,"",2017,recap,Wed,2016,Hawks,Magic,away,111-92,2&1,-3.0,206.5,19,16.0,-3.5,6.2,-9.8,W,W,U,""0"
"Jan"",""05,"",2017,recap,Thu,2016,Hawks,Pelicans,away,99-94,0&2,2.0,207.5,5,7.0,-14.5,-3.8,-10.8,W,W,U,""0"
"Jan"",""07,"",2017,recap,Sat,2016,Hawks,Mavericks,away,97-82,1&1,-2.5,197.0,15,12.5,-18.0,-2.8,-15.2,W,W,U,""0"
"Jan"",""10,"",2017,recap,Tue,2016,Hawks,Nets,away,117-97,2&1,-8.5,214.5,20,11.5,-0.5,5.5,-6.0,W,W,U,""0"
"Jan"",""13,"",2017,recap,Fri,2016,Hawks,Celtics,home,101-103,2&1,-2.5,211.0,-2,-4.5,-7.0,-5.8,-1.2,L,L,U,""0"
"Jan"",""15,"",2017,recap,Sun,2016,Hawks,Bucks,home,111-98,1&1,-4.0,207.0,13,9.0,2.0,5.5,-3.5,W,W,O,""0"
"Jan"",""16,"",2017,recap,Mon,2016,Hawks,Knicks,away,108-107,0&0,-2.5,210.5,1,-1.5,4.5,1.5,3.0,W,L,O,""0"
"Jan"",""18,"",2017,recap,Wed,2016,Hawks,Pistons,away,95-118,1&2,-1.5,202.0,-23,-24.5,11.0,-6.8,17.8,L,L,O,""0"
"Jan"",""20,"",2017,recap,Fri,2016,Hawks,Bulls,home,102-93,1&2,-5.5,203.5,9,3.5,-8.5,-2.5,-6.0,W,W,U,""0"
"Jan"",""21,"",2017,recap,Sat,2016,Hawks,Seventysixers,home,110-93,0&0,-10.5,200.5,17,6.5,2.5,4.5,-2.0,W,W,O,""0"
"Jan"",""23,"",2017,recap,Mon,2016,Hawks,Clippers,home,105-115,1&1,-7.0,206.5,-10,-17.0,13.5,-1.8,15.2,L,L,O,""0"
"Jan"",""25,"",2017,recap,Wed,2016,Hawks,Bulls,away,119-114,1&0,-2.0,203.0,5,3.0,30.0,16.5,13.5,W,W,O,""0"
"Jan"",""27,"",2017,recap,Fri,2016,Hawks,Wizards,home,86-112,1&2,-3.0,212.0,-26,-29.0,-14.0,-21.5,7.5,L,L,U,""0"
"Jan"",""29,"",2017,recap,Sun,2016,Hawks,Knicks,home,142-139,1&1,-6.0,211.0,3,-3.0,70.0,33.5,36.5,W,L,O,""4"
"Feb"",""01,"",2017,recap,Wed,2016,Hawks,Heat,away,93-116,2&1,1.0,205.5,-23,-22.0,3.5,-9.2,12.8,L,L,O,""0"
"Feb"",""02,"",2017,recap,Thu,2016,Hawks,Rockets,away,113-108,0&1,9.0,224.0,5,14.0,-3.0,5.5,-8.5,W,W,U,""0"
"Feb"",""04,"",2017,recap,Sat,2016,Hawks,Magic,home,113-86,1&0,-7.5,207.5,27,19.5,-8.5,5.5,-14.0,W,W,U,""0"
"Feb"",""06,"",2017,recap,Mon,2016,Hawks,Jazz,home,95-120,1&1,1.0,197.5,-25,-24.0,17.5,-3.2,20.8,L,L,O,""0"
"Feb"",""08,"",2017,recap,Wed,2016,Hawks,Nuggets,home,117-106,1&1,-5.0,223.5,11,6.0,-0.5,2.8,-3.2,W,W,U,""0"
"Feb"",""10,"",2017,recap,Fri,2016,Hawks,Kings,away,107-108,1&1,-2.0,208.5,-1,-3.0,6.5,1.8,4.8,L,L,O,""0"
"Feb"",""13,"",2017,recap,Mon,2016,Hawks,Trailblazers,away,109-104,2&3,1.0,217.0,5,6.0,-4.0,1.0,-5.0,W,W,U,""1"
"Feb"",""15,"",2017,recap,Wed,2016,Hawks,Clippers,away,84-99,1&1,3.5,212.0,-15,-11.5,-29.0,-20.2,-8.8,L,L,U,""0"
"Feb"",""24,"",2017,recap,Fri,2016,Hawks,Heat,home,90-108,8&8,-3.0,206.5,-18,-21.0,-8.5,-14.8,6.2,L,L,U,""0"
"Feb"",""25,"",2017,recap,Sat,2016,Hawks,Magic,away,86-105,0&1,-3.5,208.0,-19,-22.5,-17.0,-19.8,2.8,L,L,U,""0"
"Feb"",""27,"",2017,recap,Mon,2016,Hawks,Celtics,away,114-98,1&0,4.0,212.0,16,20.0,0.0,10.0,-10.0,W,W,P,""0"
"Mar"",""01,"",2017,recap,Wed,2016,Hawks,Mavericks,home,100-95,1&1,-5.5,195.5,5,-0.5,-0.5,-0.5,0.0,W,L,U,""0"
"Mar"",""03,"",2017,recap,Fri,2016,Hawks,Cavaliers,home,130-135,1&1,2.5,214.5,-5,-2.5,50.5,24.0,26.5,L,L,O,""0"
"Mar"",""05,"",2017,recap,Sun,2016,Hawks,Pacers,home,96-97,1&3,-3.0,208.5,-1,-4.0,-15.5,-9.8,-5.8,L,L,U,""0"
"Mar"",""06,"",2017,recap,Mon,2016,Hawks,Warriors,home,111-119,0&0,6.0,217.0,-8,-2.0,13.0,5.5,7.5,L,L,O,""0"
"Mar"",""08,"",2017,recap,Wed,2016,Hawks,Nets,home,110-105,1&1,-9.5,220.0,5,-4.5,-5.0,-4.8,-0.2,W,L,U,""0"
"Mar"",""10,"",2017,recap,Fri,2016,Hawks,Raptors,home,105-99,1&1,-3.0,203.5,6,3.0,0.5,1.8,-1.2,W,W,O,""0"
"Mar"",""11,"",2017,recap,Sat,2016,Hawks,Grizzlies,away,107-90,0&1,5.5,204.0,17,22.5,-7.0,7.8,-14.8,W,W,U,""0"
"Mar"",""13,"",2017,recap,Mon,2016,Hawks,Spurs,away,99-107,1&1,7.0,203.0,-8,-1.0,3.0,1.0,2.0,L,L,O,""0"
"Mar"",""16,"",2017,recap,Thu,2016,Hawks,Grizzlies,home,91-103,2&0,-3.5,202.5,-12,-15.5,-8.5,-12.0,3.5,L,L,U,""0"
"Mar"",""18,"",2017,recap,Sat,2016,Hawks,Trailblazers,home,97-113,1&2,-2.0,213.5,-16,-18.0,-3.5,-10.8,7.2,L,L,U,""0"
"Mar"",""20,"",2017,recap,Mon,2016,Hawks,Hornets,away,90-105,1&1,6.0,203.5,-15,-9.0,-8.5,-8.8,0.2,L,L,U,""0"
"Mar"",""22,"",2017,recap,Wed,2016,Hawks,Wizards,away,100-104,1&1,7.0,214.5,-4,3.0,-10.5,-3.8,-6.8,L,W,U,0"
"Mar"",""24,"",2017,recap,Fri,2016,Hawks,Bucks,away,97-100,1&1,6.0,202.0,-3,3.0,-5.0,-1.0,-4.0,L,W,U,""0"
"Mar"",""26,"",2017,recap,Sun,2016,Hawks,Nets,home,92-107,1&1,-6.5,215.5,-15,-21.5,-16.5,-19.0,2.5,L,L,U,""0"
"Mar"",""28,"",2017,recap,Tue,2016,Hawks,Suns,home,95-91,1&1,-8.0,217.5,4,-4.0,-31.5,-17.8,-13.8,W,L,U,""0"
"Mar"",""29,"",2017,recap,Wed,2016,Hawks,Seventysixers,away,99-92,0&0,-2.0,209.0,7,5.0,-18.0,-6.5,-11.5,W,W,U,""0"
"Apr"",""01,"",2017,recap,Sat,2016,Hawks,Bulls,away,104-106,2&1,4.5,202.0,-2,2.5,8.0,5.2,2.8,L,W,O,""0"
"Apr"",""02,"",2017,recap,Sun,2016,Hawks,Nets,away,82-91,0&0,-2.5,215.0,-9,-11.5,-42.0,-26.8,-15.2,L,L,U,""0"
"Apr"",""06,"",2017,recap,Thu,2016,Hawks,Celtics,home,123-116,3&0,1.0,209.5,7,8.0,29.5,18.8,10.8,W,W,O,""0"
"Apr"",""07,"",2017,recap,Fri,2016,Hawks,Cavaliers,away,114-100,0&1,12.0,212.5,14,26.0,1.5,13.8,-12.2,W,W,O,""0"
"Apr"",""09,"",2017,recap,Sun,2016,Hawks,Cavaliers,home,126-125,1&1,3.5,214.0,1,4.5,37.0,20.8,16.2,W,W,O,""1"
"Apr"",""11,"",2017,recap,Tue,2016,Hawks,Hornets,home,103-76,1&0,-8.5,205.0,27,18.5,-26.0,-3.8,-22.2,W,W,U,""0"
"Apr"",""12,"",2017,recap,Wed,2016,Hawks,Pacers,away,86-104,0&1,15.0,199.0,-18,-3.0,-9.0,-6.0,-3.0,L,L,U,""0"
"Oct"",""18,"",2017,recap,Wed,2017,Hawks,Mavericks,away,117-111,&,5.5,198.5,6,11.5,29.5,20.5,9.0,W,W,O,""0"
"Oct"",""20,"",2017,recap,Fri,2017,Hawks,Hornets,away,91-109,1&1,5.5,203.5,-18,-12.5,-3.5,-8.0,4.5,L,L,U,""0"
"Oct"",""22,"",2017,recap,Sun,2017,Hawks,Nets,away,104-116,1&1,2.5,221.0,-12,-9.5,-1.0,-5.2,4.2,L,L,U,""0"
"Oct"",""23,"",2017,recap,Mon,2017,Hawks,Heat,away,93-104,0&1,11.0,205.0,-11,0.0,-8.0,-4.0,-4.0,L,P,U,""0"
"Oct"",""26,"",2017,recap,Thu,2017,Hawks,Bulls,away,86-91,2&1,2.5,200.0,-5,-2.5,-23.0,-12.8,-10.2,L,L,U,""0"
"Oct"",""27,"",2017,recap,Fri,2017,Hawks,Nuggets,home,100-105,0&1,7.0,207.5,-5,2.0,-2.5,-0.2,-2.2,L,W,U,""0"
"Oct"",""29,"",2017,recap,Sun,2017,Hawks,Bucks,home,106-117,1&2,5.5,203.5,-11,-5.5,19.5,7.0,12.5,L,L,O,""0"
"Nov"",""01,"",2017,recap,Wed,2017,Hawks,Seventysixers,away,109-119,2&1,9.0,211.0,-10,-1.0,17.0,8.0,9.0,L,L,O,""0"
"Nov"",""03,"",2017,recap,Fri,2017,Hawks,Rockets,home,104-119,1&1,9.0,214.0,-15,-6.0,9.0,1.5,7.5,L,L,O,""0"
"Nov"",""05,"",2017,recap,Sun,2017,Hawks,Cavaliers,away,117-115,1&1,11.5,221.0,2,13.5,11.0,12.2,-1.2,W,W,O,""0"
"Nov"",""06,"",2017,recap,Mon,2017,Hawks,Celtics,home,107-110,0&0,8.0,205.0,-3,5.0,12.0,8.5,3.5,L,W,O,""0"
"Nov"",""10,"",2017,recap,Fri,2017,Hawks,Pistons,away,104-111,3&1,7.5,209.0,-7,0.5,6.0,3.2,2.8,L,W,O,""0"
"Nov"",""11,"",2017,recap,Sat,2017,Hawks,Wizards,away,94-113,0&1,11.0,217.5,-19,-8.0,-10.5,-9.2,-1.2,L,L,U,0"
"Nov"",""13,"",2017,recap,Mon,2017,Hawks,Pelicans,away,105-106,1&1,9.0,217.0,-1,8.0,-6.0,1.0,-7.0,L,W,U,""0"
"Nov"",""15,"",2017,recap,Wed,2017,Hawks,Kings,home,126-80,1&1,-5.0,205.5,46,41.0,0.5,20.8,-20.2,W,W,O,""0"
"Nov"",""18,"",2017,recap,Sat,2017,Hawks,Celtics,home,99-110,2&1,6.5,203.0,-11,-4.5,6.0,0.8,5.2,L,L,O,""0"
"Nov"",""20,"",2017,recap,Mon,2017,Hawks,Spurs,away,85-96,1&2,9.5,201.5,-11,-1.5,-20.5,-11.0,-9.5,L,L,U,0"
"Nov"",""22,"",2017,recap,Wed,2017,Hawks,Clippers,home,103-116,1&1,3.0,210.0,-13,-10.0,9.0,-0.5,9.5,L,L,O,""0"
"Nov"",""24,"",2017,recap,Fri,2017,Hawks,Knicks,home,116-104,1&1,1.5,207.5,12,13.5,12.5,13.0,-0.5,W,W,O,""0"
"Nov"",""25,"",2017,recap,Sat,2017,Hawks,Raptors,home,78-112,0&0,7.0,209.0,-34,-27.0,-19.0,-23.0,4.0,L,L,U,""0"
"Nov"",""30,"",2017,recap,Thu,2017,Hawks,Cavaliers,home,114-121,4&1,7.5,215.5,-7,0.5,19.5,10.0,9.5,L,W,O,""0"
"Dec"",""02,"",2017,recap,Sat,2017,Hawks,Nets,away,114-102,1&2,4.5,217.0,12,16.5,-1.0,7.8,-8.8,W,W,U,""0"
"Dec"",""04,"",2017,recap,Mon,2017,Hawks,Nets,home,90-110,1&1,-1.0,218.0,-20,-21.0,-18.0,-19.5,1.5,L,L,U,""0"
"Dec"",""06,"",2017,recap,Wed,2017,Hawks,Magic,away,106-110,1&1,6.0,216.0,-4,2.0,0.0,1.0,-1.0,L,W,P,""1"
"Dec"",""09,"",2017,recap,Sat,2017,Hawks,Magic,home,117-110,2&0,-4.5,211.5,7,2.5,15.5,9.0,6.5,W,W,O,""0"
"Dec"",""10,"",2017,recap,Sun,2017,Hawks,Knicks,away,107-111,0&0,5.5,206.5,-4,1.5,11.5,6.5,5.0,L,W,O,""0"
"Dec"",""12,"",2017,recap,Tue,2017,Hawks,Cavaliers,away,114-123,1&2,11.0,217.5,-9,2.0,19.5,10.8,8.8,L,W,O,""0"
"Dec"",""14,"",2017,recap,Thu,2017,Hawks,Pistons,home,91-105,1&1,4.0,205.5,-14,-10.0,-9.5,-9.8,0.2,L,L,U,""0"
"Dec"",""15,"",2017,recap,Fri,2017,Hawks,Grizzlies,away,94-96,0&1,6.0,198.5,-2,4.0,-8.5,-2.2,-6.2,L,W,U,""0"
"Dec"",""18,"",2017,recap,Mon,2017,Hawks,Heat,home,110-104,2&1,-1.0,205.0,6,5.0,9.0,7.0,2.0,W,W,O,""0"
"Dec"",""20,"",2017,recap,Wed,2017,Hawks,Pacers,home,95-105,1&1,5.0,212.5,-10,-5.0,-12.5,-8.8,-3.8,L,L,U,""0"
"Dec"",""22,"",2017,recap,Fri,2017,Hawks,Thunder,away,117-120,1&1,10.0,205.0,-3,7.0,32.0,19.5,12.5,L,W,O,""0"
"Dec"",""23,"",2017,recap,Sat,2017,Hawks,Mavericks,home,112-107,0&0,2.0,203.0,5,7.0,16.0,11.5,4.5,W,W,O,""0"
"Dec"",""27,"",2017,recap,Wed,2017,Hawks,Wizards,home,113-99,3&1,5.5,212.5,14,19.5,-0.5,9.5,-10.0,W,W,U,""0"
"Dec"",""29,"",2017,recap,Fri,2017,Hawks,Raptors,away,98-111,1&1,11.0,216.5,-13,-2.0,-7.5,-4.8,-2.8,L,L,U,""0"
"Dec"",""30,"",2017,recap,Sat,2017,Hawks,Trailblazers,home,104-89,0&1,2.0,204.5,15,17.0,-11.5,2.8,-14.2,W,W,U,""0"
"Jan"",""02,"",2018,recap,Tue,2017,Hawks,Suns,away,103-104,2&1,1.5,217.0,-1,0.5,-10.0,-4.8,-5.2,L,W,U,0"
"Jan"",""05,"",2018,recap,Fri,2017,Hawks,Trailblazers,away,89-110,2&2,7.5,207.5,-21,-13.5,-8.5,-11.0,2.5,L,L,U,0"
"Jan"",""07,"",2018,recap,Sun,2017,Hawks,Lakers,away,113-132,1&1,3.5,217.5,-19,-15.5,27.5,6.0,21.5,L,L,O,""0"
"Jan"",""08,"",2018,recap,Mon,2017,Hawks,Clippers,away,107-108,0&1,4.0,214.0,-1,3.0,1.0,2.0,-1.0,L,W,O,""0"
"Jan"",""10,"",2018,recap,Wed,2017,Hawks,Nuggets,away,110-97,1&1,9.0,215.5,13,22.0,-8.5,6.8,-15.2,W,W,U,""0"
"Jan"",""12,"",2018,recap,Fri,2017,Hawks,Nets,home,105-110,1&1,-3.0,211.0,-5,-8.0,4.0,-2.0,6.0,L,L,O,""0"
"Jan"",""15,"",2018,recap,Mon,2017,Hawks,Spurs,home,102-99,2&1,5.5,202.0,3,8.5,-1.0,3.8,-4.8,W,W,U,""0"
"Jan"",""17,"",2018,recap,Wed,2017,Hawks,Pelicans,home,94-93,1&0,2.5,218.5,1,3.5,-31.5,-14.0,-17.5,W,W,U,""0"
"Jan"",""20,"",2018,recap,Sat,2017,Hawks,Bulls,home,97-113,2&2,-2.0,215.0,-16,-18.0,-5.0,-11.5,6.5,L,L,U,""0"
"Jan"",""22,"",2018,recap,Mon,2017,Hawks,Jazz,home,104-90,1&1,2.5,204.5,14,16.5,-10.5,3.0,-13.5,W,W,U,""0"
"Jan"",""24,"",2018,recap,Wed,2017,Hawks,Raptors,home,93-108,1&3,6.5,214.0,-15,-8.5,-13.0,-10.8,-2.2,L,L,U,""0"
"Jan"",""26,"",2018,recap,Fri,2017,Hawks,Hornets,away,110-121,1&1,7.5,211.5,-11,-3.5,19.5,8.0,11.5,L,L,O,""0"
"Jan"",""27,"",2018,recap,Sat,2017,Hawks,Wizards,home,104-129,0&1,5.0,213.0,-25,-20.0,20.0,0.0,20.0,L,L,O,""0"
"Jan"",""29,"",2018,recap,Mon,2017,Hawks,Timberwolves,home,105-100,1&1,4.5,213.0,5,9.5,-8.0,0.8,-8.8,W,W,U,""0"
"Jan"",""31,"",2018,recap,Wed,2017,Hawks,Hornets,home,110-123,1&1,3.0,212.0,-13,-10.0,21.0,5.5,15.5,L,L,O,""0"
"Feb"",""02,"",2018,recap,Fri,2017,Hawks,Celtics,away,110-119,1&1,8.5,203.0,-9,-0.5,26.0,12.8,13.2,L,L,O,""0"
"Feb"",""04,"",2018,recap,Sun,2017,Hawks,Knicks,away,99-96,1&1,5.5,210.5,3,8.5,-15.5,-3.5,-12.0,W,W,U,""0"
"Feb"",""06,"",2018,recap,Tue,2017,Hawks,Grizzlies,home,108-82,1&1,-3.0,203.5,26,23.0,-13.5,4.8,-18.2,W,W,U,""0"
"Feb"",""08,"",2018,recap,Thu,2017,Hawks,Magic,away,98-100,1&1,-0.0,210.0,-2,-2.0,-12.0,-7.0,-5.0,L,L,U,""0"
"Feb"",""09,"",2018,recap,Fri,2017,Hawks,Cavaliers,home,107-123,0&1,2.5,216.0,-16,-13.5,14.0,0.2,13.8,L,L,O,""0"
"Feb"",""11,"",2018,recap,Sun,2017,Hawks,Pistons,home,118-115,1&1,3.5,210.5,3,6.5,22.5,14.5,8.0,W,W,O,""0"
"Feb"",""13,"",2018,recap,Tue,2017,Hawks,Bucks,away,92-97,1&2,7.5,207.0,-5,2.5,-18.0,-7.8,-10.2,L,W,U,""0"
"Feb"",""14,"",2018,recap,Wed,2017,Hawks,Pistons,away,98-104,0&1,9.0,207.0,-6,3.0,-5.0,-1.0,-4.0,L,W,U,""0"
"Feb"",""23,"",2018,recap,Fri,2017,Hawks,Pacers,away,93-116,8&8,8.0,209.5,-23,-15.0,-0.5,-7.8,7.2,L,L,U,""0"
"Feb"",""26,"",2018,recap,Mon,2017,Hawks,Lakers,home,104-123,2&1,2.5,223.0,-19,-16.5,4.0,-6.2,10.2,L,L,O,""0"
"Feb"",""28,"",2018,recap,Wed,2017,Hawks,Pacers,home,107-102,1&1,4.5,211.5,5,9.5,-2.5,3.5,-6.0,W,W,U,""0"
"Mar"",""02,"",2018,recap,Fri,2017,Hawks,Warriors,home,109-114,1&1,13.0,226.5,-5,8.0,-3.5,2.2,-5.8,L,W,U,""0"
"Mar"",""04,"",2018,recap,Sun,2017,Hawks,Suns,home,113-112,1&1,-1.5,224.5,1,-0.5,0.5,0.0,0.5,W,L,O,""0"
"Mar"",""06,"",2018,recap,Tue,2017,Hawks,Raptors,away,90-106,1&1,13.5,215.5,-16,-2.5,-19.5,-11.0,-8.5,L,L,U,""0"
"Mar"",""09,"",2018,recap,Fri,2017,Hawks,Pacers,away,87-112,2&1,9.0,210.0,-25,-16.0,-11.0,-13.5,2.5,L,L,U,""0"
"Mar"",""11,"",2018,recap,Sun,2017,Hawks,Bulls,home,122-129,1&1,-2.0,215.5,-7,-9.0,35.5,13.2,22.2,L,L,O,""0"
"Mar"",""13,"",2018,recap,Tue,2017,Hawks,Thunder,home,107-119,1&0,6.0,216.5,-12,-6.0,9.5,1.8,7.8,L,L,O,""0"
"Mar"",""15,"",2018,recap,Thu,2017,Hawks,Hornets,home,117-129,1&1,5.5,220.0,-12,-6.5,26.0,9.8,16.2,L,L,O,""0"
"Mar"",""17,"",2018,recap,Sat,2017,Hawks,Bucks,away,117-122,1&2,10.5,216.0,-5,5.5,23.0,14.2,8.8,L,W,O,""0"
"Mar"",""20,"",2018,recap,Tue,2017,Hawks,Jazz,away,99-94,2&2,13.5,207.0,5,18.5,-14.0,2.2,-16.2,W,W,U,""0"
"Mar"",""22,"",2018,recap,Thu,2017,Hawks,Kings,away,90-105,1&2,2.5,212.0,-15,-12.5,-17.0,-14.8,-2.2,L,L,U,""0"
"Mar"",""23,"",2018,recap,Fri,2017,Hawks,Warriors,away,94-106,0&3,11.0,220.0,-12,-1.0,-20.0,-10.5,-9.5,L,L,U,""0"
"Mar"",""25,"",2018,recap,Sun,2017,Hawks,Rockets,away,99-118,1&0,13.5,216.5,-19,-5.5,0.5,-2.5,3.0,L,L,O,""0"
"Mar"",""28,"",2018,recap,Wed,2017,Hawks,Timberwolves,away,114-126,2&1,12.0,220.0,-12,0.0,20.0,10.0,10.0,L,P,O,0"
"Mar"",""30,"",2018,recap,Fri,2017,Hawks,Seventysixers,home,91-101,1&1,8.0,218.0,-10,-2.0,-26.0,-14.0,-12.0,L,L,U,""0"
"Apr"",""01,"",2018,recap,Sun,2017,Hawks,Magic,home,94-88,1&1,-2.0,208.5,6,4.0,-26.5,-11.2,-15.2,W,W,U,""0"
"Apr"",""03,"",2018,recap,Tue,2017,Hawks,Heat,away,98-101,1&2,11.5,206.5,-3,8.5,-7.5,0.5,-8.0,L,W,U,""0"
"Apr"",""04,"",2018,recap,Wed,2017,Hawks,Heat,home,86-115,0&0,8.5,206.0,-29,-20.5,-5.0,-12.8,7.8,L,L,U,""0"
"Apr"",""06,"",2018,recap,Fri,2017,Hawks,Wizards,away,103-97,1&0,10.5,208.5,6,16.5,-8.5,4.0,-12.5,W,W,U,0"
"Apr"",""08,"",2018,recap,Sun,2017,Hawks,Celtics,away,112-106,1&1,9.5,202.0,6,15.5,16.0,15.8,0.2,W,W,O,""0"
"Apr"",""10,"",2018,recap,Tue,2017,Hawks,Seventysixers,home,113-121,1&1,9.5,220.0,-8,1.5,14.0,7.8,6.2,L,W,O,""0"
"Oct"",""17,"",2018,recap,Wed,2018,Hawks,Knicks,away,107-126,&,4.0,217.0,-19,-15.0,16.0,0.5,15.5,L,L,O,""0"
"Oct"",""19,"",2018,recap,Fri,2018,Hawks,Grizzlies,away,117-131,1&1,6.5,215.5,-14,-7.5,32.5,12.5,20.0,L,L,O,""0"
"Oct"",""21,"",2018,recap,Sun,2018,Hawks,Cavaliers,away,133-111,1&1,7.5,233.0,22,29.5,11.0,20.2,-9.2,W,W,O,""0"
"Oct"",""24,"",2018,recap,Wed,2018,Hawks,Mavericks,home,111-104,2&1,1.5,233.5,7,8.5,-18.5,-5.0,-13.5,W,W,U,""0"
"Oct"",""27,"",2018,recap,Sat,2018,Hawks,Bulls,home,85-97,2&0,-5.0,231.0,-12,-17.0,-49.0,-33.0,-16.0,L,L,U,""0"
"Oct"",""29,"",2018,recap,Mon,2018,Hawks,Seventysixers,away,92-113,1&1,11.0,229.5,-21,-10.0,-24.5,-17.2,-7.2,L,L,U,""0"
"Oct"",""30,"",2018,recap,Tue,2018,Hawks,Cavaliers,away,114-136,0&2,5.0,227.0,-22,-17.0,23.0,3.0,20.0,L,L,O,""0"
"Nov"",""01,"",2018,recap,Thu,2018,Hawks,Kings,home,115-146,1&1,2.5,233.5,-31,-28.5,27.5,-0.5,28.0,L,L,O,""0"
"Nov"",""03,"",2018,recap,Sat,2018,Hawks,Heat,home,123-118,1&3,5.5,226.0,5,10.5,15.0,12.8,2.2,W,W,O,""0"
"Nov"",""06,"",2018,recap,Tue,2018,Hawks,Hornets,away,102-113,2&2,11.5,230.5,-11,0.5,-15.5,-7.5,-8.0,L,W,U,""0"
"Nov"",""07,"",2018,recap,Wed,2018,Hawks,Knicks,home,107-112,0&1,2.0,225.0,-5,-3.0,-6.0,-4.5,-1.5,L,L,U,""0"
"Nov"",""09,"",2018,recap,Fri,2018,Hawks,Pistons,home,109-124,1&1,5.5,227.5,-15,-9.5,5.5,-2.0,7.5,L,L,O,""0"
"Nov"",""11,"",2018,recap,Sun,2018,Hawks,Lakers,away,106-107,1&0,10.5,238.0,-1,9.5,-25.0,-7.8,-17.2,L,W,U,""0"
"Nov"",""13,"",2018,recap,Tue,2018,Hawks,Warriors,away,103-110,1&0,11.5,230.5,-7,4.5,-17.5,-6.5,-11.0,L,W,U,0"
"Nov"",""15,"",2018,recap,Thu,2018,Hawks,Nuggets,away,93-138,1&1,13.5,222.5,-45,-31.5,8.5,-11.5,20.0,L,L,O,""0"
"Nov"",""17,"",2018,recap,Sat,2018,Hawks,Pacers,away,89-97,1&0,11.0,217.0,-8,3.0,-31.0,-14.0,-17.0,L,W,U,""0"
"Nov"",""19,"",2018,recap,Mon,2018,Hawks,Clippers,home,119-127,1&1,7.5,233.0,-8,-0.5,13.0,6.2,6.8,L,L,O,""0"
"Nov"",""21,"",2018,recap,Wed,2018,Hawks,Raptors,home,108-124,1&0,7.5,225.5,-16,-8.5,6.5,-1.0,7.5,L,L,O,""0"
"Nov"",""23,"",2018,recap,Fri,2018,Hawks,Celtics,home,96-114,1&1,8.5,219.5,-18,-9.5,-9.5,-9.5,0.0,L,L,U,""0"
"Nov"",""25,"",2018,recap,Sun,2018,Hawks,Hornets,home,124-123,1&1,6.5,230.5,1,7.5,16.5,12.0,4.5,W,W,O,""0"
"Nov"",""27,"",2018,recap,Tue,2018,Hawks,Heat,away,115-113,1&1,7.5,224.0,2,9.5,4.0,6.8,-2.8,W,W,O,""0"
"Nov"",""28,"",2018,recap,Wed,2018,Hawks,Hornets,away,94-108,0&1,12.5,231.0,-14,-1.5,-29.0,-15.2,-13.8,L,L,U,""0"
"Nov"",""30,"",2018,recap,Fri,2018,Hawks,Thunder,away,109-124,1&1,13.0,230.0,-15,-2.0,3.0,0.5,2.5,L,L,O,""0"
"Dec"",""03,"",2018,recap,Mon,2018,Hawks,Warriors,home,111-128,2&1,11.0,236.0,-17,-6.0,3.0,-1.5,4.5,L,L,O,""0"
"Dec"",""05,"",2018,recap,Wed,2018,Hawks,Wizards,home,117-131,1&1,5.0,234.0,-14,-9.0,14.0,2.5,11.5,L,L,O,""0"
"Dec"",""08,"",2018,recap,Sat,2018,Hawks,Nuggets,home,106-98,2&0,6.0,222.5,8,14.0,-18.5,-2.2,-16.2,W,W,U,""0"
"Dec"",""12,"",2018,recap,Wed,2018,Hawks,Mavericks,away,107-114,3&1,9.0,223.5,-7,2.0,-2.5,-0.2,-2.2,L,W,U,""0"
"Dec"",""14,"",2018,recap,Fri,2018,Hawks,Celtics,away,108-129,1&1,13.0,224.5,-21,-8.0,12.5,2.2,10.2,L,L,O,""0"
"Dec"",""16,"",2018,recap,Sun,2018,Hawks,Nets,away,127-144,1&1,8.0,227.0,-17,-9.0,44.0,17.5,26.5,L,L,O,""0"
"Dec"",""18,"",2018,recap,Tue,2018,Hawks,Wizards,home,118-110,1&1,2.5,235.5,8,10.5,-7.5,1.5,-9.0,W,W,U,""0"
"Dec"",""21,"",2018,recap,Fri,2018,Hawks,Knicks,away,114-107,2&1,2.0,230.5,7,9.0,-9.5,-0.2,-9.2,W,W,U,""0"
"Dec"",""23,"",2018,recap,Sun,2018,Hawks,Pistons,away,98-95,1&1,9.5,221.5,3,12.5,-28.5,-8.0,-20.5,W,W,U,""0"
"Dec"",""26,"",2018,recap,Wed,2018,Hawks,Pacers,home,121-129,2&2,7.5,220.0,-8,-0.5,30.0,14.8,15.2,L,L,O,""0"
"Dec"",""28,"",2018,recap,Fri,2018,Hawks,Timberwolves,away,123-120,1&1,9.0,229.5,3,12.0,13.5,12.8,0.8,W,W,O,""1"
"Dec"",""29,"",2018,recap,Sat,2018,Hawks,Cavaliers,home,111-108,0&0,-3.5,219.0,3,-0.5,0.0,-0.2,0.2,W,L,P,""0"
"Dec"",""31,"",2018,recap,Mon,2018,Hawks,Pacers,away,108-116,1&2,11.5,221.5,-8,3.5,2.5,3.0,-0.5,L,W,O,""0"
"Jan"",""02,"",2019,recap,Wed,2018,Hawks,Wizards,away,98-114,1&3,6.5,229.5,-16,-9.5,-17.5,-13.5,-4.0,L,L,U,0"
"Jan"",""04,"",2019,recap,Fri,2018,Hawks,Bucks,away,112-144,1&2,14.0,230.5,-32,-18.0,25.5,3.8,21.8,L,L,O,""0"
"Jan"",""06,"",2019,recap,Sun,2018,Hawks,Heat,home,106-82,1&1,6.0,219.5,24,30.0,-31.5,-0.8,-30.8,W,W,U,""0"
"Jan"",""08,"",2019,recap,Tue,2018,Hawks,Raptors,away,101-104,1&1,14.0,228.5,-3,11.0,-23.5,-6.2,-17.2,L,W,U,""0"
"Jan"",""09,"",2019,recap,Wed,2018,Hawks,Nets,away,100-116,0&1,9.0,227.0,-16,-7.0,-11.0,-9.0,-2.0,L,L,U,""0"
"Jan"",""11,"",2019,recap,Fri,2018,Hawks,Seventysixers,away,123-121,1&1,10.0,234.0,2,12.0,10.0,11.0,-1.0,W,W,O,""0"
"Jan"",""13,"",2019,recap,Sun,2018,Hawks,Bucks,home,114-133,1&1,10.0,232.0,-19,-9.0,15.0,3.0,12.0,L,L,O,""0"
"Jan"",""15,"",2019,recap,Tue,2018,Hawks,Thunder,home,142-126,1&2,7.5,235.0,16,23.5,33.0,28.2,4.8,W,W,O,""0"
"Jan"",""19,"",2019,recap,Sat,2018,Hawks,Celtics,home,105-113,3&0,8.0,225.5,-8,0.0,-7.5,-3.8,-3.8,L,P,U,""0"
"Jan"",""21,"",2019,recap,Mon,2018,Hawks,Magic,home,103-122,1&1,-1.0,222.0,-19,-20.0,3.0,-8.5,11.5,L,L,O,""0"
"Jan"",""23,"",2019,recap,Wed,2018,Hawks,Bulls,away,121-101,1&1,1.0,222.5,20,21.0,-0.5,10.2,-10.8,W,W,U,""0"
"Jan"",""26,"",2019,recap,Sat,2018,Hawks,Trailblazers,away,111-120,2&1,9.0,228.5,-9,0.0,2.5,1.2,1.2,L,P,O,0"
"Jan"",""28,"",2019,recap,Mon,2018,Hawks,Clippers,away,123-118,1&0,6.0,233.0,5,11.0,8.0,9.5,-1.5,W,W,O,""0"
"Jan"",""30,"",2019,recap,Wed,2018,Hawks,Kings,away,113-135,1&2,5.5,236.5,-22,-16.5,11.5,-2.5,14.0,L,L,O,""0"
"Feb"",""01,"",2019,recap,Fri,2018,Hawks,Jazz,away,112-128,1&1,12.0,227.0,-16,-4.0,13.0,4.5,8.5,L,L,O,""0"
"Feb"",""02,"",2019,recap,Sat,2018,Hawks,Suns,away,118-112,0&3,2.0,232.0,6,8.0,-2.0,3.0,-5.0,W,W,U,""0"
"Feb"",""04,"",2019,recap,Mon,2018,Hawks,Wizards,away,137-129,1&1,6.0,233.0,8,14.0,33.0,23.5,9.5,W,W,O,0"
"Feb"",""07,"",2019,recap,Thu,2018,Hawks,Raptors,home,101-119,2&1,9.0,232.5,-18,-9.0,-12.5,-10.8,-1.8,L,L,U,""0"
"Feb"",""09,"",2019,recap,Sat,2018,Hawks,Hornets,home,120-129,1&2,3.0,230.0,-9,-6.0,19.0,6.5,12.5,L,L,O,""0"
"Feb"",""10,"",2019,recap,Sun,2018,Hawks,Magic,home,108-124,0&0,1.0,225.0,-16,-15.0,7.0,-4.0,11.0,L,L,O,""0"
"Feb"",""12,"",2019,recap,Tue,2018,Hawks,Lakers,home,117-113,1&1,5.0,236.5,4,9.0,-6.5,1.2,-7.8,W,W,U,""0"
"Feb"",""14,"",2019,recap,Thu,2018,Hawks,Knicks,home,91-106,1&0,-7.5,224.0,-15,-22.5,-27.0,-24.8,-2.2,L,L,U,""0"
"Feb"",""22,"",2019,recap,Fri,2018,Hawks,Pistons,home,122-125,7&8,3.5,223.5,-3,0.5,23.5,12.0,11.5,L,W,O,""0"
"Feb"",""23,"",2019,recap,Sat,2018,Hawks,Suns,home,120-112,0&1,-3.0,233.0,8,5.0,-1.0,2.0,-3.0,W,W,U,""0"
"Feb"",""25,"",2019,recap,Mon,2018,Hawks,Rockets,away,111-119,1&1,10.5,232.0,-8,2.5,-2.0,0.2,-2.2,L,W,U,""0"
"Feb"",""27,"",2019,recap,Wed,2018,Hawks,Timberwolves,home,131-123,1&1,4.0,236.5,8,12.0,17.5,14.8,2.8,W,W,O,""1"
"Mar"",""01,"",2019,recap,Fri,2018,Hawks,Bulls,home,161-168,1&1,-2.0,231.5,-7,-9.0,97.5,44.2,53.2,L,L,O,""4"
"Mar"",""03,"",2019,recap,Sun,2018,Hawks,Bulls,away,123-118,1&1,4.5,231.0,5,9.5,10.0,9.8,0.2,W,W,O,""0"
"Mar"",""04,"",2019,recap,Mon,2018,Hawks,Heat,away,113-114,0&1,10.0,226.5,-1,9.0,0.5,4.8,-4.2,L,W,O,""0"
"Mar"",""06,"",2019,recap,Wed,2018,Hawks,Spurs,home,104-111,1&1,6.5,234.0,-7,-0.5,-19.0,-9.8,-9.2,L,L,U,""0"
"Mar"",""09,"",2019,recap,Sat,2018,Hawks,Nets,home,112-114,2&2,3.5,235.0,-2,1.5,-9.0,-3.8,-5.2,L,W,U,""0"
"Mar"",""10,"",2019,recap,Sun,2018,Hawks,Pelicans,home,128-116,0&1,-2.0,238.0,12,10.0,6.0,8.0,-2.0,W,W,O,""0"
"Mar"",""13,"",2019,recap,Wed,2018,Hawks,Grizzlies,home,132-111,2&2,0.0,223.5,21,21.0,19.5,20.2,-0.8,W,W,O,""0"
"Mar"",""16,"",2019,recap,Sat,2018,Hawks,Celtics,away,120-129,2&1,10.0,233.0,-9,1.0,16.0,8.5,7.5,L,W,O,""0"
"Mar"",""17,"",2019,recap,Sun,2018,Hawks,Magic,away,91-101,0&2,9.0,225.0,-10,-1.0,-33.0,-17.0,-16.0,L,L,U,""0"
"Mar"",""19,"",2019,recap,Tue,2018,Hawks,Rockets,home,105-121,1&1,8.0,231.5,-16,-8.0,-5.5,-6.8,1.2,L,L,U,""0"
"Mar"",""21,"",2019,recap,Thu,2018,Hawks,Jazz,home,117-114,1&0,7.0,225.0,3,10.0,6.0,8.0,-2.0,W,W,O,""0"
"Mar"",""23,"",2019,recap,Sat,2018,Hawks,Seventysixers,home,129-127,1&2,7.0,236.5,2,9.0,19.5,14.2,5.2,W,W,O,""0"
"Mar"",""26,"",2019,recap,Tue,2018,Hawks,Pelicans,away,130-120,2&1,-2.5,242.5,10,7.5,7.5,7.5,0.0,W,W,O,""0"
"Mar"",""29,"",2019,recap,Fri,2018,Hawks,Trailblazers,home,98-118,2&1,3.0,233.0,-20,-17.0,-17.0,-17.0,0.0,L,L,U,""0"
"Mar"",""31,"",2019,recap,Sun,2018,Hawks,Bucks,home,136-135,1&2,2.0,234.0,1,3.0,37.0,20.0,17.0,W,W,O,""1"
"Apr"",""02,"",2019,recap,Tue,2018,Hawks,Spurs,away,111-117,1&1,11.0,230.0,-6,5.0,-2.0,1.5,-3.5,L,W,U,""0"
"Apr"",""03,"",2019,recap,Wed,2018,Hawks,Seventysixers,home,130-122,0&1,3.5,239.0,8,11.5,13.0,12.2,0.8,W,W,O,""0"
"Apr"",""05,"",2019,recap,Fri,2018,Hawks,Magic,away,113-149,1&1,9.0,226.5,-36,-27.0,35.5,4.2,31.2,L,L,O,""0"
"Apr"",""07,"",2019,recap,Sun,2018,Hawks,Bucks,away,107-115,1&0,10.5,233.5,-8,2.5,-11.5,-4.5,-7.0,L,W,U,""0"
"Apr"",""10,"",2019,recap,Wed,2018,Hawks,Pacers,home,134-135,2&2,-2.0,226.0,-1,-3.0,43.0,20.0,23.0,L,L,O,""0"
"Oct"",""24,"",2019,recap,Thu,2019,Hawks,Pistons,away,117-100,&0,1.0,221.5,17,18.0,-4.5,6.8,-11.2,W,W,U,""0"
"Oct"",""26,"",2019,recap,Sat,2019,Hawks,Magic,home,103-99,1&2,2.5,216.5,4,6.5,-14.5,-4.0,-10.5,W,W,U,""0"
"Oct"",""28,"",2019,recap,Mon,2019,Hawks,Seventysixers,home,103-105,1&1,4.5,221.0,-2,2.5,-13.0,-5.2,-7.8,L,W,U,""0"
"Oct"",""29,"",2019,recap,Tue,2019,Hawks,Heat,away,97-112,0&1,8.0,223.5,-15,-7.0,-14.5,-10.8,-3.8,L,L,U,""0"
"Oct"",""31,"",2019,recap,Thu,2019,Hawks,Heat,home,97-106,1&1,6.5,215.0,-9,-2.5,-12.0,-7.2,-4.8,L,L,U,""0"
"Nov"",""05,"",2019,recap,Tue,2019,Hawks,Spurs,home,108-100,4&1,4.0,220.0,8,12.0,-12.0,0.0,-12.0,W,W,U,""0"
"Nov"",""06,"",2019,recap,Wed,2019,Hawks,Bulls,home,93-113,0&0,-1.0,219.0,-20,-21.0,-13.0,-17.0,4.0,L,L,U,""0"
"Nov"",""08,"",2019,recap,Fri,2019,Hawks,Kings,home,109-121,1&1,2.5,225.0,-12,-9.5,5.0,-2.2,7.2,L,L,O,""0"
"Nov"",""10,"",2019,recap,Sun,2019,Hawks,Trailblazers,away,113-124,1&1,9.0,227.5,-11,-2.0,9.5,3.8,5.8,L,L,O,1"
"Nov"",""12,"",2019,recap,Tue,2019,Hawks,Nuggets,away,125-121,1&1,10.0,214.0,4,14.0,32.0,23.0,9.0,W,W,O,""0"
"Nov"",""14,"",2019,recap,Thu,2019,Hawks,Suns,away,112-128,1&1,8.0,228.0,-16,-8.0,12.0,2.0,10.0,L,L,O,0"
"Nov"",""16,"",2019,recap,Sat,2019,Hawks,Clippers,away,101-150,1&1,12.0,227.5,-49,-37.0,23.5,-6.8,30.2,L,L,O,""0"
"Nov"",""17,"",2019,recap,Sun,2019,Hawks,Lakers,away,101-122,0&1,14.5,221.5,-21,-6.5,1.5,-2.5,4.0,L,L,O,""0"
"Nov"",""20,"",2019,recap,Wed,2019,Hawks,Bucks,home,127-135,2&1,11.0,232.5,-8,3.0,29.5,16.2,13.2,L,W,O,""0"
"Nov"",""22,"",2019,recap,Fri,2019,Hawks,Pistons,away,103-128,1&1,6.5,225.0,-25,-18.5,6.0,-6.2,12.2,L,L,O,""0"
"Nov"",""23,"",2019,recap,Sat,2019,Hawks,Raptors,home,116-119,0&2,7.5,223.5,-3,4.5,11.5,8.0,3.5,L,W,O,""0"
"Nov"",""25,"",2019,recap,Mon,2019,Hawks,Timberwolves,home,113-125,1&1,4.5,236.0,-12,-7.5,2.0,-2.8,4.8,L,L,O,""0"
"Nov"",""27,"",2019,recap,Wed,2019,Hawks,Bucks,away,102-111,1&1,14.5,239.5,-9,5.5,-26.5,-10.5,-16.0,L,W,U,""0"
"Nov"",""29,"",2019,recap,Fri,2019,Hawks,Pacers,away,104-105,1&1,10.5,224.5,-1,9.5,-15.5,-3.0,-12.5,L,W,U,""1"
"Nov"",""30,"",2019,recap,Sat,2019,Hawks,Rockets,away,111-158,0&2,14.0,238.0,-47,-33.0,31.0,-1.0,32.0,L,L,O,""0"
"Dec"",""02,"",2019,recap,Mon,2019,Hawks,Warriors,home,104-79,1&0,-6.5,222.5,25,18.5,-39.5,-10.5,-29.0,W,W,U,""0"
"Dec"",""04,"",2019,recap,Wed,2019,Hawks,Nets,home,118-130,1&2,3.0,228.5,-12,-9.0,19.5,5.2,14.2,L,L,O,""0"
