"Jan"",""03,"",2015,recap,Sat,2014,Clippers,Seventysixers,home,127-91,2&0,-19.0,206.0,36,17.0,12.0,14.5,-2.5,W,W,O,""0"
"Jan"",""05,"",2015,recap,Mon,2014,Clippers,Hawks,home,98-107,1&1,-5.5,210.0,-9,-14.5,-5.0,-9.8,4.8,L,L,U,""0"
"Jan"",""07,"",2015,recap,Wed,2014,Clippers,Lakers,home,114-89,1&1,-11.0,215.0,25,14.0,-12.0,1.0,-13.0,W,W,U,""0"
"Jan"",""10,"",2015,recap,Sat,2014,Clippers,Mavericks,home,120-100,2&2,-3.5,214.0,20,16.5,6.0,11.2,-5.2,W,W,O,""0"
"Jan"",""11,"",2015,recap,Sun,2014,Clippers,Heat,home,90-104,0&2,-10.0,200.0,-14,-24.0,-6.0,-15.0,9.0,L,L,U,""0"
"Jan"",""14,"",2015,recap,Wed,2014,Clippers,Trailblazers,away,100-94,2&2,4.0,207.0,6,10.0,-13.0,-1.5,-11.5,W,W,U,""0"
"Jan"",""16,"",2015,recap,Fri,2014,Clippers,Cavaliers,home,121-126,1&0,-8.0,207.5,-5,-13.0,39.5,13.2,26.2,L,L,O,""0"
"Jan"",""17,"",2015,recap,Sat,2014,Clippers,Kings,away,117-108,0&0,-9.0,209.5,9,0.0,15.5,7.8,7.8,W,P,O,""0"
"Jan"",""19,"",2015,recap,Mon,2014,Clippers,Celtics,home,102-93,1&2,-12.0,212.0,9,-3.0,-17.0,-10.0,-7.0,W,L,U,""0"
"Jan"",""22,"",2015,recap,Thu,2014,Clippers,Nets,home,123-84,2&0,-13.5,202.5,39,25.5,4.5,15.0,-10.5,W,W,O,""0"
"Jan"",""25,"",2015,recap,Sun,2014,Clippers,Suns,away,120-100,2&1,-2.5,221.5,20,17.5,-1.5,8.0,-9.5,W,W,U,""0"
"Jan"",""26,"",2015,recap,Mon,2014,Clippers,Nuggets,home,102-98,0&0,-13.0,214.0,4,-9.0,-14.0,-11.5,-2.5,W,L,U,""0"
"Jan"",""28,"",2015,recap,Wed,2014,Clippers,Jazz,away,94-89,1&1,-7.0,200.0,5,-2.0,-17.0,-9.5,-7.5,W,L,U,""0"
"Jan"",""30,"",2015,recap,Fri,2014,Clippers,Pelicans,away,103-108,1&1,-7.0,199.0,-5,-12.0,12.0,0.0,12.0,L,L,O,""0"
"Jan"",""31,"",2015,recap,Sat,2014,Clippers,Spurs,away,105-85,0&2,4.5,202.5,20,24.5,-12.5,6.0,-18.5,W,W,U,""0"
"Feb"",""02,"",2015,recap,Mon,2014,Clippers,Nets,away,100-102,1&2,-8.5,202.0,-2,-10.5,0.0,-5.2,5.2,L,L,P,""0"
"Feb"",""05,"",2015,recap,Thu,2014,Clippers,Cavaliers,away,94-105,2&2,5.0,207.85,-11,-6.0,-8.85,-7.4,-1.4,L,L,U,""0"
"Feb"",""06,"",2015,recap,Fri,2014,Clippers,Raptors,away,107-123,0&1,-0.0,211.0,-16,-16.0,19.0,1.5,17.5,L,L,O,""0"
"Feb"",""08,"",2015,recap,Sun,2014,Clippers,Thunder,away,108-131,1&1,7.5,208.0,-23,-15.5,31.0,7.8,23.2,L,L,O,0"
"Feb"",""09,"",2015,recap,Mon,2014,Clippers,Mavericks,away,115-98,0&1,8.5,210.0,17,25.5,3.0,14.2,-11.2,W,W,O,""0"
"Feb"",""11,"",2015,recap,Wed,2014,Clippers,Rockets,home,110-95,1&0,-3.0,213.5,15,12.0,-8.5,1.8,-10.2,W,W,U,""0"
"Feb"",""19,"",2015,recap,Thu,2014,Clippers,Spurs,home,119-115,7&7,2.0,203.0,4,6.0,31.0,18.5,12.5,W,W,O,""0"
"Feb"",""21,"",2015,recap,Sat,2014,Clippers,Kings,home,126-99,1&0,-10.0,214.0,27,17.0,11.0,14.0,-3.0,W,W,O,""0"
"Feb"",""23,"",2015,recap,Mon,2014,Clippers,Grizzlies,home,87-90,1&0,-3.5,202.0,-3,-6.5,-25.0,-15.8,-9.2,L,L,U,""0"
"Feb"",""25,"",2015,recap,Wed,2014,Clippers,Rockets,away,105-110,1&1,3.5,217.0,-5,-1.5,-2.0,-1.8,-0.2,L,L,U,""0"
"Feb"",""27,"",2015,recap,Fri,2014,Clippers,Grizzlies,away,97-79,1&1,4.5,198.0,18,22.5,-22.0,0.2,-22.2,W,W,U,""0"
"Mar"",""01,"",2015,recap,Sun,2014,Clippers,Bulls,away,96-86,1&1,-1.5,198.0,10,8.5,-16.0,-3.8,-12.2,W,W,U,""0"
"Mar"",""02,"",2015,recap,Mon,2014,Clippers,Timberwolves,away,110-105,0&1,-5.0,208.5,5,0.0,6.5,3.2,3.2,W,P,O,0"
"Mar"",""04,"",2015,recap,Wed,2014,Clippers,Trailblazers,home,93-98,1&2,0.0,205.0,-5,-5.0,-14.0,-9.5,-4.5,L,L,U,""1"
"Mar"",""08,"",2015,recap,Sun,2014,Clippers,Warriors,away,98-106,3&1,9.0,213.0,-8,1.0,-9.0,-4.0,-5.0,L,W,U,0"
"Mar"",""09,"",2015,recap,Mon,2014,Clippers,Timberwolves,home,89-76,0&1,-8.5,206.0,13,4.5,-41.0,-18.2,-22.8,W,W,U,""0"
"Mar"",""11,"",2015,recap,Wed,2014,Clippers,Thunder,away,120-108,1&2,6.5,210.5,12,18.5,17.5,18.0,-0.5,W,W,O,""0"
"Mar"",""13,"",2015,recap,Fri,2014,Clippers,Mavericks,away,99-129,1&2,2.5,204.0,-30,-27.5,24.0,-1.8,25.8,L,L,O,""0"
"Mar"",""15,"",2015,recap,Sun,2014,Clippers,Rockets,home,98-100,1&2,-4.5,213.0,-2,-6.5,-15.0,-10.8,-4.2,L,L,U,""0"
"Mar"",""17,"",2015,recap,Tue,2014,Clippers,Hornets,home,99-92,1&0,-10.0,200.0,7,-3.0,-9.0,-6.0,-3.0,W,L,U,""0"
"Mar"",""18,"",2015,recap,Wed,2014,Clippers,Kings,away,116-105,0&1,-9.0,213.5,11,2.0,7.5,4.8,2.8,W,W,O,""0"
"Mar"",""20,"",2015,recap,Fri,2014,Clippers,Wizards,home,113-99,1&1,-7.0,202.0,14,7.0,10.0,8.5,1.5,W,W,O,""0"
"Mar"",""22,"",2015,recap,Sun,2014,Clippers,Pelicans,home,107-100,1&1,-9.0,201.0,7,-2.0,6.0,2.0,4.0,W,L,O,""0"
"Mar"",""25,"",2015,recap,Wed,2014,Clippers,Knicks,away,111-80,2&1,-15.0,197.0,31,16.0,-6.0,5.0,-11.0,W,W,U,""0"
"Mar"",""27,"",2015,recap,Fri,2014,Clippers,Seventysixers,away,119-98,1&1,-12.5,202.0,21,8.5,15.0,11.8,3.2,W,W,O,""0"
"Mar"",""29,"",2015,recap,Sun,2014,Clippers,Celtics,away,119-106,1&1,-6.0,207.0,13,7.0,18.0,12.5,5.5,W,W,O,""0"
"Mar"",""31,"",2015,recap,Tue,2014,Clippers,Warriors,home,106-110,1&2,-3.0,216.0,-4,-7.0,0.0,-3.5,3.5,L,L,P,""0"
"Apr"",""01,"",2015,recap,Wed,2014,Clippers,Trailblazers,away,126-122,0&1,3.0,208.5,4,7.0,39.5,23.2,16.2,W,W,O,""0"
"Apr"",""04,"",2015,recap,Sat,2014,Clippers,Nuggets,away,107-92,2&0,-9.5,216.5,15,5.5,-17.5,-6.0,-11.5,W,W,U,""0"
"Apr"",""05,"",2015,recap,Sun,2014,Clippers,Lakers,away,106-78,0&1,-13.5,210.0,28,14.5,-26.0,-5.8,-20.2,W,W,U,""0"
"Apr"",""07,"",2015,recap,Tue,2014,Clippers,Lakers,home,105-100,1&1,-17.0,207.0,5,-12.0,-2.0,-7.0,5.0,W,L,U,""0"
"Apr"",""11,"",2015,recap,Sat,2014,Clippers,Grizzlies,home,94-86,3&0,-8.0,195.0,8,0.0,-15.0,-7.5,-7.5,W,P,U,""0"
"Apr"",""13,"",2015,recap,Mon,2014,Clippers,Nuggets,home,110-103,1&0,-16.5,215.5,7,-9.5,-2.5,-6.0,3.5,W,L,U,""0"
"Apr"",""14,"",2015,recap,Tue,2014,Clippers,Suns,away,112-101,0&1,-10.0,207.0,11,1.0,6.0,3.5,2.5,W,W,O,0"
"Oct"",""28,"",2015,recap,Wed,2015,Clippers,Kings,away,111-104,&,-5.5,211.5,7,1.5,3.5,2.5,1.0,W,W,O,""0"
"Oct"",""29,"",2015,recap,Thu,2015,Clippers,Mavericks,home,104-88,0&0,-11.0,211.5,16,5.0,-19.5,-7.2,-12.2,W,W,U,""0"
"Oct"",""31,"",2015,recap,Sat,2015,Clippers,Kings,home,114-109,1&0,-10.5,214.5,5,-5.5,8.5,1.5,7.0,W,L,O,""0"
"Nov"",""02,"",2015,recap,Mon,2015,Clippers,Suns,home,102-96,1&1,-9.0,209.5,6,-3.0,-11.5,-7.2,-4.2,W,L,U,""0"
"Nov"",""04,"",2015,recap,Wed,2015,Clippers,Warriors,away,108-112,1&1,7.5,219.0,-4,3.5,1.0,2.2,-1.2,L,W,O,""0"
"Nov"",""07,"",2015,recap,Sat,2015,Clippers,Rockets,home,105-109,2&0,-6.5,214.0,-4,-10.5,0.0,-5.2,5.2,L,L,P,""0"
"Nov"",""09,"",2015,recap,Mon,2015,Clippers,Grizzlies,home,94-92,1&1,-7.0,200.0,2,-5.0,-14.0,-9.5,-4.5,W,L,U,""0"
"Nov"",""11,"",2015,recap,Wed,2015,Clippers,Mavericks,away,108-118,1&0,-6.5,212.5,-10,-16.5,13.5,-1.5,15.0,L,L,O,""0"
"Nov"",""12,"",2015,recap,Thu,2015,Clippers,Suns,away,104-118,0&3,1.0,208.0,-14,-13.0,14.0,0.5,13.5,L,L,O,""0"
"Nov"",""14,"",2015,recap,Sat,2015,Clippers,Pistons,home,101-96,1&2,-3.5,198.0,5,1.5,-1.0,0.2,-1.2,W,W,U,""0"
"Nov"",""19,"",2015,recap,Thu,2015,Clippers,Warriors,home,117-124,4&1,7.0,213.0,-7,0.0,28.0,14.0,14.0,L,P,O,""0"
"Nov"",""20,"",2015,recap,Fri,2015,Clippers,Trailblazers,away,91-102,0&1,-3.5,209.0,-11,-14.5,-16.0,-15.2,-0.8,L,L,U,""0"
"Nov"",""22,"",2015,recap,Sun,2015,Clippers,Raptors,home,80-91,1&1,-6.0,206.0,-11,-17.0,-35.0,-26.0,-9.0,L,L,U,""0"
"Nov"",""24,"",2015,recap,Tue,2015,Clippers,Nuggets,away,111-94,1&1,-7.0,207.0,17,10.0,-2.0,4.0,-6.0,W,W,U,""0"
"Nov"",""25,"",2015,recap,Wed,2015,Clippers,Jazz,home,91-102,0&1,-4.5,196.5,-11,-15.5,-3.5,-9.5,6.0,L,L,U,""0"
"Nov"",""27,"",2015,recap,Fri,2015,Clippers,Pelicans,home,111-90,1&1,-6.5,213.5,21,14.5,-12.5,1.0,-13.5,W,W,U,""0"
"Nov"",""29,"",2015,recap,Sun,2015,Clippers,Timberwolves,home,107-99,1&1,-9.0,206.0,8,-1.0,0.0,-0.5,0.5,W,L,P,""0"
"Nov"",""30,"",2015,recap,Mon,2015,Clippers,Trailblazers,home,102-87,0&1,-7.5,206.5,15,7.5,-17.5,-5.0,-12.5,W,W,U,""0"
"Dec"",""02,"",2015,recap,Wed,2015,Clippers,Pacers,home,91-103,1&2,0.0,203.0,-12,-12.0,-9.0,-10.5,1.5,L,L,U,""0"
"Dec"",""05,"",2015,recap,Sat,2015,Clippers,Magic,home,103-101,2&1,-2.5,196.5,2,-0.5,7.5,3.5,4.0,W,L,O,""0"
"Dec"",""07,"",2015,recap,Mon,2015,Clippers,Timberwolves,away,110-106,1&1,-3.0,205.0,4,1.0,11.0,6.0,5.0,W,W,O,0"
"Dec"",""09,"",2015,recap,Wed,2015,Clippers,Bucks,away,109-95,1&1,-5.5,201.0,14,8.5,3.0,5.8,-2.8,W,W,O,""0"
"Dec"",""10,"",2015,recap,Thu,2015,Clippers,Bulls,away,80-83,0&0,-1.5,202.5,-3,-4.5,-39.5,-22.0,-17.5,L,L,U,""0"
"Dec"",""12,"",2015,recap,Sat,2015,Clippers,Nets,away,105-100,1&1,-7.0,205.5,5,-2.0,-0.5,-1.2,0.8,W,L,U,""0"
"Dec"",""14,"",2015,recap,Mon,2015,Clippers,Pistons,away,105-103,1&1,-1.5,204.0,2,0.5,4.0,2.2,1.8,W,W,O,""1"
"Dec"",""16,"",2015,recap,Wed,2015,Clippers,Bucks,home,103-90,1&0,-11.0,197.5,13,2.0,-4.5,-1.2,-3.2,W,W,U,""0"
"Dec"",""18,"",2015,recap,Fri,2015,Clippers,Spurs,away,107-115,1&1,7.5,195.5,-8,-0.5,26.5,13.0,13.5,L,L,O,""0"
"Dec"",""19,"",2015,recap,Sat,2015,Clippers,Rockets,away,97-107,0&1,0.0,212.0,-10,-10.0,-8.0,-9.0,1.0,L,L,U,""0"
"Dec"",""21,"",2015,recap,Mon,2015,Clippers,Thunder,home,99-100,1&1,1.5,207.5,-1,0.5,-8.5,-4.0,-4.5,L,W,U,""0"
"Dec"",""25,"",2015,recap,Fri,2015,Clippers,Lakers,away,94-84,3&1,-12.0,207.0,10,-2.0,-29.0,-15.5,-13.5,W,L,U,""0"
"Dec"",""26,"",2015,recap,Sat,2015,Clippers,Jazz,away,109-104,0&2,-2.0,193.5,5,3.0,19.5,11.2,8.2,W,W,O,""0"
"Dec"",""28,"",2015,recap,Mon,2015,Clippers,Wizards,away,108-91,1&1,1.0,207.0,17,18.0,-8.0,5.0,-13.0,W,W,U,0"
"Dec"",""30,"",2015,recap,Wed,2015,Clippers,Hornets,away,122-117,1&1,-2.5,201.0,5,2.5,38.0,20.2,17.8,W,W,O,""0"
"Dec"",""31,"",2015,recap,Thu,2015,Clippers,Pelicans,away,95-89,0&2,2.0,207.5,6,8.0,-23.5,-7.8,-15.8,W,W,U,""0"
"Jan"",""02,"",2016,recap,Sat,2015,Clippers,Seventysixers,home,130-99,1&0,-13.5,204.0,31,17.5,25.0,21.2,3.8,W,W,O,""0"
"Jan"",""06,"",2016,recap,Wed,2015,Clippers,Trailblazers,away,109-98,3&1,-4.0,205.5,11,7.0,1.5,4.2,-2.8,W,W,O,""0"
"Jan"",""09,"",2016,recap,Sat,2015,Clippers,Hornets,home,97-83,2&2,-8.5,203.0,14,5.5,-23.0,-8.8,-14.2,W,W,U,""0"
"Jan"",""10,"",2016,recap,Sun,2015,Clippers,Pelicans,home,114-111,0&1,-8.5,205.0,3,-5.5,20.0,7.2,12.8,W,L,O,""1"
"Jan"",""13,"",2016,recap,Wed,2015,Clippers,Heat,home,104-90,2&1,-4.0,197.5,14,10.0,-3.5,3.2,-6.8,W,W,U,""0"
"Jan"",""16,"",2016,recap,Sat,2015,Clippers,Kings,home,103-110,2&1,-5.0,216.0,-7,-12.0,-3.0,-7.5,4.5,L,L,U,""0"
"Jan"",""18,"",2016,recap,Mon,2015,Clippers,Rockets,home,140-132,1&0,-6.0,209.5,8,2.0,62.5,32.2,30.2,W,W,O,""1"
"Jan"",""21,"",2016,recap,Thu,2015,Clippers,Cavaliers,away,102-115,2&0,6.5,202.5,-13,-6.5,14.5,4.0,10.5,L,L,O,""0"
"Jan"",""22,"",2016,recap,Fri,2015,Clippers,Knicks,away,116-88,0&1,-2.0,205.0,28,26.0,-1.0,12.5,-13.5,W,W,U,""0"
"Jan"",""24,"",2016,recap,Sun,2015,Clippers,Raptors,away,94-112,1&1,2.5,205.5,-18,-15.5,0.5,-7.5,8.0,L,L,O,""0"
"Jan"",""26,"",2016,recap,Tue,2015,Clippers,Pacers,away,91-89,1&2,-1.0,207.0,2,1.0,-27.0,-13.0,-14.0,W,W,U,""0"
"Jan"",""27,"",2016,recap,Wed,2015,Clippers,Hawks,away,85-83,0&1,4.0,206.0,2,6.0,-38.0,-16.0,-22.0,W,W,U,""0"
"Jan"",""29,"",2016,recap,Fri,2015,Clippers,Lakers,home,105-93,1&0,-14.5,204.0,12,-2.5,-6.0,-4.2,-1.8,W,L,U,""0"
"Jan"",""31,"",2016,recap,Sun,2015,Clippers,Bulls,home,120-93,1&2,-5.5,203.0,27,21.5,10.0,15.8,-5.8,W,W,O,""0"
"Feb"",""03,"",2016,recap,Wed,2015,Clippers,Timberwolves,home,102-108,2&0,-11.0,209.5,-6,-17.0,0.5,-8.2,8.8,L,L,O,""0"
"Feb"",""05,"",2016,recap,Fri,2015,Clippers,Magic,away,107-93,1&1,-4.0,206.5,14,10.0,-6.5,1.8,-8.2,W,W,U,""0"
"Feb"",""07,"",2016,recap,Sun,2015,Clippers,Heat,away,100-93,1&1,-1.0,194.5,7,6.0,-1.5,2.2,-3.8,W,W,U,""0"
"Feb"",""08,"",2016,recap,Mon,2015,Clippers,Seventysixers,away,98-92,0&1,-9.0,206.5,6,-3.0,-16.5,-9.8,-6.8,W,L,U,""1"
"Feb"",""10,"",2016,recap,Wed,2015,Clippers,Celtics,away,134-139,1&0,1.5,211.0,-5,-3.5,62.0,29.2,32.8,L,L,O,""1"
"Feb"",""18,"",2016,recap,Thu,2015,Clippers,Spurs,home,105-86,7&7,1.0,206.0,19,20.0,-15.0,2.5,-17.5,W,W,U,""0"
"Feb"",""20,"",2016,recap,Sat,2015,Clippers,Warriors,home,112-115,1&0,4.0,226.5,-3,1.0,0.5,0.8,-0.2,L,W,O,""0"
"Feb"",""22,"",2016,recap,Mon,2015,Clippers,Suns,home,124-84,1&0,-16.0,210.0,40,24.0,-2.0,11.0,-13.0,W,W,U,""0"
"Feb"",""24,"",2016,recap,Wed,2015,Clippers,Nuggets,home,81-87,1&0,-10.5,213.5,-6,-16.5,-45.5,-31.0,-14.5,L,L,U,""0"
"Feb"",""26,"",2016,recap,Fri,2015,Clippers,Kings,away,117-107,1&1,-4.0,219.0,10,6.0,5.0,5.5,-0.5,W,W,O,""0"
"Feb"",""29,"",2016,recap,Mon,2015,Clippers,Nets,home,105-95,2&1,-12.5,211.5,10,-2.5,-11.5,-7.0,-4.5,W,L,U,""0"
"Mar"",""02,"",2016,recap,Wed,2015,Clippers,Thunder,home,103-98,1&1,0.0,218.0,5,5.0,-17.0,-6.0,-11.0,W,W,U,""0"
"Mar"",""05,"",2016,recap,Sat,2015,Clippers,Hawks,home,97-107,2&0,-5.5,201.0,-10,-15.5,3.0,-6.2,9.2,L,L,O,""0"
"Mar"",""07,"",2016,recap,Mon,2015,Clippers,Mavericks,away,109-90,1&0,-5.5,210.0,19,13.5,-11.0,1.2,-12.2,W,W,U,""0"
"Mar"",""09,"",2016,recap,Wed,2015,Clippers,Thunder,away,108-120,1&2,6.0,215.5,-12,-6.0,12.5,3.2,9.2,L,L,O,""0"
"Mar"",""11,"",2016,recap,Fri,2015,Clippers,Knicks,home,101-94,1&1,-10.0,204.0,7,-3.0,-9.0,-6.0,-3.0,W,L,U,""0"
"Mar"",""13,"",2016,recap,Sun,2015,Clippers,Cavaliers,home,90-114,1&2,2.5,207.5,-24,-21.5,-3.5,-12.5,9.0,L,L,U,""0"
"Mar"",""15,"",2016,recap,Tue,2015,Clippers,Spurs,away,87-108,1&2,9.5,200.5,-21,-11.5,-5.5,-8.5,3.0,L,L,U,0"
"Mar"",""16,"",2016,recap,Wed,2015,Clippers,Rockets,away,122-106,0&1,3.0,216.0,16,19.0,12.0,15.5,-3.5,W,W,O,""0"
"Mar"",""19,"",2016,recap,Sat,2015,Clippers,Grizzlies,away,102-113,2&1,-9.0,200.0,-11,-20.0,15.0,-2.5,17.5,L,L,O,""0"
"Mar"",""20,"",2016,recap,Sun,2015,Clippers,Pelicans,away,105-109,0&1,-8.5,211.0,-4,-12.5,3.0,-4.8,7.8,L,L,O,""0"
"Mar"",""23,"",2016,recap,Wed,2015,Clippers,Warriors,away,98-114,2&1,10.0,223.5,-16,-6.0,-11.5,-8.8,-2.8,L,L,U,""0"
"Mar"",""24,"",2016,recap,Thu,2015,Clippers,Trailblazers,home,96-94,0&0,-5.5,213.5,2,-3.5,-23.5,-13.5,-10.0,W,L,U,""0"
"Mar"",""27,"",2016,recap,Sun,2015,Clippers,Nuggets,home,105-90,2&1,-8.5,210.0,15,6.5,-15.0,-4.2,-10.8,W,W,U,""0"
"Mar"",""28,"",2016,recap,Mon,2015,Clippers,Celtics,home,114-90,0&1,-4.0,209.0,24,20.0,-5.0,7.5,-12.5,W,W,U,""0"
"Mar"",""30,"",2016,recap,Wed,2015,Clippers,Timberwolves,away,99-79,1&1,-6.0,212.0,20,14.0,-34.0,-10.0,-24.0,W,W,U,0"
"Mar"",""31,"",2016,recap,Thu,2015,Clippers,Thunder,away,117-119,0&1,14.5,209.5,-2,12.5,26.5,19.5,7.0,L,W,O,""0"
"Apr"",""03,"",2016,recap,Sun,2015,Clippers,Wizards,home,114-109,2&1,-6.5,206.5,5,-1.5,16.5,7.5,9.0,W,L,O,""0"
"Apr"",""05,"",2016,recap,Tue,2015,Clippers,Lakers,home,103-81,1&1,-14.5,208.0,22,7.5,-24.0,-8.2,-15.8,W,W,U,""0"
"Apr"",""06,"",2016,recap,Wed,2015,Clippers,Lakers,away,91-81,0&0,-10.5,203.5,10,-0.5,-31.5,-16.0,-15.5,W,L,U,""0"
"Apr"",""08,"",2016,recap,Fri,2015,Clippers,Jazz,away,102-99,1&2,13.0,184.5,3,16.0,16.5,16.2,0.2,W,W,O,""1"
"Apr"",""10,"",2016,recap,Sun,2015,Clippers,Mavericks,home,98-91,1&1,-6.0,195.0,7,1.0,-6.0,-2.5,-3.5,W,W,U,""0"
"Apr"",""12,"",2016,recap,Tue,2015,Clippers,Grizzlies,home,110-84,1&2,-8.5,198.5,26,17.5,-4.5,6.5,-11.0,W,W,U,""0"
"Apr"",""13,"",2016,recap,Wed,2015,Clippers,Suns,away,105-114,0&1,5.5,205.0,-9,-3.5,14.0,5.2,8.8,L,L,O,""0"
"Oct"",""27,"",2016,recap,Thu,2016,Clippers,Trailblazers,away,114-106,&1,-2.5,210.0,8,5.5,10.0,7.8,2.2,W,W,O,0"
"Oct"",""30,"",2016,recap,Sun,2016,Clippers,Jazz,home,88-75,2&1,-7.5,191.0,13,5.5,-28.0,-11.2,-16.8,W,W,U,""0"
"Oct"",""31,"",2016,recap,Mon,2016,Clippers,Suns,home,116-98,0&0,-11.5,205.0,18,6.5,9.0,7.8,1.2,W,W,O,""0"
"Nov"",""02,"",2016,recap,Wed,2016,Clippers,Thunder,home,83-85,1&2,-7.5,209.5,-2,-9.5,-41.5,-25.5,-16.0,L,L,U,""0"
"Nov"",""04,"",2016,recap,Fri,2016,Clippers,Grizzlies,away,99-88,1&1,-6.0,197.0,11,5.0,-10.0,-2.5,-7.5,W,W,U,""0"
"Nov"",""05,"",2016,recap,Sat,2016,Clippers,Spurs,away,116-92,0&0,4.5,197.5,24,28.5,10.5,19.5,-9.0,W,W,O,""0"
"Nov"",""07,"",2016,recap,Mon,2016,Clippers,Pistons,home,114-82,1&1,-8.5,197.5,32,23.5,-1.5,11.0,-12.5,W,W,U,""0"
"Nov"",""09,"",2016,recap,Wed,2016,Clippers,Trailblazers,home,111-80,1&0,-10.0,208.5,31,21.0,-17.5,1.8,-19.2,W,W,U,""0"
"Nov"",""11,"",2016,recap,Fri,2016,Clippers,Thunder,away,110-108,1&1,-5.0,206.0,2,-3.0,12.0,4.5,7.5,W,L,O,""0"
"Nov"",""12,"",2016,recap,Sat,2016,Clippers,Timberwolves,away,119-105,0&2,-5.5,208.0,14,8.5,16.0,12.2,3.8,W,W,O,0"
"Nov"",""14,"",2016,recap,Mon,2016,Clippers,Nets,home,127-95,1&1,-16.0,212.5,32,16.0,9.5,12.8,-3.2,W,W,O,""0"
"Nov"",""16,"",2016,recap,Wed,2016,Clippers,Grizzlies,home,107-111,1&1,-12.0,202.5,-4,-16.0,15.5,-0.2,15.8,L,L,O,""0"
"Nov"",""18,"",2016,recap,Fri,2016,Clippers,Kings,away,121-115,1&1,-8.0,204.5,6,-2.0,31.5,14.8,16.8,W,L,O,""0"
"Nov"",""19,"",2016,recap,Sat,2016,Clippers,Bulls,home,102-95,0&1,-7.0,202.5,7,0.0,-5.5,-2.8,-2.8,W,P,U,""0"
"Nov"",""21,"",2016,recap,Mon,2016,Clippers,Raptors,home,123-115,1&0,-8.5,210.0,8,-0.5,28.0,13.8,14.2,W,L,O,""0"
"Nov"",""23,"",2016,recap,Wed,2016,Clippers,Mavericks,away,124-104,1&1,-10.5,193.0,20,9.5,35.0,22.2,12.8,W,W,O,""0"
"Nov"",""25,"",2016,recap,Fri,2016,Clippers,Pistons,away,97-108,1&1,-6.5,200.5,-11,-17.5,4.5,-6.5,11.0,L,L,O,""0"
"Nov"",""27,"",2016,recap,Sun,2016,Clippers,Pacers,away,70-91,1&1,-10.5,206.0,-21,-31.5,-45.0,-38.2,-6.8,L,L,U,""0"
"Nov"",""29,"",2016,recap,Tue,2016,Clippers,Nets,away,122-127,1&1,-11.5,216.5,-5,-16.5,32.5,8.0,24.5,L,L,O,""2"
"Dec"",""01,"",2016,recap,Thu,2016,Clippers,Cavaliers,away,113-94,1&1,4.0,214.5,19,23.0,-7.5,7.8,-15.2,W,W,U,""0"
"Dec"",""02,"",2016,recap,Fri,2016,Clippers,Pelicans,away,114-96,0&2,-5.0,209.0,18,13.0,1.0,7.0,-6.0,W,W,O,""0"
"Dec"",""04,"",2016,recap,Sun,2016,Clippers,Pacers,home,102-111,1&3,-11.0,210.0,-9,-20.0,3.0,-8.5,11.5,L,L,O,""0"
"Dec"",""07,"",2016,recap,Wed,2016,Clippers,Warriors,home,98-115,2&1,4.0,224.0,-17,-13.0,-11.0,-12.0,1.0,L,L,U,""0"
"Dec"",""10,"",2016,recap,Sat,2016,Clippers,Pelicans,home,133-105,2&1,-14.0,204.0,28,14.0,34.0,24.0,10.0,W,W,O,""0"
"Dec"",""12,"",2016,recap,Mon,2016,Clippers,Trailblazers,home,121-120,1&1,-9.5,219.0,1,-8.5,22.0,6.8,15.2,W,L,O,""0"
"Dec"",""14,"",2016,recap,Wed,2016,Clippers,Magic,away,113-108,1&0,-8.5,210.0,5,-3.5,11.0,3.8,7.2,W,L,O,""0"
"Dec"",""16,"",2016,recap,Fri,2016,Clippers,Heat,away,102-98,1&1,-7.0,205.5,4,-3.0,-5.5,-4.2,-1.2,W,L,U,""0"
"Dec"",""18,"",2016,recap,Sun,2016,Clippers,Wizards,away,110-117,1&1,-4.5,215.0,-7,-11.5,12.0,0.2,11.8,L,L,O,0"
"Dec"",""20,"",2016,recap,Tue,2016,Clippers,Nuggets,home,119-102,1&0,-9.0,218.0,17,8.0,3.0,5.5,-2.5,W,W,O,""0"
"Dec"",""22,"",2016,recap,Thu,2016,Clippers,Spurs,home,106-101,1&1,1.0,205.0,5,6.0,2.0,4.0,-2.0,W,W,O,""0"
"Dec"",""23,"",2016,recap,Fri,2016,Clippers,Mavericks,home,88-90,0&1,-4.5,194.5,-2,-6.5,-16.5,-11.5,-5.0,L,L,U,""0"
"Dec"",""25,"",2016,recap,Sun,2016,Clippers,Lakers,away,102-111,1&1,-6.0,213.0,-9,-15.0,0.0,-7.5,7.5,L,L,P,""0"
"Dec"",""26,"",2016,recap,Mon,2016,Clippers,Nuggets,home,102-106,0&2,3.5,212.0,-4,-0.5,-4.0,-2.2,-1.8,L,L,U,""0"
"Dec"",""28,"",2016,recap,Wed,2016,Clippers,Pelicans,away,98-102,1&1,3.5,206.5,-4,-0.5,-6.5,-3.5,-3.0,L,L,U,""0"
"Dec"",""30,"",2016,recap,Fri,2016,Clippers,Rockets,away,116-140,1&2,10.5,220.0,-24,-13.5,36.0,11.2,24.8,L,L,O,""0"
"Dec"",""31,"",2016,recap,Sat,2016,Clippers,Thunder,away,88-114,0&1,9.0,207.0,-26,-17.0,-5.0,-11.0,6.0,L,L,U,0"
"Jan"",""02,"",2017,recap,Mon,2016,Clippers,Suns,home,109-98,1&1,-5.5,209.5,11,5.5,-2.5,1.5,-4.0,W,W,U,""0"
"Jan"",""04,"",2017,recap,Wed,2016,Clippers,Grizzlies,home,115-106,1&0,-1.0,198.5,9,8.0,22.5,15.2,7.2,W,W,O,""0"
"Jan"",""06,"",2017,recap,Fri,2016,Clippers,Kings,away,106-98,1&1,-2.5,209.0,8,5.5,-5.0,0.2,-5.2,W,W,U,""0"
"Jan"",""08,"",2017,recap,Sun,2016,Clippers,Heat,home,98-86,1&1,-10.0,207.0,12,2.0,-23.0,-10.5,-12.5,W,W,U,""0"
"Jan"",""11,"",2017,recap,Wed,2016,Clippers,Magic,home,105-96,2&2,-10.0,208.5,9,-1.0,-7.5,-4.2,-3.2,W,L,U,""0"
"Jan"",""14,"",2017,recap,Sat,2016,Clippers,Lakers,home,113-97,2&1,-11.5,217.0,16,4.5,-7.0,-1.2,-5.8,W,W,U,""0"
"Jan"",""16,"",2017,recap,Mon,2016,Clippers,Thunder,home,120-98,1&0,-8.0,215.5,22,14.0,2.5,8.2,-5.8,W,W,O,""0"
"Jan"",""19,"",2017,recap,Thu,2016,Clippers,Timberwolves,home,101-104,2&1,1.0,205.5,-3,-2.0,-0.5,-1.2,0.8,L,L,U,""0"
"Jan"",""21,"",2017,recap,Sat,2016,Clippers,Nuggets,away,98-123,1&1,5.0,221.0,-25,-20.0,0.0,-10.0,10.0,L,L,P,""0"
"Jan"",""23,"",2017,recap,Mon,2016,Clippers,Hawks,away,115-105,1&1,7.0,206.5,10,17.0,13.5,15.2,-1.8,W,W,O,""0"
"Jan"",""24,"",2017,recap,Tue,2016,Clippers,Seventysixers,away,110-121,0&2,-4.5,204.0,-11,-15.5,27.0,5.8,21.2,L,L,O,""0"
"Jan"",""28,"",2017,recap,Sat,2016,Clippers,Warriors,away,98-144,3&2,13.0,224.5,-46,-33.0,17.5,-7.8,25.2,L,L,O,0"
"Feb"",""01,"",2017,recap,Wed,2016,Clippers,Suns,away,124-114,3&1,-3.0,220.0,10,7.0,18.0,12.5,5.5,W,W,O,""0"
"Feb"",""02,"",2017,recap,Thu,2016,Clippers,Warriors,home,120-133,0&0,8.5,229.5,-13,-4.5,23.5,9.5,14.0,L,L,O,""0"
"Feb"",""05,"",2017,recap,Sun,2016,Clippers,Celtics,away,102-107,2&1,5.5,221.0,-5,0.5,-12.0,-5.8,-6.2,L,W,U,""0"
"Feb"",""06,"",2017,recap,Mon,2016,Clippers,Raptors,away,109-118,0&0,5.0,213.5,-9,-4.0,13.5,4.8,8.8,L,L,O,""0"
"Feb"",""08,"",2017,recap,Wed,2016,Clippers,Knicks,away,119-115,1&1,-1.0,221.0,4,3.0,13.0,8.0,5.0,W,W,O,""0"
"Feb"",""11,"",2017,recap,Sat,2016,Clippers,Hornets,away,107-102,2&1,2.5,216.5,5,7.5,-7.5,0.0,-7.5,W,W,U,""0"
"Feb"",""13,"",2017,recap,Mon,2016,Clippers,Jazz,away,88-72,1&1,8.0,205.5,16,24.0,-45.5,-10.8,-34.8,W,W,U,""0"
"Feb"",""15,"",2017,recap,Wed,2016,Clippers,Hawks,home,99-84,1&1,-3.5,212.0,15,11.5,-29.0,-8.8,-20.2,W,W,U,""0"
"Feb"",""23,"",2017,recap,Thu,2016,Clippers,Warriors,away,113-123,7&7,12.5,230.5,-10,2.5,5.5,4.0,1.5,L,W,O,0"
"Feb"",""24,"",2017,recap,Fri,2016,Clippers,Spurs,home,97-105,0&8,3.5,210.0,-8,-4.5,-8.0,-6.2,-1.8,L,L,U,""0"
"Feb"",""26,"",2017,recap,Sun,2016,Clippers,Hornets,home,124-121,1&0,-9.5,213.0,3,-6.5,32.0,12.8,19.2,W,L,O,""1"
"Mar"",""01,"",2017,recap,Wed,2016,Clippers,Rockets,home,103-122,2&1,-2.0,233.5,-19,-21.0,-8.5,-14.8,6.2,L,L,U,""0"
"Mar"",""03,"",2017,recap,Fri,2016,Clippers,Bucks,away,101-112,1&1,-4.5,212.5,-11,-15.5,0.5,-7.5,8.0,L,L,O,""0"
"Mar"",""04,"",2017,recap,Sat,2016,Clippers,Bulls,away,101-91,0&1,-2.5,209.5,10,7.5,-17.5,-5.0,-12.5,W,W,U,""0"
"Mar"",""06,"",2017,recap,Mon,2016,Clippers,Celtics,home,116-102,1&0,-7.0,217.5,14,7.0,0.5,3.8,-3.2,W,W,O,""0"
"Mar"",""08,"",2017,recap,Wed,2016,Clippers,Timberwolves,away,91-107,1&3,-3.0,210.5,-16,-19.0,-12.5,-15.8,3.2,L,L,U,""0"
"Mar"",""09,"",2017,recap,Thu,2016,Clippers,Grizzlies,away,114-98,0&2,2.5,207.5,16,18.5,4.5,11.5,-7.0,W,W,O,""0"
"Mar"",""11,"",2017,recap,Sat,2016,Clippers,Seventysixers,home,112-100,1&1,-13.0,215.0,12,-1.0,-3.0,-2.0,-1.0,W,L,U,""0"
"Mar"",""13,"",2017,recap,Mon,2016,Clippers,Jazz,away,108-114,1&1,2.0,202.0,-6,-4.0,20.0,8.0,12.0,L,L,O,""0"
"Mar"",""15,"",2017,recap,Wed,2016,Clippers,Bucks,home,96-97,1&1,-7.5,208.5,-1,-8.5,-15.5,-12.0,-3.5,L,L,U,""0"
"Mar"",""16,"",2017,recap,Thu,2016,Clippers,Nuggets,away,114-129,0&2,5.0,220.5,-15,-10.0,22.5,6.2,16.2,L,L,O,""0"
"Mar"",""18,"",2017,recap,Sat,2016,Clippers,Cavaliers,home,108-78,1&1,-13.5,218.0,30,16.5,-32.0,-7.8,-24.2,W,W,U,""0"
"Mar"",""20,"",2017,recap,Mon,2016,Clippers,Knicks,home,114-105,1&3,-11.0,217.0,9,-2.0,2.0,0.0,2.0,W,L,O,""0"
"Mar"",""21,"",2017,recap,Tue,2016,Clippers,Lakers,away,133-109,0&1,-10.0,220.5,24,14.0,21.5,17.8,3.8,W,W,O,""0"
"Mar"",""23,"",2017,recap,Thu,2016,Clippers,Mavericks,away,95-97,1&1,-4.0,204.0,-2,-6.0,-12.0,-9.0,-3.0,L,L,U,""0"
"Mar"",""25,"",2017,recap,Sat,2016,Clippers,Jazz,home,108-95,1&2,-5.0,202.0,13,8.0,1.0,4.5,-3.5,W,W,O,""0"
"Mar"",""26,"",2017,recap,Sun,2016,Clippers,Kings,home,97-98,0&1,-12.5,210.5,-1,-13.5,-15.5,-14.5,-1.0,L,L,U,""0"
"Mar"",""29,"",2017,recap,Wed,2016,Clippers,Wizards,home,133-124,2&0,-6.5,220.5,9,2.5,36.5,19.5,17.0,W,W,O,""0"
"Mar"",""30,"",2017,recap,Thu,2016,Clippers,Suns,away,124-118,0&1,-10.0,220.0,6,-4.0,22.0,9.0,13.0,W,L,O,""0"
"Apr"",""01,"",2017,recap,Sat,2016,Clippers,Lakers,home,115-104,1&1,-14.5,221.5,11,-3.5,-2.5,-3.0,0.5,W,L,U,""0"
"Apr"",""05,"",2017,recap,Wed,2016,Clippers,Mavericks,home,112-101,3&0,-11.5,203.0,11,-0.5,10.0,4.8,5.2,W,L,O,""0"
"Apr"",""08,"",2017,recap,Sat,2016,Clippers,Spurs,away,98-87,2&0,1.5,208.0,11,12.5,-23.0,-5.2,-17.8,W,W,U,""0"
"Apr"",""10,"",2017,recap,Mon,2016,Clippers,Rockets,home,125-96,1&0,-9.5,229.0,29,19.5,-8.0,5.8,-13.8,W,W,U,""0"
"Apr"",""12,"",2017,recap,Wed,2016,Clippers,Kings,home,115-95,1&0,-17.0,210.0,20,3.0,0.0,1.5,-1.5,W,W,P,""0"
"Oct"",""19,"",2017,recap,Thu,2017,Clippers,Lakers,away,108-92,&,-6.5,217.5,16,9.5,-17.5,-4.0,-13.5,W,W,U,""0"
"Oct"",""21,"",2017,recap,Sat,2017,Clippers,Suns,home,130-88,1&0,-13.5,220.5,42,28.5,-2.5,13.0,-15.5,W,W,U,""0"
"Oct"",""24,"",2017,recap,Tue,2017,Clippers,Jazz,home,102-84,2&2,-5.0,196.5,18,13.0,-10.5,1.2,-11.8,W,W,U,""0"
"Oct"",""26,"",2017,recap,Thu,2017,Clippers,Trailblazers,away,104-103,1&1,1.0,211.5,1,2.0,-4.5,-1.2,-3.2,W,W,U,0"
"Oct"",""28,"",2017,recap,Sat,2017,Clippers,Pistons,home,87-95,1&2,-7.5,206.5,-8,-15.5,-24.5,-20.0,-4.5,L,L,U,""0"
"Oct"",""30,"",2017,recap,Mon,2017,Clippers,Warriors,home,113-141,1&0,6.0,223.0,-28,-22.0,31.0,4.5,26.5,L,L,O,""0"
"Nov"",""01,"",2017,recap,Wed,2017,Clippers,Mavericks,home,119-98,1&1,-10.5,207.0,21,10.5,10.0,10.2,-0.2,W,W,O,""0"
"Nov"",""04,"",2017,recap,Sat,2017,Clippers,Grizzlies,home,104-113,2&2,-5.0,200.0,-9,-14.0,17.0,1.5,15.5,L,L,O,""0"
"Nov"",""05,"",2017,recap,Sun,2017,Clippers,Heat,home,101-104,0&1,-5.0,205.0,-3,-8.0,0.0,-4.0,4.0,L,L,P,""0"
"Nov"",""07,"",2017,recap,Tue,2017,Clippers,Spurs,away,107-120,1&1,4.0,203.5,-13,-9.0,23.5,7.2,16.2,L,L,O,""0"
"Nov"",""10,"",2017,recap,Fri,2017,Clippers,Thunder,away,111-120,2&0,6.0,210.0,-9,-3.0,21.0,9.0,12.0,L,L,O,""0"
"Nov"",""11,"",2017,recap,Sat,2017,Clippers,Pelicans,away,103-111,0&1,6.0,214.5,-8,-2.0,-0.5,-1.2,0.8,L,L,U,""0"
"Nov"",""13,"",2017,recap,Mon,2017,Clippers,Seventysixers,home,105-109,1&1,-2.0,218.5,-4,-6.0,-4.5,-5.2,0.8,L,L,U,""0"
"Nov"",""17,"",2017,recap,Fri,2017,Clippers,Cavaliers,away,113-118,3&1,6.5,222.0,-5,1.5,9.0,5.2,3.8,L,W,O,""1"
"Nov"",""18,"",2017,recap,Sat,2017,Clippers,Hornets,away,87-102,0&0,5.0,212.0,-15,-10.0,-23.0,-16.5,-6.5,L,L,U,""0"
"Nov"",""20,"",2017,recap,Mon,2017,Clippers,Knicks,away,85-107,1&2,-0.0,208.5,-22,-22.0,-16.5,-19.2,2.8,L,L,U,""0"
"Nov"",""22,"",2017,recap,Wed,2017,Clippers,Hawks,away,116-103,1&1,-3.0,210.0,13,10.0,9.0,9.5,-0.5,W,W,O,""0"
"Nov"",""25,"",2017,recap,Sat,2017,Clippers,Kings,away,97-95,2&2,-4.5,203.0,2,-2.5,-11.0,-6.8,-4.2,W,L,U,""0"
"Nov"",""27,"",2017,recap,Mon,2017,Clippers,Lakers,home,120-115,1&4,-4.5,215.0,5,0.5,20.0,10.2,9.8,W,W,O,""0"
"Nov"",""30,"",2017,recap,Thu,2017,Clippers,Jazz,home,107-126,2&1,2.0,202.0,-19,-17.0,31.0,7.0,24.0,L,L,O,""0"
"Dec"",""02,"",2017,recap,Sat,2017,Clippers,Mavericks,away,82-108,1&2,5.0,207.0,-26,-21.0,-17.0,-19.0,2.0,L,L,U,""0"
"Dec"",""03,"",2017,recap,Sun,2017,Clippers,Timberwolves,away,106-112,0&1,12.0,213.5,-6,6.0,4.5,5.2,-0.8,L,W,O,0"
"Dec"",""06,"",2017,recap,Wed,2017,Clippers,Timberwolves,home,107-113,2&1,5.5,214.0,-6,-0.5,6.0,2.8,3.2,L,L,O,""0"
"Dec"",""09,"",2017,recap,Sat,2017,Clippers,Wizards,home,113-112,2&1,2.5,207.0,1,3.5,18.0,10.8,7.2,W,W,O,""0"
"Dec"",""11,"",2017,recap,Mon,2017,Clippers,Raptors,home,96-91,1&0,5.0,214.5,5,10.0,-27.5,-8.8,-18.8,W,W,U,""0"
"Dec"",""13,"",2017,recap,Wed,2017,Clippers,Magic,away,106-95,1&3,0.0,211.5,11,11.0,-10.5,0.2,-10.8,W,W,U,""0"
"Dec"",""15,"",2017,recap,Fri,2017,Clippers,Wizards,away,91-100,1&1,9.5,208.5,-9,0.5,-17.5,-8.5,-9.0,L,W,U,0"
"Dec"",""16,"",2017,recap,Sat,2017,Clippers,Heat,away,85-90,0&0,6.0,205.0,-5,1.0,-30.0,-14.5,-15.5,L,W,U,""0"
"Dec"",""18,"",2017,recap,Mon,2017,Clippers,Spurs,away,91-109,1&1,11.5,201.5,-18,-6.5,-1.5,-4.0,2.5,L,L,U,""0"
"Dec"",""20,"",2017,recap,Wed,2017,Clippers,Suns,home,108-95,1&1,-5.5,214.0,13,7.5,-11.0,-1.8,-9.2,W,W,U,""0"
"Dec"",""22,"",2017,recap,Fri,2017,Clippers,Rockets,away,128-118,1&1,12.0,221.0,10,22.0,25.0,23.5,1.5,W,W,O,""0"
"Dec"",""23,"",2017,recap,Sat,2017,Clippers,Grizzlies,away,112-115,0&1,2.5,198.0,-3,-0.5,29.0,14.2,14.8,L,L,O,""0"
"Dec"",""26,"",2017,recap,Tue,2017,Clippers,Kings,home,122-95,2&2,-6.0,205.5,27,21.0,11.5,16.2,-4.8,W,W,O,""0"
"Dec"",""29,"",2017,recap,Fri,2017,Clippers,Lakers,away,121-106,2&1,-3.5,217.0,15,11.5,10.0,10.8,-0.8,W,W,O,""0"
"Dec"",""31,"",2017,recap,Sun,2017,Clippers,Hornets,home,106-98,1&1,-2.5,211.5,8,5.5,-7.5,-1.0,-6.5,W,W,U,""0"
"Jan"",""02,"",2018,recap,Tue,2017,Clippers,Grizzlies,home,113-105,1&1,-6.0,206.0,8,2.0,12.0,7.0,5.0,W,W,O,""0"
"Jan"",""04,"",2018,recap,Thu,2017,Clippers,Thunder,home,117-127,1&0,1.0,214.0,-10,-9.0,30.0,10.5,19.5,L,L,O,""0"
"Jan"",""06,"",2018,recap,Sat,2017,Clippers,Warriors,home,105-121,1&1,9.5,226.0,-16,-6.5,0.0,-3.2,3.2,L,L,P,""0"
"Jan"",""08,"",2018,recap,Mon,2017,Clippers,Hawks,home,108-107,1&0,-4.0,214.0,1,-3.0,1.0,-1.0,2.0,W,L,O,""0"
"Jan"",""10,"",2018,recap,Wed,2017,Clippers,Warriors,away,125-106,1&1,12.0,225.0,19,31.0,6.0,18.5,-12.5,W,W,O,""0"
"Jan"",""11,"",2018,recap,Thu,2017,Clippers,Kings,away,121-115,0&1,-3.5,213.0,6,2.5,23.0,12.8,10.2,W,W,O,""0"
"Jan"",""13,"",2018,recap,Sat,2017,Clippers,Kings,home,126-105,1&1,-8.0,217.0,21,13.0,14.0,13.5,0.5,W,W,O,""0"
"Jan"",""15,"",2018,recap,Mon,2017,Clippers,Rockets,home,113-102,1&2,3.5,228.5,11,14.5,-13.5,0.5,-14.0,W,W,U,""0"
"Jan"",""17,"",2018,recap,Wed,2017,Clippers,Nuggets,home,109-104,1&0,-4.0,221.0,5,1.0,-8.0,-3.5,-4.5,W,W,U,""0"
"Jan"",""20,"",2018,recap,Sat,2017,Clippers,Jazz,away,113-125,2&0,2.0,212.5,-12,-10.0,25.5,7.8,17.8,L,L,O,""0"
"Jan"",""22,"",2018,recap,Mon,2017,Clippers,Timberwolves,home,118-126,1&1,0.0,220.5,-8,-8.0,23.5,7.8,15.8,L,L,O,""0"
"Jan"",""24,"",2018,recap,Wed,2017,Clippers,Celtics,home,102-113,1&0,-1.5,215.0,-11,-12.5,0.0,-6.2,6.2,L,L,P,""0"
"Jan"",""26,"",2018,recap,Fri,2017,Clippers,Grizzlies,away,109-100,1&1,-4.5,210.0,9,4.5,-1.0,1.8,-2.8,W,W,U,""0"
"Jan"",""28,"",2018,recap,Sun,2017,Clippers,Pelicans,away,112-103,1&1,1.5,226.5,9,10.5,-11.5,-0.5,-11.0,W,W,U,""0"
"Jan"",""30,"",2018,recap,Tue,2017,Clippers,Trailblazers,home,96-104,1&3,3.0,217.5,-8,-5.0,-17.5,-11.2,-6.2,L,L,U,""0"
"Feb"",""03,"",2018,recap,Sat,2017,Clippers,Bulls,home,113-103,3&2,-8.5,221.0,10,1.5,-5.0,-1.8,-3.2,W,W,U,""0"
"Feb"",""05,"",2018,recap,Mon,2017,Clippers,Mavericks,home,104-101,1&1,-6.0,212.0,3,-3.0,-7.0,-5.0,-2.0,W,L,U,""0"
"Feb"",""09,"",2018,recap,Fri,2017,Clippers,Pistons,away,108-95,3&1,3.0,217.0,13,16.0,-14.0,1.0,-15.0,W,W,U,""0"
"Feb"",""10,"",2018,recap,Sat,2017,Clippers,Seventysixers,away,98-112,0&0,4.5,217.5,-14,-9.5,-7.5,-8.5,1.0,L,L,U,""0"
"Feb"",""12,"",2018,recap,Mon,2017,Clippers,Nets,away,114-101,1&1,-4.5,218.5,13,8.5,-3.5,2.5,-6.0,W,W,U,""0"
"Feb"",""14,"",2018,recap,Wed,2017,Clippers,Celtics,away,129-119,1&2,4.5,212.0,10,14.5,36.0,25.2,10.8,W,W,O,""0"
"Feb"",""22,"",2018,recap,Thu,2017,Clippers,Warriors,away,127-134,7&7,10.5,234.0,-7,3.5,27.0,15.2,11.8,L,W,O,0"
"Feb"",""23,"",2018,recap,Fri,2017,Clippers,Suns,away,128-117,0&8,-5.5,230.0,11,5.5,15.0,10.2,4.8,W,W,O,""0"
"Feb"",""27,"",2018,recap,Tue,2017,Clippers,Nuggets,away,122-120,3&1,3.5,233.0,2,5.5,9.0,7.2,1.8,W,W,O,""0"
"Feb"",""28,"",2018,recap,Wed,2017,Clippers,Rockets,home,92-105,0&1,8.5,227.5,-13,-4.5,-30.5,-17.5,-13.0,L,L,U,""0"
"Mar"",""02,"",2018,recap,Fri,2017,Clippers,Knicks,home,128-105,1&3,-9.5,226.5,23,13.5,6.5,10.0,-3.5,W,W,O,""0"
"Mar"",""04,"",2018,recap,Sun,2017,Clippers,Nets,home,123-120,1&2,-8.0,223.0,3,-5.0,20.0,7.5,12.5,W,L,O,""0"
"Mar"",""06,"",2018,recap,Tue,2017,Clippers,Pelicans,home,116-121,1&1,-2.5,236.5,-5,-7.5,0.5,-3.5,4.0,L,L,O,""0"
"Mar"",""09,"",2018,recap,Fri,2017,Clippers,Cavaliers,home,116-102,2&1,0.0,230.0,14,14.0,-12.0,1.0,-13.0,W,W,U,""0"
"Mar"",""10,"",2018,recap,Sat,2017,Clippers,Magic,home,113-105,0&0,-11.5,218.5,8,-3.5,-0.5,-2.0,1.5,W,L,U,""0"
"Mar"",""13,"",2018,recap,Tue,2017,Clippers,Bulls,away,112-106,2&1,-6.5,224.0,6,-0.5,-6.0,-3.2,-2.8,W,L,U,""0"
"Mar"",""15,"",2018,recap,Thu,2017,Clippers,Rockets,away,96-101,1&2,11.0,223.5,-5,6.0,-26.5,-10.2,-16.2,L,W,U,""0"
"Mar"",""16,"",2018,recap,Fri,2017,Clippers,Thunder,away,113-121,0&2,6.0,224.0,-8,-2.0,10.0,4.0,6.0,L,L,O,""0"
"Mar"",""18,"",2018,recap,Sun,2017,Clippers,Trailblazers,home,109-122,1&0,-2.0,221.5,-13,-15.0,9.5,-2.8,12.2,L,L,O,""0"
"Mar"",""20,"",2018,recap,Tue,2017,Clippers,Timberwolves,away,109-123,1&1,4.0,228.0,-14,-10.0,4.0,-3.0,7.0,L,L,O,""0"
"Mar"",""21,"",2018,recap,Wed,2017,Clippers,Bucks,away,127-120,0&1,4.5,226.0,7,11.5,21.0,16.2,4.8,W,W,O,""0"
"Mar"",""23,"",2018,recap,Fri,2017,Clippers,Pacers,away,104-109,1&1,3.5,216.0,-5,-1.5,-3.0,-2.2,-0.8,L,L,U,""0"
"Mar"",""25,"",2018,recap,Sun,2017,Clippers,Raptors,away,117-106,1&1,8.0,224.5,11,19.0,-1.5,8.8,-10.2,W,W,U,""0"
"Mar"",""27,"",2018,recap,Tue,2017,Clippers,Bucks,home,105-98,1&1,-3.0,225.0,7,4.0,-22.0,-9.0,-13.0,W,W,U,""0"
"Mar"",""28,"",2018,recap,Wed,2017,Clippers,Suns,away,111-99,0&1,-10.5,222.0,12,1.5,-12.0,-5.2,-6.8,W,W,U,""0"
"Mar"",""30,"",2018,recap,Fri,2017,Clippers,Trailblazers,away,96-105,1&1,6.5,217.5,-9,-2.5,-16.5,-9.5,-7.0,L,L,U,0"
"Apr"",""01,"",2018,recap,Sun,2017,Clippers,Pacers,home,104-111,1&2,-2.5,215.5,-7,-9.5,-0.5,-5.0,4.5,L,L,U,""0"
"Apr"",""03,"",2018,recap,Tue,2017,Clippers,Spurs,home,113-110,1&1,1.0,210.0,3,4.0,13.0,8.5,4.5,W,W,O,""0"
"Apr"",""05,"",2018,recap,Thu,2017,Clippers,Jazz,away,95-117,1&1,7.5,211.5,-22,-14.5,0.5,-7.0,7.5,L,L,O,""0"
"Apr"",""07,"",2018,recap,Sat,2017,Clippers,Nuggets,home,115-134,1&1,3.5,223.0,-19,-15.5,26.0,5.2,20.8,L,L,O,""0"
"Apr"",""09,"",2018,recap,Mon,2017,Clippers,Pelicans,home,100-113,1&1,8.5,224.0,-13,-4.5,-11.0,-7.8,-3.2,L,L,U,""0"
"Apr"",""11,"",2018,recap,Wed,2017,Clippers,Lakers,home,100-115,1&0,-2.5,215.5,-15,-17.5,-0.5,-9.0,8.5,L,L,U,""0"
"Oct"",""17,"",2018,recap,Wed,2018,Clippers,Nuggets,home,98-107,&,2.0,224.0,-9,-7.0,-19.0,-13.0,-6.0,L,L,U,""0"
"Oct"",""19,"",2018,recap,Fri,2018,Clippers,Thunder,home,108-92,1&2,-1.0,214.0,16,15.0,-14.0,0.5,-14.5,W,W,U,""0"
"Oct"",""21,"",2018,recap,Sun,2018,Clippers,Rockets,home,115-112,1&0,2.0,225.0,3,5.0,2.0,3.5,-1.5,W,W,O,""0"
"Oct"",""23,"",2018,recap,Tue,2018,Clippers,Pelicans,away,109-116,1&3,6.5,237.0,-7,-0.5,-12.0,-6.2,-5.8,L,L,U,""0"
"Oct"",""26,"",2018,recap,Fri,2018,Clippers,Rockets,away,133-113,2&1,3.5,219.0,20,23.5,27.0,25.2,1.8,W,W,O,""0"
"Oct"",""28,"",2018,recap,Sun,2018,Clippers,Wizards,home,136-104,1&1,-4.0,230.0,32,28.0,10.0,19.0,-9.0,W,W,O,""0"
"Oct"",""30,"",2018,recap,Tue,2018,Clippers,Thunder,away,110-128,1&1,3.0,228.0,-18,-15.0,10.0,-2.5,12.5,L,L,O,0"
"Nov"",""01,"",2018,recap,Thu,2018,Clippers,Seventysixers,away,113-122,1&1,5.5,230.0,-9,-3.5,5.0,0.8,4.2,L,L,O,""0"
"Nov"",""02,"",2018,recap,Fri,2018,Clippers,Magic,away,120-95,0&2,-3.5,217.0,25,21.5,-2.0,9.8,-11.8,W,W,U,""0"
"Nov"",""05,"",2018,recap,Mon,2018,Clippers,Timberwolves,home,120-109,2&0,-5.0,228.5,11,6.0,0.5,3.2,-2.8,W,W,O,""0"
"Nov"",""08,"",2018,recap,Thu,2018,Clippers,Trailblazers,away,105-116,2&1,5.5,224.5,-11,-5.5,-3.5,-4.5,1.0,L,L,U,""0"
"Nov"",""10,"",2018,recap,Sat,2018,Clippers,Bucks,home,128-126,1&1,3.0,234.0,2,5.0,20.0,12.5,7.5,W,W,O,""1"
"Nov"",""12,"",2018,recap,Mon,2018,Clippers,Warriors,home,121-116,1&1,2.5,232.0,5,7.5,5.0,6.2,-1.2,W,W,O,""1"
"Nov"",""15,"",2018,recap,Thu,2018,Clippers,Spurs,home,116-111,2&0,-6.0,216.5,5,-1.0,10.5,4.8,5.8,W,L,O,""0"
"Nov"",""17,"",2018,recap,Sat,2018,Clippers,Nets,away,127-119,1&0,-6.5,223.0,8,1.5,23.0,12.2,10.8,W,W,O,""0"
"Nov"",""19,"",2018,recap,Mon,2018,Clippers,Hawks,away,127-119,1&1,-7.5,233.0,8,0.5,13.0,6.8,6.2,W,W,O,""0"
"Nov"",""20,"",2018,recap,Tue,2018,Clippers,Wizards,away,118-125,0&1,0.0,233.5,-7,-7.0,9.5,1.2,8.2,L,L,O,0"
"Nov"",""23,"",2018,recap,Fri,2018,Clippers,Grizzlies,home,112-107,2&1,-4.5,213.5,5,0.5,5.5,3.0,2.5,W,W,O,""1"
"Nov"",""25,"",2018,recap,Sun,2018,Clippers,Trailblazers,away,104-100,1&1,4.0,226.5,4,8.0,-22.5,-7.2,-15.2,W,W,U,0"
"Nov"",""28,"",2018,recap,Wed,2018,Clippers,Suns,home,115-99,2&0,-12.0,228.0,16,4.0,-14.0,-5.0,-9.0,W,W,U,""0"
"Nov"",""29,"",2018,recap,Thu,2018,Clippers,Kings,away,133-121,0&3,-3.0,235.0,12,9.0,19.0,14.0,5.0,W,W,O,""0"
"Dec"",""02,"",2018,recap,Sun,2018,Clippers,Mavericks,away,110-114,2&1,-2.0,224.5,-4,-6.0,-0.5,-3.2,2.8,L,L,U,""0"
"Dec"",""03,"",2018,recap,Mon,2018,Clippers,Pelicans,away,129-126,0&0,1.5,237.5,3,4.5,17.5,11.0,6.5,W,W,O,""0"
"Dec"",""05,"",2018,recap,Wed,2018,Clippers,Grizzlies,away,86-96,1&2,2.0,209.5,-10,-8.0,-27.5,-17.8,-9.8,L,L,U,""0"
"Dec"",""08,"",2018,recap,Sat,2018,Clippers,Heat,home,98-121,2&0,-9.0,219.0,-23,-32.0,0.0,-16.0,16.0,L,L,P,""0"
"Dec"",""10,"",2018,recap,Mon,2018,Clippers,Suns,away,123-119,1&2,-10.0,221.5,4,-6.0,20.5,7.2,13.2,W,L,O,""1"
"Dec"",""11,"",2018,recap,Tue,2018,Clippers,Raptors,home,99-123,0&1,4.5,222.0,-24,-19.5,0.0,-9.8,9.8,L,L,P,""0"
"Dec"",""13,"",2018,recap,Thu,2018,Clippers,Spurs,away,87-125,1&1,3.0,221.5,-38,-35.0,-9.5,-22.2,12.8,L,L,U,""0"
"Dec"",""15,"",2018,recap,Sat,2018,Clippers,Thunder,away,104-110,1&0,6.5,222.5,-6,0.5,-8.5,-4.0,-4.5,L,W,U,0"
"Dec"",""17,"",2018,recap,Mon,2018,Clippers,Trailblazers,home,127-131,1&2,-1.0,219.0,-4,-5.0,39.0,17.0,22.0,L,L,O,""0"
"Dec"",""20,"",2018,recap,Thu,2018,Clippers,Mavericks,home,125-121,2&1,-3.5,221.5,4,0.5,24.5,12.5,12.0,W,W,O,""0"
"Dec"",""22,"",2018,recap,Sat,2018,Clippers,Nuggets,home,132-111,1&3,-2.5,221.0,21,18.5,22.0,20.2,1.8,W,W,O,""0"
"Dec"",""23,"",2018,recap,Sun,2018,Clippers,Warriors,away,127-129,0&0,10.0,234.0,-2,8.0,22.0,15.0,7.0,L,W,O,0"
"Dec"",""26,"",2018,recap,Wed,2018,Clippers,Kings,home,127-118,2&2,-5.5,239.0,9,3.5,6.0,4.8,1.2,W,W,O,""0"
"Dec"",""28,"",2018,recap,Fri,2018,Clippers,Lakers,away,118-107,1&0,-5.5,229.0,11,5.5,-4.0,0.8,-4.8,W,W,U,""0"
"Dec"",""29,"",2018,recap,Sat,2018,Clippers,Spurs,home,111-122,0&0,-3.5,226.0,-11,-14.5,7.0,-3.8,10.8,L,L,O,""0"
"Jan"",""01,"",2019,recap,Tue,2018,Clippers,Seventysixers,home,113-119,2&1,-2.0,235.5,-6,-8.0,-3.5,-5.8,2.2,L,L,U,""0"
"Jan"",""04,"",2019,recap,Fri,2018,Clippers,Suns,away,121-111,2&1,-5.0,232.0,10,5.0,0.0,2.5,-2.5,W,W,P,""0"
"Jan"",""06,"",2019,recap,Sun,2018,Clippers,Magic,home,106-96,1&1,-7.0,220.5,10,3.0,-18.5,-7.8,-10.8,W,W,U,""0"
"Jan"",""08,"",2019,recap,Tue,2018,Clippers,Hornets,home,128-109,1&1,-6.5,230.5,19,12.5,6.5,9.5,-3.0,W,W,O,""0"
"Jan"",""10,"",2019,recap,Thu,2018,Clippers,Nuggets,away,100-121,1&1,5.5,226.5,-21,-15.5,-5.5,-10.5,5.0,L,L,U,""0"
"Jan"",""12,"",2019,recap,Sat,2018,Clippers,Pistons,home,104-109,1&1,-6.5,219.0,-5,-11.5,-6.0,-8.8,2.8,L,L,U,""0"
"Jan"",""14,"",2019,recap,Mon,2018,Clippers,Pelicans,home,117-121,1&1,0.0,238.5,-4,-4.0,-0.5,-2.2,1.8,L,L,U,""0"
"Jan"",""16,"",2019,recap,Wed,2018,Clippers,Jazz,home,109-129,1&1,-1.0,224.5,-20,-21.0,13.5,-3.8,17.2,L,L,O,""0"
"Jan"",""18,"",2019,recap,Fri,2018,Clippers,Warriors,home,94-112,1&1,7.0,241.5,-18,-11.0,-35.5,-23.2,-12.2,L,L,U,""0"
"Jan"",""20,"",2019,recap,Sun,2018,Clippers,Spurs,away,103-95,1&1,8.0,221.5,8,16.0,-23.5,-3.8,-19.8,W,W,U,""0"
"Jan"",""22,"",2019,recap,Tue,2018,Clippers,Mavericks,away,98-106,1&0,4.0,222.0,-8,-4.0,-18.0,-11.0,-7.0,L,L,U,""0"
"Jan"",""23,"",2019,recap,Wed,2018,Clippers,Heat,away,111-99,0&1,5.0,215.5,12,17.0,-5.5,5.8,-11.2,W,W,U,""0"
"Jan"",""25,"",2019,recap,Fri,2018,Clippers,Bulls,away,106-101,1&1,-5.0,220.5,5,0.0,-13.5,-6.8,-6.8,W,P,U,""0"
"Jan"",""27,"",2019,recap,Sun,2018,Clippers,Kings,home,122-108,1&1,-5.0,230.0,14,9.0,0.0,4.5,-4.5,W,W,P,""0"
"Jan"",""28,"",2019,recap,Mon,2018,Clippers,Hawks,home,118-123,0&1,-6.0,233.0,-5,-11.0,8.0,-1.5,9.5,L,L,O,""0"
"Jan"",""31,"",2019,recap,Thu,2018,Clippers,Lakers,home,120-123,2&1,2.0,230.0,-3,-1.0,13.0,6.0,7.0,L,L,O,""1"
"Feb"",""02,"",2019,recap,Sat,2018,Clippers,Pistons,away,111-101,1&1,1.5,215.0,10,11.5,-3.0,4.2,-7.2,W,W,U,""0"
"Feb"",""03,"",2019,recap,Sun,2018,Clippers,Raptors,away,103-121,0&2,11.0,226.0,-18,-7.0,-2.0,-4.5,2.5,L,L,U,0"
"Feb"",""05,"",2019,recap,Tue,2018,Clippers,Hornets,away,117-115,1&2,3.0,226.0,2,5.0,6.0,5.5,0.5,W,W,O,""0"
"Feb"",""07,"",2019,recap,Thu,2018,Clippers,Pacers,away,92-116,1&1,6.5,217.0,-24,-17.5,-9.0,-13.2,4.2,L,L,U,""0"
"Feb"",""09,"",2019,recap,Sat,2018,Clippers,Celtics,away,123-112,1&1,11.5,228.5,11,22.5,6.5,14.5,-8.0,W,W,O,""0"
"Feb"",""11,"",2019,recap,Mon,2018,Clippers,Timberwolves,away,120-130,1&2,4.5,232.0,-10,-5.5,18.0,6.2,11.8,L,L,O,0"
"Feb"",""13,"",2019,recap,Wed,2018,Clippers,Suns,home,134-107,1&2,-9.0,232.0,27,18.0,9.0,13.5,-4.5,W,W,O,""0"
"Feb"",""22,"",2019,recap,Fri,2018,Clippers,Grizzlies,away,112-106,8&8,-3.0,216.5,6,3.0,1.5,2.2,-0.8,W,W,O,""0"
"Feb"",""24,"",2019,recap,Sun,2018,Clippers,Nuggets,away,96-123,1&1,10.0,228.5,-27,-17.0,-9.5,-13.2,3.8,L,L,U,""0"
"Feb"",""25,"",2019,recap,Mon,2018,Clippers,Mavericks,home,121-112,0&1,-5.5,229.0,9,3.5,4.0,3.8,0.2,W,W,O,""0"
"Feb"",""27,"",2019,recap,Wed,2018,Clippers,Jazz,away,105-111,1&3,9.5,227.0,-6,3.5,-11.0,-3.8,-7.2,L,W,U,""0"
"Mar"",""01,"",2019,recap,Fri,2018,Clippers,Kings,away,116-109,1&1,2.5,237.5,7,9.5,-12.5,-1.5,-11.0,W,W,U,""0"
"Mar"",""03,"",2019,recap,Sun,2018,Clippers,Knicks,home,128-107,1&2,-10.0,230.5,21,11.0,4.5,7.8,-3.2,W,W,O,""0"
"Mar"",""04,"",2019,recap,Mon,2018,Clippers,Lakers,away,113-105,0&1,3.5,234.0,8,11.5,-16.0,-2.2,-13.8,W,W,U,""0"
"Mar"",""08,"",2019,recap,Fri,2018,Clippers,Thunder,home,118-110,3&0,-2.5,236.5,8,5.5,-8.5,-1.5,-7.0,W,W,U,""0"
"Mar"",""11,"",2019,recap,Mon,2018,Clippers,Celtics,home,140-115,2&1,1.5,227.5,25,26.5,27.5,27.0,0.5,W,W,O,""0"
"Mar"",""12,"",2019,recap,Tue,2018,Clippers,Trailblazers,home,104-125,0&2,2.0,233.0,-21,-19.0,-4.0,-11.5,7.5,L,L,U,""0"
"Mar"",""15,"",2019,recap,Fri,2018,Clippers,Bulls,home,128-121,2&2,-9.0,228.5,7,-2.0,20.5,9.2,11.2,W,L,O,""0"
"Mar"",""17,"",2019,recap,Sun,2018,Clippers,Nets,home,119-116,1&0,-5.5,232.0,3,-2.5,3.0,0.2,2.8,W,L,O,""0"
"Mar"",""19,"",2019,recap,Tue,2018,Clippers,Pacers,home,115-109,1&0,-5.5,219.5,6,0.5,4.5,2.5,2.0,W,W,O,""0"
"Mar"",""22,"",2019,recap,Fri,2018,Clippers,Cavaliers,away,110-108,2&1,-6.5,226.5,2,-4.5,-8.5,-6.5,-2.0,W,L,U,""0"
"Mar"",""24,"",2019,recap,Sun,2018,Clippers,Knicks,away,124-113,1&1,-10.0,223.0,11,1.0,14.0,7.5,6.5,W,W,O,""0"
"Mar"",""26,"",2019,recap,Tue,2018,Clippers,Timberwolves,away,122-111,1&2,-3.0,230.5,11,8.0,2.5,5.2,-2.8,W,W,O,0"
"Mar"",""28,"",2019,recap,Thu,2018,Clippers,Bucks,away,118-128,1&1,10.0,232.5,-10,0.0,13.5,6.8,6.8,L,P,O,""0"
"Mar"",""30,"",2019,recap,Sat,2018,Clippers,Cavaliers,home,132-108,1&1,-10.0,228.5,24,14.0,11.5,12.8,-1.2,W,W,O,""0"
"Mar"",""31,"",2019,recap,Sun,2018,Clippers,Grizzlies,home,113-96,0&0,-9.0,221.0,17,8.0,-12.0,-2.0,-10.0,W,W,U,""0"
"Apr"",""03,"",2019,recap,Wed,2018,Clippers,Rockets,home,103-135,2&0,1.5,229.0,-32,-30.5,9.0,-10.8,19.8,L,L,O,""0"
"Apr"",""05,"",2019,recap,Fri,2018,Clippers,Lakers,home,117-122,1&0,-10.0,230.5,-5,-15.0,8.5,-3.2,11.8,L,L,O,""0"
"Apr"",""07,"",2019,recap,Sun,2018,Clippers,Warriors,away,104-131,1&1,11.5,235.5,-27,-15.5,-0.5,-8.0,7.5,L,L,U,0"
"Apr"",""10,"",2019,recap,Wed,2018,Clippers,Jazz,home,143-137,2&0,-6.5,225.0,6,-0.5,55.0,27.2,27.8,W,L,O,""1"
"Oct"",""22,"",2019,recap,Tue,2019,Clippers,Lakers,home,112-102,&,1.5,224.0,10,11.5,-10.0,0.8,-10.8,W,W,U,""0"
"Oct"",""24,"",2019,recap,Thu,2019,Clippers,Warriors,away,141-122,1&,-2.0,227.5,19,17.0,35.5,26.2,9.2,W,W,O,0"
"Oct"",""26,"",2019,recap,Sat,2019,Clippers,Suns,away,122-130,1&0,-10.0,226.0,-8,-18.0,26.0,4.0,22.0,L,L,O,0"
"Oct"",""28,"",2019,recap,Mon,2019,Clippers,Hornets,home,111-96,1&0,-15.5,225.5,15,-0.5,-18.5,-9.5,-9.0,W,L,U,""0"
"Oct"",""30,"",2019,recap,Wed,2019,Clippers,Jazz,away,96-110,1&1,6.0,215.0,-14,-8.0,-9.0,-8.5,-0.5,L,L,U,""0"
"Oct"",""31,"",2019,recap,Thu,2019,Clippers,Spurs,home,103-97,0&2,-5.0,226.0,6,1.0,-26.0,-12.5,-13.5,W,W,U,""0"
"Nov"",""03,"",2019,recap,Sun,2019,Clippers,Jazz,home,105-94,2&1,-4.5,211.5,11,6.5,-12.5,-3.0,-9.5,W,W,U,""0"
"Nov"",""06,"",2019,recap,Wed,2019,Clippers,Bucks,home,124-129,2&1,5.5,228.0,-5,0.5,25.0,12.8,12.2,L,W,O,""0"
"Nov"",""07,"",2019,recap,Thu,2019,Clippers,Trailblazers,home,107-101,0&2,-5.5,231.0,6,0.5,-23.0,-11.2,-11.8,W,W,U,""0"
"Nov"",""11,"",2019,recap,Mon,2019,Clippers,Raptors,home,98-88,3&0,-10.5,222.0,10,-0.5,-36.0,-18.2,-17.8,W,L,U,""0"
"Nov"",""13,"",2019,recap,Wed,2019,Clippers,Rockets,away,93-102,1&1,3.0,231.5,-9,-6.0,-36.5,-21.2,-15.2,L,L,U,""0"
"Nov"",""14,"",2019,recap,Thu,2019,Clippers,Pelicans,away,127-132,0&2,-3.5,235.0,-5,-8.5,24.0,7.8,16.2,L,L,O,""0"
"Nov"",""16,"",2019,recap,Sat,2019,Clippers,Hawks,home,150-101,1&1,-12.0,227.5,49,37.0,23.5,30.2,-6.8,W,W,O,""0"
"Nov"",""18,"",2019,recap,Mon,2019,Clippers,Thunder,home,90-88,1&2,-9.5,221.0,2,-7.5,-43.0,-25.2,-17.8,W,L,U,""0"
"Nov"",""20,"",2019,recap,Wed,2019,Clippers,Celtics,home,107-104,1&1,-6.0,216.5,3,-3.0,-5.5,-4.2,-1.2,W,L,U,""1"
"Nov"",""22,"",2019,recap,Fri,2019,Clippers,Rockets,home,122-119,1&1,-4.5,228.0,3,-1.5,13.0,5.8,7.2,W,L,O,""0"
"Nov"",""24,"",2019,recap,Sun,2019,Clippers,Pelicans,home,134-109,1&0,-13.0,233.5,25,12.0,9.5,10.8,-1.2,W,W,O,""0"
"Nov"",""26,"",2019,recap,Tue,2019,Clippers,Mavericks,away,114-99,1&1,-2.5,227.0,15,12.5,-14.0,-0.8,-13.2,W,W,U,""0"
"Nov"",""27,"",2019,recap,Wed,2019,Clippers,Grizzlies,away,121-119,0&1,-6.5,226.5,2,-4.5,13.5,4.5,9.0,W,L,O,""0"
"Nov"",""29,"",2019,recap,Fri,2019,Clippers,Spurs,away,97-107,1&1,-5.5,225.5,-10,-15.5,-21.5,-18.5,-3.0,L,L,U,""0"
"Dec"",""01,"",2019,recap,Sun,2019,Clippers,Wizards,home,150-125,1&1,-12.5,238.0,25,12.5,37.0,24.8,12.2,W,W,O,""0"
"Dec"",""03,"",2019,recap,Tue,2019,Clippers,Trailblazers,home,117-97,1&3,-9.0,229.0,20,11.0,-15.0,-2.0,-13.0,W,W,U,""0"
