"Jan"",""02,"",2015,recap,Fri,2014,Knicks,Pistons,home,81-97,1&2,4.0,196.5,-16,-12.0,-18.5,-15.2,-3.2,L,L,U,""0"
"Jan"",""04,"",2015,recap,Sun,2014,Knicks,Bucks,home,82-95,1&1,7.0,192.5,-13,-6.0,-15.5,-10.8,-4.8,L,L,U,""0"
"Jan"",""05,"",2015,recap,Mon,2014,Knicks,Grizzlies,away,83-105,0&1,14.5,188.5,-22,-7.5,-0.5,-4.0,3.5,L,L,U,""0"
"Jan"",""07,"",2015,recap,Wed,2014,Knicks,Wizards,away,91-101,1&1,14.5,188.5,-10,4.5,3.5,4.0,-0.5,L,W,O,0"
"Jan"",""08,"",2015,recap,Thu,2014,Knicks,Rockets,home,96-120,0&0,12.0,193.5,-24,-12.0,22.5,5.2,17.2,L,L,O,""0"
"Jan"",""10,"",2015,recap,Sat,2014,Knicks,Hornets,home,82-110,1&1,8.0,189.0,-28,-20.0,3.0,-8.5,11.5,L,L,O,""0"
"Jan"",""15,"",2015,recap,Thu,2014,Knicks,Bucks,away,79-95,4&4,7.5,198.0,-16,-8.5,-24.0,-16.2,-7.8,L,L,U,""0"
"Jan"",""19,"",2015,recap,Mon,2014,Knicks,Pelicans,home,99-92,3&0,5.0,191.0,7,12.0,0.0,6.0,-6.0,W,W,P,""0"
"Jan"",""21,"",2015,recap,Wed,2014,Knicks,Seventysixers,away,98-91,1&1,-2.0,189.5,7,5.0,-0.5,2.2,-2.8,W,W,U,""0"
"Jan"",""23,"",2015,recap,Fri,2014,Knicks,Magic,home,113-106,1&1,2.0,206.5,7,9.0,12.5,10.8,1.8,W,W,O,""0"
"Jan"",""28,"",2015,recap,Wed,2014,Knicks,Thunder,home,100-92,3&1,8.5,195.0,8,16.5,-3.0,6.8,-9.8,W,W,U,""0"
"Jan"",""29,"",2015,recap,Thu,2014,Knicks,Pacers,away,82-103,0&1,8.0,185.0,-21,-13.0,0.0,-6.5,6.5,L,L,P,0"
"Feb"",""01,"",2015,recap,Sun,2014,Knicks,Lakers,home,94-80,2&2,-3.0,190.5,14,11.0,-16.5,-2.8,-13.8,W,W,U,""0"
"Feb"",""03,"",2015,recap,Tue,2014,Knicks,Celtics,home,97-108,1&1,0.0,193.0,-11,-11.0,12.0,0.5,11.5,L,L,O,""0"
"Feb"",""06,"",2015,recap,Fri,2014,Knicks,Nets,away,88-92,2&1,6.5,195.5,-4,2.5,-15.5,-6.5,-9.0,L,W,U,""0"
"Feb"",""07,"",2015,recap,Sat,2014,Knicks,Warriors,home,92-106,0&0,14.0,204.0,-14,0.0,-6.0,-3.0,-3.0,L,P,U,""0"
"Feb"",""09,"",2015,recap,Mon,2014,Knicks,Heat,away,95-109,1&2,5.0,183.0,-14,-9.0,21.0,6.0,15.0,L,L,O,""0"
"Feb"",""11,"",2015,recap,Wed,2014,Knicks,Magic,away,83-89,1&1,5.5,187.5,-6,-0.5,-15.5,-8.0,-7.5,L,L,U,""0"
"Feb"",""20,"",2015,recap,Fri,2014,Knicks,Heat,home,87-111,8&8,7.0,181.5,-24,-17.0,16.5,-0.2,16.8,L,L,O,""0"
"Feb"",""22,"",2015,recap,Sun,2014,Knicks,Cavaliers,home,83-101,1&1,16.5,197.0,-18,-1.5,-13.0,-7.2,-5.8,L,L,U,""0"
"Feb"",""25,"",2015,recap,Wed,2014,Knicks,Celtics,away,94-115,2&1,11.5,198.0,-21,-9.5,11.0,0.8,10.2,L,L,O,""0"
"Feb"",""27,"",2015,recap,Fri,2014,Knicks,Pistons,away,121-115,1&2,13.0,194.5,6,19.0,41.5,30.2,11.2,W,W,O,""2"
"Feb"",""28,"",2015,recap,Sat,2014,Knicks,Raptors,home,103-98,0&0,11.5,195.0,5,16.5,6.0,11.2,-5.2,W,W,O,""0"
"Mar"",""03,"",2015,recap,Tue,2014,Knicks,Kings,home,86-124,2&1,4.0,202.0,-38,-34.0,8.0,-13.0,21.0,L,L,O,""0"
"Mar"",""04,"",2015,recap,Wed,2014,Knicks,Pacers,away,82-105,0&2,13.5,189.0,-23,-9.5,-2.0,-5.8,3.8,L,L,U,""0"
"Mar"",""07,"",2015,recap,Sat,2014,Knicks,Pacers,home,86-92,2&0,8.5,188.5,-6,2.5,-10.5,-4.0,-6.5,L,W,U,""0"
"Mar"",""09,"",2015,recap,Mon,2014,Knicks,Nuggets,away,78-106,1&1,10.0,204.5,-28,-18.0,-20.5,-19.2,-1.2,L,L,U,""0"
"Mar"",""10,"",2015,recap,Tue,2014,Knicks,Jazz,away,82-87,0&1,13.5,179.5,-5,8.5,-10.5,-1.0,-9.5,L,W,U,""0"
"Mar"",""12,"",2015,recap,Thu,2014,Knicks,Lakers,away,101-94,1&1,6.5,191.0,7,13.5,4.0,8.8,-4.8,W,W,O,""0"
"Mar"",""14,"",2015,recap,Sat,2014,Knicks,Warriors,away,94-125,1&0,19.5,201.5,-31,-11.5,17.5,3.0,14.5,L,L,O,""0"
"Mar"",""15,"",2015,recap,Sun,2014,Knicks,Suns,away,89-102,0&1,11.5,195.5,-13,-1.5,-4.5,-3.0,-1.5,L,L,U,""0"
"Mar"",""17,"",2015,recap,Tue,2014,Knicks,Spurs,home,104-100,1&1,13.0,196.0,4,17.0,8.0,12.5,-4.5,W,W,O,""1"
"Mar"",""19,"",2015,recap,Thu,2014,Knicks,Timberwolves,home,92-95,1&0,0.0,196.0,-3,-3.0,-9.0,-6.0,-3.0,L,L,U,""1"
"Mar"",""20,"",2015,recap,Fri,2014,Knicks,Seventysixers,away,81-97,0&1,6.0,188.5,-16,-10.0,-10.5,-10.2,-0.2,L,L,U,""0"
"Mar"",""22,"",2015,recap,Sun,2014,Knicks,Raptors,away,89-106,1&1,12.5,196.0,-17,-4.5,-1.0,-2.8,1.8,L,L,U,""0"
"Mar"",""23,"",2015,recap,Mon,2014,Knicks,Grizzlies,home,82-103,0&1,14.0,184.5,-21,-7.0,0.5,-3.2,3.8,L,L,O,""0"
"Mar"",""25,"",2015,recap,Wed,2014,Knicks,Clippers,home,80-111,1&2,15.0,197.0,-31,-16.0,-6.0,-11.0,5.0,L,L,U,""0"
"Mar"",""27,"",2015,recap,Fri,2014,Knicks,Celtics,home,92-96,1&1,9.5,194.0,-4,5.5,-6.0,-0.2,-5.8,L,W,U,""0"
"Mar"",""28,"",2015,recap,Sat,2014,Knicks,Bulls,away,80-111,0&2,17.5,190.5,-31,-13.5,0.5,-6.5,7.0,L,L,O,""0"
"Apr"",""01,"",2015,recap,Wed,2014,Knicks,Nets,home,98-100,3&0,9.5,194.5,-2,7.5,3.5,5.5,-2.0,L,W,O,""0"
"Apr"",""03,"",2015,recap,Fri,2014,Knicks,Wizards,away,87-101,1&1,14.5,190.0,-14,0.5,-2.0,-0.8,-1.2,L,W,U,0"
"Apr"",""05,"",2015,recap,Sun,2014,Knicks,Seventysixers,home,101-91,1&0,0.0,187.5,10,10.0,4.5,7.2,-2.8,W,W,O,""0"
"Apr"",""08,"",2015,recap,Wed,2014,Knicks,Pacers,home,86-102,2&2,12.0,191.0,-16,-4.0,-3.0,-3.5,0.5,L,L,U,""0"
"Apr"",""10,"",2015,recap,Fri,2014,Knicks,Bucks,home,91-99,1&1,9.5,190.0,-8,1.5,0.0,0.8,-0.8,L,W,P,""0"
"Apr"",""11,"",2015,recap,Sat,2014,Knicks,Magic,away,80-79,0&0,10.0,195.0,1,11.0,-36.0,-12.5,-23.5,W,W,U,""0"
"Apr"",""13,"",2015,recap,Mon,2014,Knicks,Hawks,away,112-108,1&0,14.0,198.0,4,18.0,22.0,20.0,2.0,W,W,O,""0"
"Apr"",""15,"",2015,recap,Wed,2014,Knicks,Pistons,home,90-112,1&1,8.5,196.0,-22,-13.5,6.0,-3.8,9.8,L,L,O,""0"
"Oct"",""28,"",2015,recap,Wed,2015,Knicks,Bucks,away,122-97,&,5.0,194.5,25,30.0,24.5,27.2,-2.8,W,W,O,""0"
"Oct"",""29,"",2015,recap,Thu,2015,Knicks,Hawks,home,101-112,0&1,4.5,199.0,-11,-6.5,14.0,3.8,10.2,L,L,O,""0"
"Oct"",""31,"",2015,recap,Sat,2015,Knicks,Wizards,away,117-110,1&0,7.0,205.0,7,14.0,22.0,18.0,4.0,W,W,O,0"
"Nov"",""02,"",2015,recap,Mon,2015,Knicks,Spurs,home,84-94,1&0,7.5,202.5,-10,-2.5,-24.5,-13.5,-11.0,L,L,U,""0"
"Nov"",""04,"",2015,recap,Wed,2015,Knicks,Cavaliers,away,86-96,1&1,10.0,204.0,-10,0.0,-22.0,-11.0,-11.0,L,P,U,""0"
"Nov"",""06,"",2015,recap,Fri,2015,Knicks,Bucks,home,92-99,1&1,-1.5,196.5,-7,-8.5,-5.5,-7.0,1.5,L,L,U,""0"
"Nov"",""08,"",2015,recap,Sun,2015,Knicks,Lakers,home,99-95,1&1,-5.0,209.5,4,-1.0,-15.5,-8.2,-7.2,W,L,U,""0"
"Nov"",""10,"",2015,recap,Tue,2015,Knicks,Raptors,away,111-109,1&1,7.5,196.5,2,9.5,23.5,16.5,7.0,W,W,O,""0"
"Nov"",""11,"",2015,recap,Wed,2015,Knicks,Hornets,away,93-95,0&0,6.0,198.5,-2,4.0,-10.5,-3.2,-7.2,L,W,U,""0"
"Nov"",""13,"",2015,recap,Fri,2015,Knicks,Cavaliers,home,84-90,1&2,6.5,200.5,-6,0.5,-26.5,-13.0,-13.5,L,W,U,""0"
"Nov"",""15,"",2015,recap,Sun,2015,Knicks,Pelicans,home,95-87,1&1,-2.5,203.0,8,5.5,-21.0,-7.8,-13.2,W,W,U,""0"
"Nov"",""17,"",2015,recap,Tue,2015,Knicks,Hornets,home,102-94,1&1,0.0,196.5,8,8.0,-0.5,3.8,-4.2,W,W,U,""0"
"Nov"",""20,"",2015,recap,Fri,2015,Knicks,Thunder,away,93-90,2&1,6.5,206.5,3,9.5,-23.5,-7.0,-16.5,W,W,U,""0"
"Nov"",""21,"",2015,recap,Sat,2015,Knicks,Rockets,away,107-102,0&0,4.0,203.5,5,9.0,5.5,7.2,-1.8,W,W,O,""0"
"Nov"",""23,"",2015,recap,Mon,2015,Knicks,Heat,away,78-95,1&1,5.0,190.0,-17,-12.0,-17.0,-14.5,-2.5,L,L,U,""0"
"Nov"",""25,"",2015,recap,Wed,2015,Knicks,Magic,away,91-100,1&1,1.5,195.0,-9,-7.5,-4.0,-5.8,1.8,L,L,U,""0"
"Nov"",""27,"",2015,recap,Fri,2015,Knicks,Heat,home,78-97,1&1,1.5,186.5,-19,-17.5,-11.5,-14.5,3.0,L,L,U,""0"
"Nov"",""29,"",2015,recap,Sun,2015,Knicks,Rockets,home,111-116,1&1,3.0,200.0,-5,-2.0,27.0,12.5,14.5,L,L,O,""1"
"Dec"",""02,"",2015,recap,Wed,2015,Knicks,Seventysixers,home,99-87,2&0,-9.0,191.0,12,3.0,-5.0,-1.0,-4.0,W,W,U,""0"
"Dec"",""04,"",2015,recap,Fri,2015,Knicks,Nets,home,108-91,1&2,-3.5,192.5,17,13.5,6.5,10.0,-3.5,W,W,O,""0"
"Dec"",""05,"",2015,recap,Sat,2015,Knicks,Bucks,away,91-106,0&0,-2.0,191.0,-15,-17.0,6.0,-5.5,11.5,L,L,O,""0"
"Dec"",""07,"",2015,recap,Mon,2015,Knicks,Mavericks,home,97-104,1&0,1.0,198.5,-7,-6.0,2.5,-1.8,4.2,L,L,O,""0"
"Dec"",""09,"",2015,recap,Wed,2015,Knicks,Jazz,away,85-106,1&0,3.5,191.5,-21,-17.5,-0.5,-9.0,8.5,L,L,U,""0"
"Dec"",""10,"",2015,recap,Thu,2015,Knicks,Kings,away,97-99,0&1,6.0,209.0,-2,4.0,-13.0,-4.5,-8.5,L,W,U,""0"
"Dec"",""12,"",2015,recap,Sat,2015,Knicks,Trailblazers,away,112-110,1&0,3.0,199.0,2,5.0,23.0,14.0,9.0,W,W,O,0"
"Dec"",""16,"",2015,recap,Wed,2015,Knicks,Timberwolves,home,107-102,3&0,-4.5,200.0,5,0.5,9.0,4.8,4.2,W,W,O,""0"
"Dec"",""18,"",2015,recap,Fri,2015,Knicks,Seventysixers,away,107-97,1&1,-6.5,195.0,10,3.5,9.0,6.2,2.8,W,W,O,""0"
"Dec"",""19,"",2015,recap,Sat,2015,Knicks,Bulls,home,107-91,0&0,0.0,195.0,16,16.0,3.0,9.5,-6.5,W,W,O,""0"
"Dec"",""21,"",2015,recap,Mon,2015,Knicks,Magic,home,99-107,1&0,-2.0,197.0,-8,-10.0,9.0,-0.5,9.5,L,L,O,""0"
"Dec"",""23,"",2015,recap,Wed,2015,Knicks,Cavaliers,away,84-91,1&2,12.0,195.0,-7,5.0,-20.0,-7.5,-12.5,L,W,U,""0"
"Dec"",""26,"",2015,recap,Sat,2015,Knicks,Hawks,away,98-117,2&2,7.5,202.5,-19,-11.5,12.5,0.5,12.0,L,L,O,""0"
"Dec"",""27,"",2015,recap,Sun,2015,Knicks,Celtics,away,91-100,0&0,8.0,202.0,-9,-1.0,-11.0,-6.0,-5.0,L,L,U,""0"
"Dec"",""29,"",2015,recap,Tue,2015,Knicks,Pistons,home,108-96,1&2,1.5,199.5,12,13.5,4.5,9.0,-4.5,W,W,O,""0"
"Jan"",""01,"",2016,recap,Fri,2015,Knicks,Bulls,away,81-108,2&1,7.0,197.5,-27,-20.0,-8.5,-14.2,5.8,L,L,U,""0"
"Jan"",""03,"",2016,recap,Sun,2015,Knicks,Hawks,home,111-97,1&4,4.5,202.5,14,18.5,5.5,12.0,-6.5,W,W,O,""0"
"Jan"",""05,"",2016,recap,Tue,2015,Knicks,Hawks,away,107-101,1&1,7.5,203.5,6,13.5,4.5,9.0,-4.5,W,W,O,""0"
"Jan"",""06,"",2016,recap,Wed,2015,Knicks,Heat,away,98-90,0&1,7.5,193.0,8,15.5,-5.0,5.2,-10.2,W,W,U,""0"
"Jan"",""08,"",2016,recap,Fri,2015,Knicks,Spurs,away,99-100,1&1,14.0,196.5,-1,13.0,2.5,7.8,-5.2,L,W,O,""0"
"Jan"",""10,"",2016,recap,Sun,2015,Knicks,Bucks,home,100-88,1&1,-5.5,197.5,12,6.5,-9.5,-1.5,-8.0,W,W,U,""0"
"Jan"",""12,"",2016,recap,Tue,2015,Knicks,Celtics,home,120-114,1&1,0.0,200.5,6,6.0,33.5,19.8,13.8,W,W,O,""0"
"Jan"",""13,"",2016,recap,Wed,2015,Knicks,Nets,away,104-110,0&1,-3.5,192.0,-6,-9.5,22.0,6.2,15.8,L,L,O,""0"
"Jan"",""16,"",2016,recap,Sat,2015,Knicks,Grizzlies,away,95-103,2&1,5.0,190.0,-8,-3.0,8.0,2.5,5.5,L,L,O,""0"
"Jan"",""18,"",2016,recap,Mon,2015,Knicks,Seventysixers,home,119-113,1&1,-9.5,202.0,6,-3.5,30.0,13.2,16.8,W,L,O,""2"
"Jan"",""20,"",2016,recap,Wed,2015,Knicks,Jazz,home,118-111,1&1,-3.0,188.0,7,4.0,41.0,22.5,18.5,W,W,O,""1"
"Jan"",""22,"",2016,recap,Fri,2015,Knicks,Clippers,home,88-116,1&0,2.0,205.0,-28,-26.0,-1.0,-13.5,12.5,L,L,U,""0"
"Jan"",""23,"",2016,recap,Sat,2015,Knicks,Hornets,away,84-97,0&0,-0.0,198.5,-13,-13.0,-17.5,-15.2,-2.2,L,L,U,""0"
"Jan"",""26,"",2016,recap,Tue,2015,Knicks,Thunder,home,122-128,2&1,8.0,210.5,-6,2.0,39.5,20.8,18.8,L,W,O,""1"
"Jan"",""28,"",2016,recap,Thu,2015,Knicks,Raptors,away,93-103,1&1,10.0,199.5,-10,0.0,-3.5,-1.8,-1.8,L,P,U,""0"
"Jan"",""29,"",2016,recap,Fri,2015,Knicks,Suns,home,102-84,0&1,-8.5,203.5,18,9.5,-17.5,-4.0,-13.5,W,W,U,""0"
"Jan"",""31,"",2016,recap,Sun,2015,Knicks,Warriors,home,95-116,1&0,10.5,219.0,-21,-10.5,-8.0,-9.2,1.2,L,L,U,""0"
"Feb"",""02,"",2016,recap,Tue,2015,Knicks,Celtics,home,89-97,1&1,4.0,208.5,-8,-4.0,-22.5,-13.2,-9.2,L,L,U,""0"
"Feb"",""04,"",2016,recap,Thu,2015,Knicks,Pistons,away,105-111,1&0,5.0,203.0,-6,-1.0,13.0,6.0,7.0,L,L,O,""0"
"Feb"",""05,"",2016,recap,Fri,2015,Knicks,Grizzlies,home,85-91,0&3,5.5,194.5,-6,-0.5,-18.5,-9.5,-9.0,L,L,U,""0"
"Feb"",""07,"",2016,recap,Sun,2015,Knicks,Nuggets,home,96-101,1&1,-4.0,202.0,-5,-9.0,-5.0,-7.0,2.0,L,L,U,""0"
"Feb"",""09,"",2016,recap,Tue,2015,Knicks,Wizards,home,108-111,1&2,0.0,208.0,-3,-3.0,11.0,4.0,7.0,L,L,O,""0"
"Feb"",""19,"",2016,recap,Fri,2015,Knicks,Nets,away,98-109,9&8,-4.0,202.0,-11,-15.0,5.0,-5.0,10.0,L,L,O,""0"
"Feb"",""20,"",2016,recap,Sat,2015,Knicks,Timberwolves,away,103-95,0&0,2.0,207.0,8,10.0,-9.0,0.5,-9.5,W,W,U,0"
"Feb"",""22,"",2016,recap,Mon,2015,Knicks,Raptors,home,95-122,1&0,4.0,203.0,-27,-23.0,14.0,-4.5,18.5,L,L,O,""0"
"Feb"",""24,"",2016,recap,Wed,2015,Knicks,Pacers,away,105-108,1&1,7.0,202.0,-3,4.0,11.0,7.5,3.5,L,W,O,""0"
"Feb"",""26,"",2016,recap,Fri,2015,Knicks,Magic,home,108-95,1&0,-2.5,208.0,13,10.5,-5.0,2.8,-7.8,W,W,U,""0"
"Feb"",""28,"",2016,recap,Sun,2015,Knicks,Heat,home,81-98,1&0,1.0,197.5,-17,-16.0,-18.5,-17.2,-1.2,L,L,U,""0"
"Mar"",""01,"",2016,recap,Tue,2015,Knicks,Trailblazers,home,85-104,1&1,5.0,208.0,-19,-14.0,-19.0,-16.5,-2.5,L,L,U,""0"
"Mar"",""04,"",2016,recap,Fri,2015,Knicks,Celtics,away,104-105,2&1,10.0,210.0,-1,9.0,-1.0,4.0,-5.0,L,W,U,""0"
"Mar"",""05,"",2016,recap,Sat,2015,Knicks,Pistons,home,102-89,0&2,7.0,199.5,13,20.0,-8.5,5.8,-14.2,W,W,U,""0"
"Mar"",""08,"",2016,recap,Tue,2015,Knicks,Nuggets,away,94-110,2&1,2.5,205.5,-16,-13.5,-1.5,-7.5,6.0,L,L,U,""0"
"Mar"",""09,"",2016,recap,Wed,2015,Knicks,Suns,away,128-97,0&2,1.5,207.0,31,32.5,18.0,25.2,-7.2,W,W,O,""0"
"Mar"",""11,"",2016,recap,Fri,2015,Knicks,Clippers,away,94-101,1&1,10.0,204.0,-7,3.0,-9.0,-3.0,-6.0,L,W,U,""0"
"Mar"",""13,"",2016,recap,Sun,2015,Knicks,Lakers,away,90-87,1&2,-2.0,207.0,3,1.0,-30.0,-14.5,-15.5,W,W,U,""0"
"Mar"",""16,"",2016,recap,Wed,2015,Knicks,Warriors,away,85-121,2&1,15.0,222.0,-36,-21.0,-16.0,-18.5,2.5,L,L,U,""0"
"Mar"",""19,"",2016,recap,Sat,2015,Knicks,Wizards,away,89-99,2&1,8.0,206.5,-10,-2.0,-18.5,-10.2,-8.2,L,L,U,0"
"Mar"",""20,"",2016,recap,Sun,2015,Knicks,Kings,home,80-88,0&1,4.0,212.5,-8,-4.0,-44.5,-24.2,-20.2,L,L,U,""0"
"Mar"",""23,"",2016,recap,Wed,2015,Knicks,Bulls,away,115-107,2&1,8.5,203.5,8,16.5,18.5,17.5,1.0,W,W,O,""0"
"Mar"",""24,"",2016,recap,Thu,2015,Knicks,Bulls,home,106-94,0&0,3.5,203.0,12,15.5,-3.0,6.2,-9.2,W,W,U,""0"
"Mar"",""26,"",2016,recap,Sat,2015,Knicks,Cavaliers,home,93-107,1&1,8.5,202.0,-14,-5.5,-2.0,-3.8,1.8,L,L,U,""0"
"Mar"",""28,"",2016,recap,Mon,2015,Knicks,Pelicans,away,91-99,1&1,-5.0,202.0,-8,-13.0,-12.0,-12.5,0.5,L,L,U,""0"
"Mar"",""30,"",2016,recap,Wed,2015,Knicks,Mavericks,away,89-91,1&1,6.0,199.5,-2,4.0,-19.5,-7.8,-11.8,L,W,U,""0"
"Apr"",""01,"",2016,recap,Fri,2015,Knicks,Nets,home,105-91,1&0,-6.0,202.0,14,8.0,-6.0,1.0,-7.0,W,W,U,""0"
"Apr"",""03,"",2016,recap,Sun,2015,Knicks,Pacers,home,87-92,1&0,5.0,195.5,-5,0.0,-16.5,-8.2,-8.2,L,P,U,""0"
"Apr"",""06,"",2016,recap,Wed,2015,Knicks,Hornets,home,97-111,2&0,5.0,196.5,-14,-9.0,11.5,1.2,10.2,L,L,O,""0"
"Apr"",""08,"",2016,recap,Fri,2015,Knicks,Seventysixers,away,109-102,1&2,-2.5,204.0,7,4.5,7.0,5.8,1.2,W,W,O,0"
"Apr"",""10,"",2016,recap,Sun,2015,Knicks,Raptors,home,89-93,1&1,5.0,195.0,-4,1.0,-13.0,-6.0,-7.0,L,W,U,""0"
"Apr"",""12,"",2016,recap,Tue,2015,Knicks,Pacers,away,90-102,1&1,11.5,197.5,-12,-0.5,-5.5,-3.0,-2.5,L,L,U,""0"
"Oct"",""25,"",2016,recap,Tue,2016,Knicks,Cavaliers,away,88-117,&,10.0,206.0,-29,-19.0,-1.0,-10.0,9.0,L,L,U,""0"
"Oct"",""29,"",2016,recap,Sat,2016,Knicks,Grizzlies,home,111-104,3&2,-2.5,199.0,7,4.5,16.0,10.2,5.8,W,W,O,""0"
"Nov"",""01,"",2016,recap,Tue,2016,Knicks,Pistons,away,89-102,2&1,4.0,201.0,-13,-9.0,-10.0,-9.5,-0.5,L,L,U,""0"
"Nov"",""02,"",2016,recap,Wed,2016,Knicks,Rockets,home,99-118,0&0,0.0,218.0,-19,-19.0,-1.0,-10.0,9.0,L,L,U,""0"
"Nov"",""04,"",2016,recap,Fri,2016,Knicks,Bulls,away,117-104,1&1,7.0,210.5,13,20.0,10.5,15.2,-4.8,W,W,O,""0"
"Nov"",""06,"",2016,recap,Sun,2016,Knicks,Jazz,home,109-114,1&1,3.0,195.0,-5,-2.0,28.0,13.0,15.0,L,L,O,""0"
"Nov"",""09,"",2016,recap,Wed,2016,Knicks,Nets,home,110-96,2&0,-8.5,214.0,14,5.5,-8.0,-1.2,-6.8,W,W,U,""0"
"Nov"",""11,"",2016,recap,Fri,2016,Knicks,Celtics,away,87-115,1&1,6.0,215.0,-28,-22.0,-13.0,-17.5,4.5,L,L,U,""0"
"Nov"",""12,"",2016,recap,Sat,2016,Knicks,Raptors,away,107-118,0&0,8.0,210.0,-11,-3.0,15.0,6.0,9.0,L,L,O,""0"
"Nov"",""14,"",2016,recap,Mon,2016,Knicks,Mavericks,home,93-77,1&4,-4.0,202.0,16,12.0,-32.0,-10.0,-22.0,W,W,U,""0"
"Nov"",""16,"",2016,recap,Wed,2016,Knicks,Pistons,home,105-102,1&1,-2.0,201.5,3,1.0,5.5,3.2,2.2,W,W,O,""0"
"Nov"",""17,"",2016,recap,Thu,2016,Knicks,Wizards,away,112-119,0&0,5.0,209.0,-7,-2.0,22.0,10.0,12.0,L,L,O,0"
"Nov"",""20,"",2016,recap,Sun,2016,Knicks,Hawks,home,104-94,2&1,3.0,209.0,10,13.0,-11.0,1.0,-12.0,W,W,U,""0"
"Nov"",""22,"",2016,recap,Tue,2016,Knicks,Trailblazers,home,107-103,1&1,-2.0,215.5,4,2.0,-5.5,-1.8,-3.8,W,W,U,""0"
"Nov"",""25,"",2016,recap,Fri,2016,Knicks,Hornets,home,113-111,2&1,1.5,210.5,2,3.5,13.5,8.5,5.0,W,W,O,""1"
"Nov"",""26,"",2016,recap,Sat,2016,Knicks,Hornets,away,102-107,0&0,5.5,208.0,-5,0.5,1.0,0.8,0.2,L,W,O,""0"
"Nov"",""28,"",2016,recap,Mon,2016,Knicks,Thunder,home,103-112,1&1,1.0,214.5,-9,-8.0,0.5,-3.8,4.2,L,L,O,""0"
"Nov"",""30,"",2016,recap,Wed,2016,Knicks,Timberwolves,away,106-104,1&1,3.5,211.5,2,5.5,-1.5,2.0,-3.5,W,W,U,""0"
"Dec"",""02,"",2016,recap,Fri,2016,Knicks,Timberwolves,home,118-114,1&1,1.0,211.0,4,5.0,21.0,13.0,8.0,W,W,O,""0"
"Dec"",""04,"",2016,recap,Sun,2016,Knicks,Kings,home,106-98,1&1,-2.5,208.5,8,5.5,-4.5,0.5,-5.0,W,W,U,""0"
"Dec"",""06,"",2016,recap,Tue,2016,Knicks,Heat,away,114-103,1&2,1.5,205.5,11,12.5,11.5,12.0,-0.5,W,W,O,""0"
"Dec"",""07,"",2016,recap,Wed,2016,Knicks,Cavaliers,home,94-126,0&1,8.5,216.5,-32,-23.5,3.5,-10.0,13.5,L,L,O,""0"
"Dec"",""09,"",2016,recap,Fri,2016,Knicks,Kings,away,103-100,1&1,4.0,210.5,3,7.0,-7.5,-0.2,-7.2,W,W,U,""0"
"Dec"",""11,"",2016,recap,Sun,2016,Knicks,Lakers,away,118-112,1&1,-2.0,217.0,6,4.0,13.0,8.5,4.5,W,W,O,""0"
"Dec"",""13,"",2016,recap,Tue,2016,Knicks,Suns,away,111-113,1&1,-2.0,219.0,-2,-4.0,5.0,0.5,4.5,L,L,O,""1"
"Dec"",""15,"",2016,recap,Thu,2016,Knicks,Warriors,away,90-103,1&1,16.0,222.5,-13,3.0,-29.5,-13.2,-16.2,L,W,U,0"
"Dec"",""17,"",2016,recap,Sat,2016,Knicks,Nuggets,away,114-127,1&1,4.0,215.5,-13,-9.0,25.5,8.2,17.2,L,L,O,""0"
"Dec"",""20,"",2016,recap,Tue,2016,Knicks,Pacers,home,118-111,2&0,-5.5,211.0,7,1.5,18.0,9.8,8.2,W,W,O,""0"
"Dec"",""22,"",2016,recap,Thu,2016,Knicks,Magic,home,106-95,1&1,-5.0,211.0,11,6.0,-10.0,-2.0,-8.0,W,W,U,""0"
"Dec"",""25,"",2016,recap,Sun,2016,Knicks,Celtics,home,114-119,2&1,2.0,212.5,-5,-3.0,20.5,8.8,11.8,L,L,O,""0"
"Dec"",""28,"",2016,recap,Wed,2016,Knicks,Hawks,away,98-102,2&1,4.0,211.0,-4,0.0,-11.0,-5.5,-5.5,L,P,U,""1"
"Dec"",""30,"",2016,recap,Fri,2016,Knicks,Pelicans,away,92-104,1&1,3.0,214.5,-12,-9.0,-18.5,-13.8,-4.8,L,L,U,""0"
"Dec"",""31,"",2016,recap,Sat,2016,Knicks,Rockets,away,122-129,0&0,11.0,225.0,-7,4.0,26.0,15.0,11.0,L,W,O,""0"
"Jan"",""02,"",2017,recap,Mon,2016,Knicks,Magic,home,103-115,1&0,-3.5,208.5,-12,-15.5,9.5,-3.0,12.5,L,L,O,""0"
"Jan"",""04,"",2017,recap,Wed,2016,Knicks,Bucks,home,104-105,1&1,2.5,213.0,-1,1.5,-4.0,-1.2,-2.8,L,W,U,""0"
"Jan"",""06,"",2017,recap,Fri,2016,Knicks,Bucks,away,116-111,1&1,5.0,213.5,5,10.0,13.5,11.8,1.8,W,W,O,""0"
"Jan"",""07,"",2017,recap,Sat,2016,Knicks,Pacers,away,109-123,0&1,7.5,216.5,-14,-6.5,15.5,4.5,11.0,L,L,O,""0"
"Jan"",""09,"",2017,recap,Mon,2016,Knicks,Pelicans,home,96-110,1&1,-3.0,214.0,-14,-17.0,-8.0,-12.5,4.5,L,L,U,""0"
"Jan"",""11,"",2017,recap,Wed,2016,Knicks,Seventysixers,away,97-98,1&2,-1.5,209.5,-1,-2.5,-14.5,-8.5,-6.0,L,L,U,""0"
"Jan"",""12,"",2017,recap,Thu,2016,Knicks,Bulls,home,104-89,0&1,-3.5,207.0,15,11.5,-14.0,-1.2,-12.8,W,W,U,""0"
"Jan"",""15,"",2017,recap,Sun,2016,Knicks,Raptors,away,101-116,2&1,10.0,219.0,-15,-5.0,-2.0,-3.5,1.5,L,L,U,0"
"Jan"",""16,"",2017,recap,Mon,2016,Knicks,Hawks,home,107-108,0&0,2.5,210.5,-1,1.5,4.5,3.0,1.5,L,W,O,""0"
"Jan"",""18,"",2017,recap,Wed,2016,Knicks,Celtics,away,117-106,1&1,8.5,220.0,11,19.5,3.0,11.2,-8.2,W,W,O,""0"
"Jan"",""19,"",2017,recap,Thu,2016,Knicks,Wizards,home,110-113,0&0,2.5,220.5,-3,-0.5,2.5,1.0,1.5,L,L,O,""0"
"Jan"",""21,"",2017,recap,Sat,2016,Knicks,Suns,home,105-107,1&1,-5.5,222.5,-2,-7.5,-10.5,-9.0,-1.5,L,L,U,""0"
"Jan"",""23,"",2017,recap,Mon,2016,Knicks,Pacers,away,109-103,1&1,5.5,217.5,6,11.5,-5.5,3.0,-8.5,W,W,U,""0"
"Jan"",""25,"",2017,recap,Wed,2016,Knicks,Mavericks,away,95-103,1&2,3.5,201.0,-8,-4.5,-3.0,-3.8,0.8,L,L,U,""0"
"Jan"",""27,"",2017,recap,Fri,2016,Knicks,Hornets,home,110-107,1&1,1.0,212.0,3,4.0,5.0,4.5,0.5,W,W,O,""0"
"Jan"",""29,"",2017,recap,Sun,2016,Knicks,Hawks,away,139-142,1&1,6.0,211.0,-3,3.0,70.0,36.5,33.5,L,W,O,""4"
"Jan"",""31,"",2017,recap,Tue,2016,Knicks,Wizards,away,101-117,1&1,8.0,217.0,-16,-8.0,1.0,-3.5,4.5,L,L,O,0"
"Feb"",""01,"",2017,recap,Wed,2016,Knicks,Nets,away,95-90,0&1,-2.5,223.5,5,2.5,-38.5,-18.0,-20.5,W,W,U,""0"
"Feb"",""04,"",2017,recap,Sat,2016,Knicks,Cavaliers,home,104-111,2&2,6.5,217.5,-7,-0.5,-2.5,-1.5,-1.0,L,L,U,""0"
"Feb"",""06,"",2017,recap,Mon,2016,Knicks,Lakers,home,107-121,1&2,-4.5,222.5,-14,-18.5,5.5,-6.5,12.0,L,L,O,""0"
"Feb"",""08,"",2017,recap,Wed,2016,Knicks,Clippers,home,115-119,1&1,1.0,221.0,-4,-3.0,13.0,5.0,8.0,L,L,O,""0"
"Feb"",""10,"",2017,recap,Fri,2016,Knicks,Nuggets,home,123-131,1&1,-1.5,229.0,-8,-9.5,25.0,7.8,17.2,L,L,O,""0"
"Feb"",""12,"",2017,recap,Sun,2016,Knicks,Spurs,home,94-90,1&1,8.0,211.0,4,12.0,-27.0,-7.5,-19.5,W,W,U,""0"
"Feb"",""15,"",2017,recap,Wed,2016,Knicks,Thunder,away,105-116,2&1,7.5,218.0,-11,-3.5,3.0,-0.2,3.2,L,L,O,""0"
"Feb"",""23,"",2017,recap,Thu,2016,Knicks,Cavaliers,away,104-119,7&7,10.5,223.0,-15,-4.5,0.0,-2.2,2.2,L,L,P,""0"
"Feb"",""25,"",2017,recap,Sat,2016,Knicks,Seventysixers,home,110-109,1&0,-5.5,219.0,1,-4.5,0.0,-2.2,2.2,W,L,P,""0"
"Feb"",""27,"",2017,recap,Mon,2016,Knicks,Raptors,home,91-92,1&0,3.0,210.5,-1,2.0,-27.5,-12.8,-14.8,L,W,U,""0"
"Mar"",""01,"",2017,recap,Wed,2016,Knicks,Magic,away,101-90,1&3,1.5,215.0,11,12.5,-24.0,-5.8,-18.2,W,W,U,""0"
"Mar"",""03,"",2017,recap,Fri,2016,Knicks,Seventysixers,away,102-105,1&1,-1.5,216.5,-3,-4.5,-9.5,-7.0,-2.5,L,L,U,""0"
"Mar"",""05,"",2017,recap,Sun,2016,Knicks,Warriors,home,105-112,1&2,9.5,220.0,-7,2.5,-3.0,-0.2,-2.8,L,W,U,""0"
"Mar"",""06,"",2017,recap,Mon,2016,Knicks,Magic,away,113-105,0&0,2.0,210.5,8,10.0,7.5,8.8,-1.2,W,W,O,""0"
"Mar"",""08,"",2017,recap,Wed,2016,Knicks,Bucks,away,93-104,1&1,6.5,209.0,-11,-4.5,-12.0,-8.2,-3.8,L,L,U,""0"
"Mar"",""11,"",2017,recap,Sat,2016,Knicks,Pistons,away,92-112,2&1,6.5,211.0,-20,-13.5,-7.0,-10.2,3.2,L,L,U,""0"
"Mar"",""12,"",2017,recap,Sun,2016,Knicks,Nets,away,112-120,0&1,1.0,221.5,-8,-7.0,10.5,1.8,8.8,L,L,O,""0"
"Mar"",""14,"",2017,recap,Tue,2016,Knicks,Pacers,home,87-81,1&1,3.0,209.5,6,9.0,-41.5,-16.2,-25.2,W,W,U,""0"
"Mar"",""16,"",2017,recap,Thu,2016,Knicks,Nets,home,110-121,1&1,-4.0,222.0,-11,-15.0,9.0,-3.0,12.0,L,L,O,""0"
"Mar"",""20,"",2017,recap,Mon,2016,Knicks,Clippers,away,105-114,3&1,11.0,217.0,-9,2.0,2.0,2.0,0.0,L,W,O,""0"
"Mar"",""22,"",2017,recap,Wed,2016,Knicks,Jazz,away,101-108,1&1,10.5,202.5,-7,3.5,6.5,5.0,1.5,L,W,O,""0"
"Mar"",""23,"",2017,recap,Thu,2016,Knicks,Trailblazers,away,95-110,0&1,12.5,213.0,-15,-2.5,-8.0,-5.2,-2.8,L,L,U,0"
"Mar"",""25,"",2017,recap,Sat,2016,Knicks,Spurs,away,98-106,1&1,14.5,204.0,-8,6.5,0.0,3.2,-3.2,L,W,P,""0"
"Mar"",""27,"",2017,recap,Mon,2016,Knicks,Pistons,home,109-95,1&2,1.0,207.5,14,15.0,-3.5,5.8,-9.2,W,W,U,""0"
"Mar"",""29,"",2017,recap,Wed,2016,Knicks,Heat,home,88-105,1&0,3.0,207.5,-17,-14.0,-14.5,-14.2,-0.2,L,L,U,""0"
"Mar"",""31,"",2017,recap,Fri,2016,Knicks,Heat,away,98-94,1&1,9.5,204.0,4,13.5,-12.0,0.8,-12.8,W,W,U,""0"
"Apr"",""02,"",2017,recap,Sun,2016,Knicks,Celtics,home,94-110,1&1,7.5,206.5,-16,-8.5,-2.5,-5.5,3.0,L,L,U,""0"
"Apr"",""04,"",2017,recap,Tue,2016,Knicks,Bulls,home,100-91,1&1,3.5,203.5,9,12.5,-12.5,0.0,-12.5,W,W,U,""0"
"Apr"",""06,"",2017,recap,Thu,2016,Knicks,Wizards,home,103-106,1&1,5.5,217.5,-3,2.5,-8.5,-3.0,-5.5,L,W,U,""0"
"Apr"",""07,"",2017,recap,Fri,2016,Knicks,Grizzlies,away,88-101,0&1,12.5,195.5,-13,-0.5,-6.5,-3.5,-3.0,L,L,U,""0"
"Apr"",""09,"",2017,recap,Sun,2016,Knicks,Raptors,home,97-110,1&1,9.5,201.0,-13,-3.5,6.0,1.2,4.8,L,L,O,""0"
"Apr"",""12,"",2017,recap,Wed,2016,Knicks,Seventysixers,home,114-113,2&1,-1.0,208.0,1,0.0,19.0,9.5,9.5,W,P,O,""0"
"Oct"",""19,"",2017,recap,Thu,2017,Knicks,Thunder,away,84-105,&,12.5,213.5,-21,-8.5,-24.5,-16.5,-8.0,L,L,U,0"
"Oct"",""21,"",2017,recap,Sat,2017,Knicks,Pistons,home,107-111,1&0,2.0,206.0,-4,-2.0,12.0,5.0,7.0,L,L,O,""0"
"Oct"",""24,"",2017,recap,Tue,2017,Knicks,Celtics,away,89-110,2&3,8.5,206.5,-21,-12.5,-7.5,-10.0,2.5,L,L,U,""0"
"Oct"",""27,"",2017,recap,Fri,2017,Knicks,Nets,home,107-86,2&1,-2.0,220.5,21,19.0,-27.5,-4.2,-23.2,W,W,U,""0"
"Oct"",""29,"",2017,recap,Sun,2017,Knicks,Cavaliers,away,114-95,1&0,10.5,208.5,19,29.5,0.5,15.0,-14.5,W,W,O,""0"
"Oct"",""30,"",2017,recap,Mon,2017,Knicks,Nuggets,home,116-110,0&0,4.0,211.0,6,10.0,15.0,12.5,2.5,W,W,O,""0"
"Nov"",""01,"",2017,recap,Wed,2017,Knicks,Rockets,home,97-119,1&1,6.0,215.0,-22,-16.0,1.0,-7.5,8.5,L,L,O,""0"
"Nov"",""03,"",2017,recap,Fri,2017,Knicks,Suns,home,120-107,1&1,-4.5,222.5,13,8.5,4.5,6.5,-2.0,W,W,O,""0"
"Nov"",""05,"",2017,recap,Sun,2017,Knicks,Pacers,home,108-101,1&1,-1.5,215.0,7,5.5,-6.0,-0.2,-5.8,W,W,U,""0"
"Nov"",""07,"",2017,recap,Tue,2017,Knicks,Hornets,home,118-113,1&1,2.0,208.5,5,7.0,22.5,14.8,7.8,W,W,O,""0"
"Nov"",""08,"",2017,recap,Wed,2017,Knicks,Magic,away,99-112,0&2,8.5,214.0,-13,-4.5,-3.0,-3.8,0.8,L,L,U,""0"
"Nov"",""11,"",2017,recap,Sat,2017,Knicks,Kings,home,118-91,2&1,-6.5,203.5,27,20.5,5.5,13.0,-7.5,W,W,O,""0"
"Nov"",""13,"",2017,recap,Mon,2017,Knicks,Cavaliers,home,101-104,1&1,4.0,219.0,-3,1.0,-14.0,-6.5,-7.5,L,W,U,""0"
"Nov"",""15,"",2017,recap,Wed,2017,Knicks,Jazz,home,106-101,1&1,-4.0,204.0,5,1.0,3.0,2.0,1.0,W,W,O,""0"
"Nov"",""17,"",2017,recap,Fri,2017,Knicks,Raptors,away,84-107,1&1,8.0,217.5,-23,-15.0,-26.5,-20.8,-5.8,L,L,U,""0"
"Nov"",""20,"",2017,recap,Mon,2017,Knicks,Clippers,home,107-85,2&1,0.0,208.5,22,22.0,-16.5,2.8,-19.2,W,W,U,""0"
"Nov"",""22,"",2017,recap,Wed,2017,Knicks,Raptors,home,108-100,1&2,4.0,210.5,8,12.0,-2.5,4.8,-7.2,W,W,U,""0"
"Nov"",""24,"",2017,recap,Fri,2017,Knicks,Hawks,away,104-116,1&1,-1.5,207.5,-12,-13.5,12.5,-0.5,13.0,L,L,O,""0"
"Nov"",""25,"",2017,recap,Sat,2017,Knicks,Rockets,away,102-117,0&2,15.5,217.5,-15,0.5,1.5,1.0,0.5,L,W,O,""0"
"Nov"",""27,"",2017,recap,Mon,2017,Knicks,Trailblazers,home,91-103,1&1,1.0,204.0,-12,-11.0,-10.0,-10.5,0.5,L,L,U,""0"
"Nov"",""29,"",2017,recap,Wed,2017,Knicks,Heat,home,115-86,1&0,-1.5,202.5,29,27.5,-1.5,13.0,-14.5,W,W,U,""0"
"Dec"",""03,"",2017,recap,Sun,2017,Knicks,Magic,home,100-105,3&1,2.0,212.0,-5,-3.0,-7.0,-5.0,-2.0,L,L,U,""0"
"Dec"",""04,"",2017,recap,Mon,2017,Knicks,Pacers,away,97-115,0&2,11.0,211.5,-18,-7.0,0.5,-3.2,3.8,L,L,O,""0"
"Dec"",""06,"",2017,recap,Wed,2017,Knicks,Grizzlies,home,99-88,1&1,-3.0,197.0,11,8.0,-10.0,-1.0,-9.0,W,W,U,""0"
"Dec"",""09,"",2017,recap,Sat,2017,Knicks,Bulls,away,102-104,2&0,-3.5,201.0,-2,-5.5,5.0,-0.2,5.2,L,L,O,""0"
"Dec"",""10,"",2017,recap,Sun,2017,Knicks,Hawks,home,111-107,0&0,-5.5,206.5,4,-1.5,11.5,5.0,6.5,W,L,O,""0"
"Dec"",""12,"",2017,recap,Tue,2017,Knicks,Lakers,home,113-109,1&2,-3.5,213.0,4,0.5,9.0,4.8,4.2,W,W,O,""1"
"Dec"",""14,"",2017,recap,Thu,2017,Knicks,Nets,away,111-104,1&1,1.0,213.0,7,8.0,2.0,5.0,-3.0,W,W,O,""0"
"Dec"",""16,"",2017,recap,Sat,2017,Knicks,Thunder,home,111-96,1&0,3.0,202.5,15,18.0,4.5,11.2,-6.8,W,W,O,""0"
"Dec"",""18,"",2017,recap,Mon,2017,Knicks,Hornets,away,91-109,1&1,8.0,203.5,-18,-10.0,-3.5,-6.8,3.2,L,L,U,""0"
"Dec"",""21,"",2017,recap,Thu,2017,Knicks,Celtics,home,102-93,2&0,2.5,202.0,9,11.5,-7.0,2.2,-9.2,W,W,U,""0"
"Dec"",""22,"",2017,recap,Fri,2017,Knicks,Pistons,away,101-104,0&1,6.5,202.0,-3,3.5,3.0,3.2,-0.2,L,W,O,""0"
"Dec"",""25,"",2017,recap,Mon,2017,Knicks,Seventysixers,home,98-105,2&1,1.0,210.0,-7,-6.0,-7.0,-6.5,-0.5,L,L,U,""0"
"Dec"",""27,"",2017,recap,Wed,2017,Knicks,Bulls,away,87-92,1&0,2.0,207.5,-5,-3.0,-28.5,-15.8,-12.8,L,L,U,""0"
"Dec"",""28,"",2017,recap,Thu,2017,Knicks,Spurs,away,107-119,0&1,11.5,200.5,-12,-0.5,25.5,12.5,13.0,L,L,O,""0"
"Dec"",""30,"",2017,recap,Sat,2017,Knicks,Pelicans,away,105-103,1&0,5.5,215.0,2,7.5,-7.0,0.2,-7.2,W,W,U,""0"
"Jan"",""02,"",2018,recap,Tue,2017,Knicks,Spurs,home,91-100,2&2,5.0,199.5,-9,-4.0,-8.5,-6.2,-2.2,L,L,U,""0"
"Jan"",""03,"",2018,recap,Wed,2017,Knicks,Wizards,away,103-121,0&2,9.5,212.5,-18,-8.5,11.5,1.5,10.0,L,L,O,0"
"Jan"",""05,"",2018,recap,Fri,2017,Knicks,Heat,away,103-107,1&1,5.0,202.5,-4,1.0,7.5,4.2,3.2,L,W,O,""1"
"Jan"",""07,"",2018,recap,Sun,2017,Knicks,Mavericks,away,100-96,1&1,5.0,204.0,4,9.0,-8.0,0.5,-8.5,W,W,U,""0"
"Jan"",""10,"",2018,recap,Wed,2017,Knicks,Bulls,home,119-122,2&1,-4.5,208.0,-3,-7.5,33.0,12.8,20.2,L,L,O,""2"
"Jan"",""12,"",2018,recap,Fri,2017,Knicks,Timberwolves,away,108-118,1&1,9.0,209.0,-10,-1.0,17.0,8.0,9.0,L,L,O,""0"
"Jan"",""14,"",2018,recap,Sun,2017,Knicks,Pelicans,home,118-123,1&1,2.5,218.5,-5,-2.5,22.5,10.0,12.5,L,L,O,""1"
"Jan"",""15,"",2018,recap,Mon,2017,Knicks,Nets,away,119-104,0&1,2.0,212.5,15,17.0,10.5,13.8,-3.2,W,W,O,""0"
"Jan"",""17,"",2018,recap,Wed,2017,Knicks,Grizzlies,away,99-105,1&1,0.0,203.5,-6,-6.0,0.5,-2.8,3.2,L,L,O,""0"
"Jan"",""19,"",2018,recap,Fri,2017,Knicks,Jazz,away,117-115,1&1,4.5,204.0,2,6.5,28.0,17.2,10.8,W,W,O,""0"
"Jan"",""21,"",2018,recap,Sun,2017,Knicks,Lakers,away,107-127,1&1,-1.0,215.0,-20,-21.0,19.0,-1.0,20.0,L,L,O,""0"
"Jan"",""23,"",2018,recap,Tue,2017,Knicks,Warriors,away,112-123,1&2,14.0,227.0,-11,3.0,8.0,5.5,2.5,L,W,O,0"
"Jan"",""25,"",2018,recap,Thu,2017,Knicks,Nuggets,away,118-130,1&2,5.5,212.5,-12,-6.5,35.5,14.5,21.0,L,L,O,""0"
"Jan"",""26,"",2018,recap,Fri,2017,Knicks,Suns,away,107-85,0&1,-2.5,217.0,22,19.5,-25.0,-2.8,-22.2,W,W,U,0"
"Jan"",""30,"",2018,recap,Tue,2017,Knicks,Nets,home,111-95,3&2,-5.5,214.5,16,10.5,-8.5,1.0,-9.5,W,W,U,""0"
"Jan"",""31,"",2018,recap,Wed,2017,Knicks,Celtics,away,73-103,0&1,8.5,202.0,-30,-21.5,-26.0,-23.8,-2.2,L,L,U,""0"
"Feb"",""02,"",2018,recap,Fri,2017,Knicks,Bucks,away,90-92,1&0,3.0,206.0,-2,1.0,-24.0,-11.5,-12.5,L,W,U,""0"
"Feb"",""04,"",2018,recap,Sun,2017,Knicks,Hawks,home,96-99,1&1,-5.5,210.5,-3,-8.5,-15.5,-12.0,-3.5,L,L,U,""0"
"Feb"",""06,"",2018,recap,Tue,2017,Knicks,Bucks,home,89-103,1&1,1.0,206.0,-14,-13.0,-14.0,-13.5,-0.5,L,L,U,""0"
"Feb"",""08,"",2018,recap,Thu,2017,Knicks,Raptors,away,88-113,1&1,14.0,210.0,-25,-11.0,-9.0,-10.0,1.0,L,L,U,""0"
"Feb"",""11,"",2018,recap,Sun,2017,Knicks,Pacers,away,113-121,2&1,8.5,210.0,-8,0.5,24.0,12.2,11.8,L,W,O,""0"
"Feb"",""12,"",2018,recap,Mon,2017,Knicks,Seventysixers,away,92-108,0&1,12.0,208.0,-16,-4.0,-8.0,-6.0,-2.0,L,L,U,""0"
"Feb"",""14,"",2018,recap,Wed,2017,Knicks,Wizards,home,113-118,1&3,4.5,210.5,-5,-0.5,20.5,10.0,10.5,L,L,O,""0"
"Feb"",""22,"",2018,recap,Thu,2017,Knicks,Magic,away,120-113,7&7,3.5,216.0,7,10.5,17.0,13.8,3.2,W,W,O,""0"
"Feb"",""24,"",2018,recap,Sat,2017,Knicks,Celtics,home,112-121,1&0,6.0,211.0,-9,-3.0,22.0,9.5,12.5,L,L,O,""0"
"Feb"",""26,"",2018,recap,Mon,2017,Knicks,Warriors,home,111-125,1&1,13.0,230.0,-14,-1.0,6.0,2.5,3.5,L,L,O,""0"
"Mar"",""02,"",2018,recap,Fri,2017,Knicks,Clippers,away,105-128,3&1,9.5,226.5,-23,-13.5,6.5,-3.5,10.0,L,L,O,""0"
"Mar"",""04,"",2018,recap,Sun,2017,Knicks,Kings,away,99-102,1&0,-2.0,214.5,-3,-5.0,-13.5,-9.2,-4.2,L,L,U,""0"
"Mar"",""06,"",2018,recap,Tue,2017,Knicks,Trailblazers,away,87-111,1&0,9.5,215.5,-24,-14.5,-17.5,-16.0,-1.5,L,L,U,""0"
"Mar"",""09,"",2018,recap,Fri,2017,Knicks,Bucks,away,112-120,2&1,9.0,214.0,-8,1.0,18.0,9.5,8.5,L,W,O,""0"
"Mar"",""11,"",2018,recap,Sun,2017,Knicks,Raptors,home,106-132,1&1,10.0,218.0,-26,-16.0,20.0,2.0,18.0,L,L,O,""0"
"Mar"",""13,"",2018,recap,Tue,2017,Knicks,Mavericks,home,97-110,1&1,2.0,213.0,-13,-11.0,-6.0,-8.5,2.5,L,L,U,""0"
"Mar"",""15,"",2018,recap,Thu,2017,Knicks,Seventysixers,home,110-118,1&1,9.5,218.0,-8,1.5,10.0,5.8,4.2,L,W,O,""0"
"Mar"",""17,"",2018,recap,Sat,2017,Knicks,Hornets,home,124-101,1&1,6.0,223.0,23,29.0,2.0,15.5,-13.5,W,W,O,""0"
"Mar"",""19,"",2018,recap,Mon,2017,Knicks,Bulls,home,110-92,1&1,-5.5,217.5,18,12.5,-15.5,-1.5,-14.0,W,W,U,""0"
"Mar"",""21,"",2018,recap,Wed,2017,Knicks,Heat,away,98-119,1&1,11.0,216.5,-21,-10.0,0.5,-4.8,5.2,L,L,O,""0"
"Mar"",""23,"",2018,recap,Fri,2017,Knicks,Timberwolves,home,104-108,1&2,6.5,224.0,-4,2.5,-12.0,-4.8,-7.2,L,W,U,""0"
"Mar"",""25,"",2018,recap,Sun,2017,Knicks,Wizards,away,101-97,1&1,9.5,216.5,4,13.5,-18.5,-2.5,-16.0,W,W,U,0"
"Mar"",""26,"",2018,recap,Mon,2017,Knicks,Hornets,away,128-137,0&1,11.0,222.5,-9,2.0,42.5,22.2,20.2,L,W,O,""1"
"Mar"",""28,"",2018,recap,Wed,2017,Knicks,Seventysixers,away,101-118,1&1,12.5,221.5,-17,-4.5,-2.5,-3.5,1.0,L,L,U,""0"
"Mar"",""31,"",2018,recap,Sat,2017,Knicks,Pistons,home,109-115,2&1,4.0,211.0,-6,-2.0,13.0,5.5,7.5,L,L,O,""0"
"Apr"",""03,"",2018,recap,Tue,2017,Knicks,Magic,home,73-97,2&1,-1.5,207.0,-24,-25.5,-37.0,-31.2,-5.8,L,L,U,""0"
"Apr"",""06,"",2018,recap,Fri,2017,Knicks,Heat,home,122-98,2&1,8.0,209.0,24,32.0,11.0,21.5,-10.5,W,W,O,""0"
"Apr"",""07,"",2018,recap,Sat,2017,Knicks,Bucks,home,102-115,0&1,10.0,217.0,-13,-3.0,0.0,-1.5,1.5,L,L,P,""0"
"Apr"",""09,"",2018,recap,Mon,2017,Knicks,Cavaliers,home,109-123,1&2,12.0,223.0,-14,-2.0,9.0,3.5,5.5,L,L,O,""0"
"Apr"",""11,"",2018,recap,Wed,2017,Knicks,Cavaliers,away,110-98,1&1,8.5,213.5,12,20.5,-5.5,7.5,-13.0,W,W,U,""0"
"Oct"",""17,"",2018,recap,Wed,2018,Knicks,Hawks,home,126-107,&,-4.0,217.0,19,15.0,16.0,15.5,0.5,W,W,O,""0"
"Oct"",""19,"",2018,recap,Fri,2018,Knicks,Nets,away,105-107,1&1,4.0,221.0,-2,2.0,-9.0,-3.5,-5.5,L,W,U,""0"
"Oct"",""20,"",2018,recap,Sat,2018,Knicks,Celtics,home,101-103,0&0,9.0,210.5,-2,7.0,-6.5,0.2,-6.8,L,W,U,""0"
"Oct"",""22,"",2018,recap,Mon,2018,Knicks,Bucks,away,113-124,1&2,11.0,227.5,-11,0.0,9.5,4.8,4.8,L,P,O,""0"
"Oct"",""24,"",2018,recap,Wed,2018,Knicks,Heat,away,87-110,1&3,8.0,218.0,-23,-15.0,-21.0,-18.0,-3.0,L,L,U,""0"
"Oct"",""26,"",2018,recap,Fri,2018,Knicks,Warriors,home,100-128,1&1,12.0,228.0,-28,-16.0,0.0,-8.0,8.0,L,L,P,""0"
"Oct"",""29,"",2018,recap,Mon,2018,Knicks,Nets,home,115-96,2&0,-2.5,215.5,19,16.5,-4.5,6.0,-10.5,W,W,U,""0"
"Oct"",""31,"",2018,recap,Wed,2018,Knicks,Pacers,home,101-107,1&1,6.0,208.0,-6,0.0,0.0,0.0,0.0,L,P,P,""0"
"Nov"",""02,"",2018,recap,Fri,2018,Knicks,Mavericks,away,118-106,1&1,5.5,218.0,12,17.5,6.0,11.8,-5.8,W,W,O,""0"
"Nov"",""04,"",2018,recap,Sun,2018,Knicks,Wizards,away,95-108,1&1,6.5,223.5,-13,-6.5,-20.5,-13.5,-7.0,L,L,U"
"Nov"",""05,"",2018,recap,Mon,2018,Knicks,Bulls,home,115-116,0&1,-2.5,216.0,-1,-3.5,15.0,5.8,9.2,L,L,O,""2"
"Nov"",""07,"",2018,recap,Wed,2018,Knicks,Hawks,away,112-107,1&0,-2.0,225.0,5,3.0,-6.0,-1.5,-4.5,W,W,U,""0"
"Nov"",""10,"",2018,recap,Sat,2018,Knicks,Raptors,away,112-128,2&2,14.0,219.0,-16,-2.0,21.0,9.5,11.5,L,L,O,""0"
"Nov"",""11,"",2018,recap,Sun,2018,Knicks,Magic,home,89-115,0&1,-1.5,207.5,-26,-27.5,-3.5,-15.5,12.0,L,L,U,""0"
"Nov"",""14,"",2018,recap,Wed,2018,Knicks,Thunder,away,103-128,2&1,9.0,216.0,-25,-16.0,15.0,-0.5,15.5,L,L,O,""0"
"Nov"",""16,"",2018,recap,Fri,2018,Knicks,Pelicans,away,124-129,1&1,10.5,227.5,-5,5.5,25.5,15.5,10.0,L,W,O,""0"
"Nov"",""18,"",2018,recap,Sun,2018,Knicks,Magic,away,117-131,1&0,4.5,217.0,-14,-9.5,31.0,10.8,20.2,L,L,O,""0"
"Nov"",""20,"",2018,recap,Tue,2018,Knicks,Trailblazers,home,114-118,1&1,7.0,221.5,-4,3.0,10.5,6.8,3.8,L,W,O,""0"
"Nov"",""21,"",2018,recap,Wed,2018,Knicks,Celtics,away,117-109,0&1,14.0,216.0,8,22.0,10.0,16.0,-6.0,W,W,O,""0"
"Nov"",""23,"",2018,recap,Fri,2018,Knicks,Pelicans,home,114-109,1&1,7.0,236.0,5,12.0,-13.0,-0.5,-12.5,W,W,U,""0"
"Nov"",""25,"",2018,recap,Sun,2018,Knicks,Grizzlies,away,103-98,1&1,8.0,205.0,5,13.0,-4.0,4.5,-8.5,W,W,U,""0"
"Nov"",""27,"",2018,recap,Tue,2018,Knicks,Pistons,away,108-115,1&1,7.5,220.5,-7,0.5,2.5,1.5,1.0,L,W,O,""0"
"Nov"",""28,"",2018,recap,Wed,2018,Knicks,Seventysixers,away,91-117,0&2,12.5,227.5,-26,-13.5,-19.5,-16.5,-3.0,L,L,U,""0"
"Dec"",""01,"",2018,recap,Sat,2018,Knicks,Bucks,home,136-134,2&2,8.0,231.0,2,10.0,39.0,24.5,14.5,W,W,O,""1"
"Dec"",""03,"",2018,recap,Mon,2018,Knicks,Wizards,home,107-110,1&1,2.0,227.5,-3,-1.0,-10.5,-5.8,-4.8,L,L,U,""0"
"Dec"",""06,"",2018,recap,Thu,2018,Knicks,Celtics,away,100-128,2&4,13.5,218.0,-28,-14.5,10.0,-2.2,12.2,L,L,O,""0"
"Dec"",""08,"",2018,recap,Sat,2018,Knicks,Nets,home,104-112,1&0,-2.0,219.0,-8,-10.0,-3.0,-6.5,3.5,L,L,U,""0"
"Dec"",""09,"",2018,recap,Sun,2018,Knicks,Hornets,home,107-119,0&1,6.0,225.5,-12,-6.0,0.5,-2.8,3.2,L,L,O,""0"
"Dec"",""12,"",2018,recap,Wed,2018,Knicks,Cavaliers,away,106-113,2&1,0.0,215.0,-7,-7.0,4.0,-1.5,5.5,L,L,O,""0"
"Dec"",""14,"",2018,recap,Fri,2018,Knicks,Hornets,away,126-124,1&1,10.0,226.0,2,12.0,24.0,18.0,6.0,W,W,O,""1"
"Dec"",""16,"",2018,recap,Sun,2018,Knicks,Pacers,away,99-110,1&1,11.5,214.0,-11,0.5,-5.0,-2.2,-2.8,L,W,U,""0"
"Dec"",""17,"",2018,recap,Mon,2018,Knicks,Suns,home,110-128,0&1,1.0,223.0,-18,-17.0,15.0,-1.0,16.0,L,L,O,""0"
"Dec"",""19,"",2018,recap,Wed,2018,Knicks,Seventysixers,away,109-131,1&1,13.0,228.0,-22,-9.0,12.0,1.5,10.5,L,L,O,""0"
"Dec"",""21,"",2018,recap,Fri,2018,Knicks,Hawks,home,107-114,1&2,-2.0,230.5,-7,-9.0,-9.5,-9.2,-0.2,L,L,U,""0"
"Dec"",""25,"",2018,recap,Tue,2018,Knicks,Bucks,home,95-109,3&2,10.0,224.0,-14,-4.0,-20.0,-12.0,-8.0,L,L,U,""0"
"Dec"",""27,"",2018,recap,Thu,2018,Knicks,Bucks,away,96-112,1&1,14.5,224.5,-16,-1.5,-16.5,-9.0,-7.5,L,L,U,""0"
"Dec"",""29,"",2018,recap,Sat,2018,Knicks,Jazz,away,97-129,1&1,14.0,215.0,-32,-18.0,11.0,-3.5,14.5,L,L,O,""0"
"Jan"",""01,"",2019,recap,Tue,2018,Knicks,Nuggets,away,108-115,2&2,13.5,218.5,-7,6.5,4.5,5.5,-1.0,L,W,O,""0"
"Jan"",""04,"",2019,recap,Fri,2018,Knicks,Lakers,away,119-112,2&1,5.0,224.5,7,12.0,6.5,9.2,-2.8,W,W,O,""0"
"Jan"",""07,"",2019,recap,Mon,2018,Knicks,Trailblazers,away,101-111,2&1,11.0,220.5,-10,1.0,-8.5,-3.8,-4.8,L,W,U,0"
"Jan"",""08,"",2019,recap,Tue,2018,Knicks,Warriors,away,95-122,0&2,18.0,230.0,-27,-9.0,-13.0,-11.0,-2.0,L,L,U,0"
"Jan"",""11,"",2019,recap,Fri,2018,Knicks,Pacers,home,106-121,2&1,8.5,220.0,-15,-6.5,7.0,0.2,6.8,L,L,O,""0"
"Jan"",""13,"",2019,recap,Sun,2018,Knicks,Seventysixers,home,105-108,1&1,6.5,227.5,-3,3.5,-14.5,-5.5,-9.0,L,W,U,""0"
"Jan"",""17,"",2019,recap,Thu,2018,Knicks,Wizards,away,100-101,3&3,7.0,227.5,-1,6.0,-26.5,-10.2,-16.2,L,W,U,0"
"Jan"",""21,"",2019,recap,Mon,2018,Knicks,Thunder,home,109-127,3&1,9.0,226.5,-18,-9.0,9.5,0.2,9.2,L,L,O,""0"
"Jan"",""23,"",2019,recap,Wed,2018,Knicks,Rockets,home,110-114,1&1,7.0,226.0,-4,3.0,-2.0,0.5,-2.5,L,W,U,""0"
"Jan"",""25,"",2019,recap,Fri,2018,Knicks,Nets,away,99-109,1&1,9.0,221.0,-10,-1.0,-13.0,-7.0,-6.0,L,L,U,""0"
"Jan"",""27,"",2019,recap,Sun,2018,Knicks,Heat,home,97-106,1&1,5.5,209.5,-9,-3.5,-6.5,-5.0,-1.5,L,L,U,""0"
"Jan"",""28,"",2019,recap,Mon,2018,Knicks,Hornets,away,92-101,0&2,11.5,217.5,-9,2.5,-24.5,-11.0,-13.5,L,W,U,""0"
"Jan"",""30,"",2019,recap,Wed,2018,Knicks,Mavericks,home,90-114,1&2,7.0,215.0,-24,-17.0,-11.0,-14.0,3.0,L,L,U,""0"
"Feb"",""01,"",2019,recap,Fri,2018,Knicks,Celtics,home,99-113,1&1,13.5,215.0,-14,-0.5,-3.0,-1.8,-1.2,L,L,U,""0"
"Feb"",""03,"",2019,recap,Sun,2018,Knicks,Grizzlies,home,84-96,1&1,2.0,199.5,-12,-10.0,-19.5,-14.8,-4.8,L,L,U,""0"
"Feb"",""05,"",2019,recap,Tue,2018,Knicks,Pistons,home,92-105,1&0,4.0,205.0,-13,-9.0,-8.0,-8.5,0.5,L,L,U,""0"
"Feb"",""08,"",2019,recap,Fri,2018,Knicks,Pistons,away,103-120,2&2,8.5,206.5,-17,-8.5,16.5,4.0,12.5,L,L,O,""0"
"Feb"",""09,"",2019,recap,Sat,2018,Knicks,Raptors,home,99-104,0&1,11.5,215.5,-5,6.5,-12.5,-3.0,-9.5,L,W,U,""0"
"Feb"",""11,"",2019,recap,Mon,2018,Knicks,Cavaliers,away,104-107,1&1,1.5,210.0,-3,-1.5,1.0,-0.2,1.2,L,L,O,""0"
"Feb"",""13,"",2019,recap,Wed,2018,Knicks,Seventysixers,home,111-126,1&0,10.0,222.5,-15,-5.0,14.5,4.8,9.8,L,L,O,""0"
"Feb"",""14,"",2019,recap,Thu,2018,Knicks,Hawks,away,106-91,0&1,7.5,224.0,15,22.5,-27.0,-2.2,-24.8,W,W,U,""0"
"Feb"",""22,"",2019,recap,Fri,2018,Knicks,Timberwolves,home,104-115,7&8,7.0,219.5,-11,-4.0,-0.5,-2.2,1.8,L,L,U,""0"
"Feb"",""24,"",2019,recap,Sun,2018,Knicks,Spurs,home,130-118,1&1,7.5,223.0,12,19.5,25.0,22.2,2.8,W,W,O,""0"
"Feb"",""26,"",2019,recap,Tue,2018,Knicks,Magic,home,108-103,1&1,7.5,215.5,5,12.5,-4.5,4.0,-8.5,W,W,U,""0"
"Feb"",""28,"",2019,recap,Thu,2018,Knicks,Cavaliers,home,118-125,1&2,-1.5,220.5,-7,-8.5,22.5,7.0,15.5,L,L,O,""0"
"Mar"",""03,"",2019,recap,Sun,2018,Knicks,Clippers,away,107-128,2&1,10.0,230.5,-21,-11.0,4.5,-3.2,7.8,L,L,O,""0"
"Mar"",""04,"",2019,recap,Mon,2018,Knicks,Kings,away,108-115,0&2,10.5,228.5,-7,3.5,-5.5,-1.0,-4.5,L,W,U,""0"
"Mar"",""06,"",2019,recap,Wed,2018,Knicks,Suns,away,96-107,1&1,4.0,225.5,-11,-7.0,-22.5,-14.8,-7.8,L,L,U,""0"
"Mar"",""09,"",2019,recap,Sat,2018,Knicks,Kings,home,94-102,2&2,6.0,225.5,-8,-2.0,-29.5,-15.8,-13.8,L,L,U,""0"
"Mar"",""10,"",2019,recap,Sun,2018,Knicks,Timberwolves,away,92-103,0&0,7.5,224.5,-11,-3.5,-29.5,-16.5,-13.0,L,L,U,""0"
"Mar"",""12,"",2019,recap,Tue,2018,Knicks,Pacers,away,98-103,1&1,10.5,208.0,-5,5.5,-7.0,-0.8,-6.2,L,W,U,""0"
"Mar"",""15,"",2019,recap,Fri,2018,Knicks,Spurs,away,83-109,2&2,13.5,214.0,-26,-12.5,-22.0,-17.2,-4.8,L,L,U,""0"
"Mar"",""17,"",2019,recap,Sun,2018,Knicks,Lakers,home,124-123,1&1,4.5,220.5,1,5.5,26.5,16.0,10.5,W,W,O,""0"
"Mar"",""18,"",2019,recap,Mon,2018,Knicks,Raptors,away,92-128,0&0,12.5,214.0,-36,-23.5,6.0,-8.8,14.8,L,L,O,""0"
"Mar"",""20,"",2019,recap,Wed,2018,Knicks,Jazz,home,116-137,1&1,12.5,212.0,-21,-8.5,41.0,16.2,24.8,L,L,O,""0"
"Mar"",""22,"",2019,recap,Fri,2018,Knicks,Nuggets,home,93-111,1&0,11.0,215.0,-18,-7.0,-11.0,-9.0,-2.0,L,L,U,""0"
"Mar"",""24,"",2019,recap,Sun,2018,Knicks,Clippers,home,113-124,1&1,10.0,223.0,-11,-1.0,14.0,6.5,7.5,L,L,O,""0"
"Mar"",""28,"",2019,recap,Thu,2018,Knicks,Raptors,home,92-117,3&1,12.0,216.0,-25,-13.0,-7.0,-10.0,3.0,L,L,U,""0"
"Mar"",""30,"",2019,recap,Sat,2018,Knicks,Heat,home,92-100,1&1,7.0,208.0,-8,-1.0,-16.0,-8.5,-7.5,L,L,U,""0"
"Apr"",""01,"",2019,recap,Mon,2018,Knicks,Bulls,home,113-105,1&1,-3.5,215.0,8,4.5,3.0,3.8,-0.8,W,W,O,""0"
"Apr"",""03,"",2019,recap,Wed,2018,Knicks,Magic,away,100-114,1&1,13.0,212.5,-14,-1.0,1.5,0.2,1.2,L,L,O,""0"
"Apr"",""05,"",2019,recap,Fri,2018,Knicks,Rockets,away,96-120,1&1,18.0,216.0,-24,-6.0,0.0,-3.0,3.0,L,L,P,""0"
"Apr"",""07,"",2019,recap,Sun,2018,Knicks,Wizards,home,113-110,1&1,4.0,226.0,3,7.0,-3.0,2.0,-5.0,W,W,U,""0"
"Apr"",""09,"",2019,recap,Tue,2018,Knicks,Bulls,away,96-86,1&2,1.5,215.0,10,11.5,-33.0,-10.8,-22.2,W,W,U,""0"
"Apr"",""10,"",2019,recap,Wed,2018,Knicks,Pistons,home,89-115,0&0,9.5,206.5,-26,-16.5,-2.5,-9.5,7.0,L,L,U,""0"
"Oct"",""23,"",2019,recap,Wed,2019,Knicks,Spurs,away,111-120,&,10.0,214.5,-9,1.0,16.5,8.8,7.8,L,W,O,""0"
"Oct"",""25,"",2019,recap,Fri,2019,Knicks,Nets,away,109-113,1&1,8.0,225.5,-4,4.0,-3.5,0.2,-3.8,L,W,U,""0"
"Oct"",""26,"",2019,recap,Sat,2019,Knicks,Celtics,home,95-118,0&0,5.5,214.0,-23,-17.5,-1.0,-9.2,8.2,L,L,U,""0"
"Oct"",""28,"",2019,recap,Mon,2019,Knicks,Bulls,home,105-98,1&1,1.0,222.0,7,8.0,-19.0,-5.5,-13.5,W,W,U,""0"
"Oct"",""30,"",2019,recap,Wed,2019,Knicks,Magic,away,83-95,1&1,9.5,207.5,-12,-2.5,-29.5,-16.0,-13.5,L,L,U,""0"
"Nov"",""01,"",2019,recap,Fri,2019,Knicks,Celtics,away,102-104,1&1,10.5,212.5,-2,8.5,-6.5,1.0,-7.5,L,W,U,""0"
"Nov"",""03,"",2019,recap,Sun,2019,Knicks,Kings,home,92-113,1&1,1.5,214.5,-21,-19.5,-9.5,-14.5,5.0,L,L,U,""0"
"Nov"",""06,"",2019,recap,Wed,2019,Knicks,Pistons,away,102-122,2&1,4.5,210.0,-20,-15.5,14.0,-0.8,14.8,L,L,O,""0"
"Nov"",""08,"",2019,recap,Fri,2019,Knicks,Mavericks,away,106-102,1&1,11.0,215.5,4,15.0,-7.5,3.8,-11.2,W,W,U,""0"
"Nov"",""10,"",2019,recap,Sun,2019,Knicks,Cavaliers,home,87-108,1&1,-2.0,210.5,-21,-23.0,-15.5,-19.2,3.8,L,L,U,""0"
"Nov"",""12,"",2019,recap,Tue,2019,Knicks,Bulls,away,102-120,1&2,6.5,213.0,-18,-11.5,9.0,-1.2,10.2,L,L,O,""0"
"Nov"",""14,"",2019,recap,Thu,2019,Knicks,Mavericks,home,106-103,1&2,7.5,214.5,3,10.5,-5.5,2.5,-8.0,W,W,U,""0"
"Nov"",""16,"",2019,recap,Sat,2019,Knicks,Hornets,home,102-103,1&0,-3.5,212.0,-1,-4.5,-7.0,-5.8,-1.2,L,L,U,""0"
"Nov"",""18,"",2019,recap,Mon,2019,Knicks,Cavaliers,home,123-105,1&0,-5.5,211.0,18,12.5,17.0,14.8,2.2,W,W,O,""0"
"Nov"",""20,"",2019,recap,Wed,2019,Knicks,Seventysixers,away,104-109,1&2,12.5,212.5,-5,7.5,0.5,4.0,-3.5,L,W,O,""0"
"Nov"",""23,"",2019,recap,Sat,2019,Knicks,Spurs,home,104-111,2&0,2.5,217.0,-7,-4.5,-2.0,-3.2,1.2,L,L,U,""0"
"Nov"",""24,"",2019,recap,Sun,2019,Knicks,Nets,home,101-103,0&1,2.5,214.5,-2,0.5,-10.5,-5.0,-5.5,L,W,U,""0"
"Nov"",""27,"",2019,recap,Wed,2019,Knicks,Raptors,away,98-126,2&1,10.5,211.5,-28,-17.5,12.5,-2.5,15.0,L,L,O,""0"
"Nov"",""29,"",2019,recap,Fri,2019,Knicks,Seventysixers,home,95-101,1&1,7.0,209.0,-6,1.0,-13.0,-6.0,-7.0,L,W,U,""0"
"Dec"",""01,"",2019,recap,Sun,2019,Knicks,Celtics,home,104-113,1&1,8.0,209.5,-9,-1.0,7.5,3.2,4.2,L,L,O,""0"
"Dec"",""02,"",2019,recap,Mon,2019,Knicks,Bucks,away,88-132,0&1,17.0,220.5,-44,-27.0,-0.5,-13.8,13.2,L,L,U,""0"
"Dec"",""07,"",2019,recap,Sat,2019,Knicks,Pacers,home,103-104,1&0,5.5,208.5,-1,4.5,-1.5,1.5,-3.0,L,W,U,""0"
