"Jan"",""02,"",2015,recap,Fri,2014,Lakers,Grizzlies,home,106-109,2&2,4.0,203.5,-3,1.0,11.5,6.2,5.2,L,W,O,""0"
"Jan"",""04,"",2015,recap,Sun,2014,Lakers,Pacers,home,88-87,1&1,1.0,202.0,1,2.0,-27.0,-12.5,-14.5,W,W,U,""0"
"Jan"",""05,"",2015,recap,Mon,2014,Lakers,Trailblazers,away,94-98,0&1,12.5,209.0,-4,8.5,-17.0,-4.2,-12.8,L,W,U,""0"
"Jan"",""07,"",2015,recap,Wed,2014,Lakers,Clippers,away,89-114,1&1,11.0,215.0,-25,-14.0,-12.0,-13.0,1.0,L,L,U,""0"
"Jan"",""09,"",2015,recap,Fri,2014,Lakers,Magic,home,101-84,1&1,-3.0,199.0,17,14.0,-14.0,0.0,-14.0,W,W,U,""0"
"Jan"",""11,"",2015,recap,Sun,2014,Lakers,Trailblazers,home,94-106,1&0,6.0,204.5,-12,-6.0,-4.5,-5.2,0.8,L,L,U,""0"
"Jan"",""13,"",2015,recap,Tue,2014,Lakers,Heat,home,75-78,1&1,1.5,197.0,-3,-1.5,-44.0,-22.8,-21.2,L,L,U,""0"
"Jan"",""15,"",2015,recap,Thu,2014,Lakers,Cavaliers,home,102-109,1&1,6.0,207.0,-7,-1.0,4.0,1.5,2.5,L,L,O,""0"
"Jan"",""16,"",2015,recap,Fri,2014,Lakers,Jazz,away,85-94,0&2,8.0,195.0,-9,-1.0,-16.0,-8.5,-7.5,L,L,U,""0"
"Jan"",""19,"",2015,recap,Mon,2014,Lakers,Suns,away,100-115,2&2,11.0,214.5,-15,-4.0,0.5,-1.8,2.2,L,L,O,""0"
"Jan"",""21,"",2015,recap,Wed,2014,Lakers,Pelicans,away,80-96,1&1,8.0,202.0,-16,-8.0,-26.0,-17.0,-9.0,L,L,U,""0"
"Jan"",""23,"",2015,recap,Fri,2014,Lakers,Spurs,away,85-99,1&0,13.5,196.5,-14,-0.5,-12.5,-6.5,-6.0,L,L,U,""0"
"Jan"",""25,"",2015,recap,Sun,2014,Lakers,Rockets,home,87-99,1&1,9.0,206.5,-12,-3.0,-20.5,-11.8,-8.8,L,L,U,""0"
"Jan"",""27,"",2015,recap,Tue,2014,Lakers,Wizards,home,92-98,1&1,8.0,194.0,-6,2.0,-4.0,-1.0,-3.0,L,W,U,""0"
"Jan"",""29,"",2015,recap,Thu,2014,Lakers,Bulls,home,123-118,1&1,9.0,195.0,5,14.0,46.0,30.0,16.0,W,W,O,""2"
"Feb"",""01,"",2015,recap,Sun,2014,Lakers,Knicks,away,80-94,2&2,3.0,190.5,-14,-11.0,-16.5,-13.8,-2.8,L,L,U,0"
"Feb"",""04,"",2015,recap,Wed,2014,Lakers,Bucks,away,105-113,2&1,8.5,193.0,-8,0.5,25.0,12.8,12.2,L,W,O,""1"
"Feb"",""06,"",2015,recap,Fri,2014,Lakers,Magic,away,97-103,1&1,4.0,200.5,-6,-2.0,-0.5,-1.2,0.8,L,L,U,""1"
"Feb"",""08,"",2015,recap,Sun,2014,Lakers,Cavaliers,away,105-120,1&1,14.0,198.0,-15,-1.0,27.0,13.0,14.0,L,L,O,""0"
"Feb"",""10,"",2015,recap,Tue,2014,Lakers,Nuggets,home,96-106,1&0,-1.5,201.0,-10,-11.5,1.0,-5.2,6.2,L,L,O,""0"
"Feb"",""11,"",2015,recap,Wed,2014,Lakers,Trailblazers,away,86-102,0&2,14.0,196.0,-16,-2.0,-8.0,-5.0,-3.0,L,L,U,0"
"Feb"",""20,"",2015,recap,Fri,2014,Lakers,Nets,home,105-114,8&9,3.5,194.0,-9,-5.5,25.0,9.8,15.2,L,L,O,""0"
"Feb"",""22,"",2015,recap,Sun,2014,Lakers,Celtics,home,118-111,1&1,2.5,202.0,7,9.5,27.0,18.2,8.8,W,W,O,""1"
"Feb"",""25,"",2015,recap,Wed,2014,Lakers,Jazz,away,100-97,2&1,9.5,191.5,3,12.5,5.5,9.0,-3.5,W,W,O,""0"
"Feb"",""27,"",2015,recap,Fri,2014,Lakers,Bucks,home,101-93,1&1,6.0,194.0,8,14.0,0.0,7.0,-7.0,W,W,P,""0"
"Mar"",""01,"",2015,recap,Sun,2014,Lakers,Thunder,home,101-108,1&1,4.0,197.5,-7,-3.0,11.5,4.2,7.2,L,L,O,""0"
"Mar"",""03,"",2015,recap,Tue,2014,Lakers,Hornets,away,103-104,1&1,9.0,195.0,-1,8.0,12.0,10.0,2.0,L,W,O,""0"
"Mar"",""04,"",2015,recap,Wed,2014,Lakers,Heat,away,94-100,0&1,9.0,200.5,-6,3.0,-6.5,-1.8,-4.8,L,W,U,""0"
"Mar"",""06,"",2015,recap,Fri,2014,Lakers,Grizzlies,away,90-97,1&1,11.0,195.0,-7,4.0,-8.0,-2.0,-6.0,L,W,U,""0"
"Mar"",""08,"",2015,recap,Sun,2014,Lakers,Mavericks,home,93-100,1&1,7.0,201.5,-7,0.0,-8.5,-4.2,-4.2,L,P,U,""0"
"Mar"",""10,"",2015,recap,Tue,2014,Lakers,Pistons,home,93-85,1&1,3.0,201.0,8,11.0,-23.0,-6.0,-17.0,W,W,U,""0"
"Mar"",""12,"",2015,recap,Thu,2014,Lakers,Knicks,home,94-101,1&1,-6.5,191.0,-7,-13.5,4.0,-4.8,8.8,L,L,O,""0"
"Mar"",""15,"",2015,recap,Sun,2014,Lakers,Hawks,home,86-91,2&1,7.0,195.0,-5,2.0,-18.0,-8.0,-10.0,L,W,U,""0"
"Mar"",""16,"",2015,recap,Mon,2014,Lakers,Warriors,away,105-108,0&1,18.0,208.0,-3,15.0,5.0,10.0,-5.0,L,W,O,""0"
"Mar"",""19,"",2015,recap,Thu,2014,Lakers,Jazz,home,73-80,2&0,4.5,182.5,-7,-2.5,-29.5,-16.0,-13.5,L,L,U,""0"
"Mar"",""22,"",2015,recap,Sun,2014,Lakers,Seventysixers,home,101-87,2&1,-4.5,194.5,14,9.5,-6.5,1.5,-8.0,W,W,U,""0"
"Mar"",""24,"",2015,recap,Tue,2014,Lakers,Thunder,away,117-127,1&1,10.0,213.0,-10,0.0,31.0,15.5,15.5,L,P,O,""0"
"Mar"",""25,"",2015,recap,Wed,2014,Lakers,Timberwolves,away,101-99,0&1,1.0,201.5,2,3.0,-1.5,0.8,-2.2,W,W,U,""1"
"Mar"",""27,"",2015,recap,Fri,2014,Lakers,Raptors,away,83-94,1&1,9.5,202.5,-11,-1.5,-25.5,-13.5,-12.0,L,L,U,""0"
"Mar"",""29,"",2015,recap,Sun,2014,Lakers,Nets,away,99-107,1&1,7.5,200.0,-8,-0.5,6.0,2.8,3.2,L,L,O,""0"
"Mar"",""30,"",2015,recap,Mon,2014,Lakers,Seventysixers,away,113-111,0&0,3.5,194.0,2,5.5,30.0,17.8,12.2,W,W,O,""1"
"Apr"",""01,"",2015,recap,Wed,2014,Lakers,Pelicans,home,92-113,1&2,9.0,196.5,-21,-12.0,8.5,-1.8,10.2,L,L,O,""0"
"Apr"",""03,"",2015,recap,Fri,2014,Lakers,Trailblazers,home,77-107,1&1,10.5,203.0,-30,-19.5,-19.0,-19.2,0.2,L,L,U,""0"
"Apr"",""05,"",2015,recap,Sun,2014,Lakers,Clippers,home,78-106,1&0,13.5,210.0,-28,-14.5,-26.0,-20.2,-5.8,L,L,U,""0"
"Apr"",""07,"",2015,recap,Tue,2014,Lakers,Clippers,away,100-105,1&1,17.0,207.0,-5,12.0,-2.0,5.0,-7.0,L,W,U,""0"
"Apr"",""08,"",2015,recap,Wed,2014,Lakers,Nuggets,away,101-119,0&3,10.5,206.5,-18,-7.5,13.5,3.0,10.5,L,L,O,""0"
"Apr"",""10,"",2015,recap,Fri,2014,Lakers,Timberwolves,home,106-98,1&1,-6.0,202.5,8,2.0,1.5,1.8,-0.2,W,W,O,""0"
"Apr"",""12,"",2015,recap,Sun,2014,Lakers,Mavericks,home,106-120,1&1,5.5,206.0,-14,-8.5,20.0,5.8,14.2,L,L,O,""0"
"Apr"",""13,"",2015,recap,Mon,2014,Lakers,Kings,away,92-102,0&0,4.0,207.0,-10,-6.0,-13.0,-9.5,-3.5,L,L,U,""0"
"Apr"",""15,"",2015,recap,Wed,2014,Lakers,Kings,home,99-122,1&1,-3.5,206.5,-23,-26.5,14.5,-6.0,20.5,L,L,O,""0"
"Oct"",""28,"",2015,recap,Wed,2015,Lakers,Timberwolves,home,111-112,&,-3.0,202.5,-1,-4.0,20.5,8.2,12.2,L,L,O,""0"
"Oct"",""30,"",2015,recap,Fri,2015,Lakers,Kings,away,114-132,1&1,7.0,211.0,-18,-11.0,35.0,12.0,23.0,L,L,O,""0"
"Nov"",""01,"",2015,recap,Sun,2015,Lakers,Mavericks,home,93-103,1&2,4.0,213.0,-10,-6.0,-17.0,-11.5,-5.5,L,L,U,""0"
"Nov"",""03,"",2015,recap,Tue,2015,Lakers,Nuggets,home,109-120,1&1,-1.5,205.5,-11,-12.5,23.5,5.5,18.0,L,L,O,""0"
"Nov"",""06,"",2015,recap,Fri,2015,Lakers,Nets,away,104-98,2&1,3.0,207.5,6,9.0,-5.5,1.8,-7.2,W,W,U,""0"
"Nov"",""08,"",2015,recap,Sun,2015,Lakers,Knicks,away,95-99,1&1,5.0,209.5,-4,1.0,-15.5,-7.2,-8.2,L,W,U,""0"
"Nov"",""10,"",2015,recap,Tue,2015,Lakers,Heat,away,88-101,1&1,11.5,200.0,-13,-1.5,-11.0,-6.2,-4.8,L,L,U,""0"
"Nov"",""11,"",2015,recap,Wed,2015,Lakers,Magic,away,99-101,0&1,8.0,200.5,-2,6.0,-0.5,2.8,-3.2,L,W,U,""0"
"Nov"",""13,"",2015,recap,Fri,2015,Lakers,Mavericks,away,82-90,1&1,8.0,209.0,-8,0.0,-37.0,-18.5,-18.5,L,P,U,""0"
"Nov"",""15,"",2015,recap,Sun,2015,Lakers,Pistons,home,97-85,1&0,4.0,200.5,12,16.0,-18.5,-1.2,-17.2,W,W,U,""0"
"Nov"",""16,"",2015,recap,Mon,2015,Lakers,Suns,away,101-120,0&1,11.5,207.0,-19,-7.5,14.0,3.2,10.8,L,L,O,0"
"Nov"",""20,"",2015,recap,Fri,2015,Lakers,Raptors,home,91-102,3&1,6.5,203.0,-11,-4.5,-10.0,-7.2,-2.8,L,L,U,""0"
"Nov"",""22,"",2015,recap,Sun,2015,Lakers,Trailblazers,home,93-107,1&1,3.0,203.0,-14,-11.0,-3.0,-7.0,4.0,L,L,U,""0"
"Nov"",""24,"",2015,recap,Tue,2015,Lakers,Warriors,away,77-111,1&1,17.0,215.0,-34,-17.0,-27.0,-22.0,-5.0,L,L,U,""0"
"Nov"",""28,"",2015,recap,Sat,2015,Lakers,Trailblazers,away,96-108,3&3,8.5,203.0,-12,-3.5,1.0,-1.2,2.2,L,L,O,""0"
"Nov"",""29,"",2015,recap,Sun,2015,Lakers,Pacers,home,103-107,0&1,10.0,202.0,-4,6.0,8.0,7.0,1.0,L,W,O,""0"
"Dec"",""01,"",2015,recap,Tue,2015,Lakers,Seventysixers,away,91-103,1&1,1.5,195.5,-12,-10.5,-1.5,-6.0,4.5,L,L,U,""0"
"Dec"",""02,"",2015,recap,Wed,2015,Lakers,Wizards,away,108-104,0&0,10.0,204.0,4,14.0,8.0,11.0,-3.0,W,W,O,0"
"Dec"",""04,"",2015,recap,Fri,2015,Lakers,Hawks,away,87-100,1&1,11.5,204.0,-13,-1.5,-17.0,-9.2,-7.8,L,L,U,""0"
"Dec"",""06,"",2015,recap,Sun,2015,Lakers,Pistons,away,91-111,1&1,9.5,199.0,-20,-10.5,3.0,-3.8,6.8,L,L,O,""0"
"Dec"",""07,"",2015,recap,Mon,2015,Lakers,Raptors,away,93-102,0&1,11.5,198.5,-9,2.5,-3.5,-0.5,-3.0,L,W,U,""0"
"Dec"",""09,"",2015,recap,Wed,2015,Lakers,Timberwolves,away,122-123,1&1,7.0,204.5,-1,6.0,40.5,23.2,17.2,L,W,O,""1"
"Dec"",""11,"",2015,recap,Fri,2015,Lakers,Spurs,away,87-109,1&1,15.5,194.5,-22,-6.5,1.5,-2.5,4.0,L,L,O,""0"
"Dec"",""12,"",2015,recap,Sat,2015,Lakers,Rockets,away,97-126,0&2,11.5,212.0,-29,-17.5,11.0,-3.2,14.2,L,L,O,""0"
"Dec"",""15,"",2015,recap,Tue,2015,Lakers,Bucks,home,113-95,2&2,3.0,198.5,18,21.0,9.5,15.2,-5.8,W,W,O,""0"
"Dec"",""17,"",2015,recap,Thu,2015,Lakers,Rockets,home,87-107,1&1,6.0,215.0,-20,-14.0,-21.0,-17.5,-3.5,L,L,U,""0"
"Dec"",""19,"",2015,recap,Sat,2015,Lakers,Thunder,away,78-118,1&1,16.0,208.0,-40,-24.0,-12.0,-18.0,6.0,L,L,U,""0"
"Dec"",""22,"",2015,recap,Tue,2015,Lakers,Nuggets,away,111-107,2&1,5.5,205.0,4,9.5,13.0,11.2,1.8,W,W,O,""0"
"Dec"",""23,"",2015,recap,Wed,2015,Lakers,Thunder,home,85-120,0&1,14.0,207.5,-35,-21.0,-2.5,-11.8,9.2,L,L,U,""0"
"Dec"",""25,"",2015,recap,Fri,2015,Lakers,Clippers,home,84-94,1&3,12.0,207.0,-10,2.0,-29.0,-13.5,-15.5,L,W,U,""0"
"Dec"",""27,"",2015,recap,Sun,2015,Lakers,Grizzlies,away,96-112,1&0,10.0,197.0,-16,-6.0,11.0,2.5,8.5,L,L,O,""0"
"Dec"",""28,"",2015,recap,Mon,2015,Lakers,Hornets,away,98-108,0&1,12.5,202.5,-10,2.5,3.5,3.0,0.5,L,W,O,""0"
"Dec"",""30,"",2015,recap,Wed,2015,Lakers,Celtics,away,112-104,1&2,13.0,206.0,8,21.0,10.0,15.5,-5.5,W,W,O,""0"
"Jan"",""01,"",2016,recap,Fri,2015,Lakers,Seventysixers,home,93-84,1&1,-3.0,207.0,9,6.0,-30.0,-12.0,-18.0,W,W,U,""0"
"Jan"",""03,"",2016,recap,Sun,2015,Lakers,Suns,home,97-77,1&0,0.0,207.5,20,20.0,-33.5,-6.8,-26.8,W,W,U,""0"
"Jan"",""05,"",2016,recap,Tue,2015,Lakers,Warriors,home,88-109,1&0,13.0,212.5,-21,-8.0,-15.5,-11.8,-3.8,L,L,U,""0"
"Jan"",""07,"",2016,recap,Thu,2015,Lakers,Kings,away,115-118,1&1,8.5,214.0,-3,5.5,19.0,12.2,6.8,L,W,O,""0"
"Jan"",""08,"",2016,recap,Fri,2015,Lakers,Thunder,home,113-117,0&1,14.0,211.0,-4,10.0,19.0,14.5,4.5,L,W,O,""0"
"Jan"",""10,"",2016,recap,Sun,2015,Lakers,Jazz,home,74-86,1&0,3.0,192.0,-12,-9.0,-32.0,-20.5,-11.5,L,L,U,""0"
"Jan"",""12,"",2016,recap,Tue,2015,Lakers,Pelicans,home,95-91,1&1,2.0,203.5,4,6.0,-17.5,-5.8,-11.8,W,W,U,""0"
"Jan"",""14,"",2016,recap,Thu,2015,Lakers,Warriors,away,98-116,1&0,17.0,216.5,-18,-1.0,-2.5,-1.8,-0.8,L,L,U,0"
"Jan"",""16,"",2016,recap,Sat,2015,Lakers,Jazz,away,82-109,1&1,8.0,191.0,-27,-19.0,0.0,-9.5,9.5,L,L,P,""0"
"Jan"",""17,"",2016,recap,Sun,2015,Lakers,Rockets,home,95-112,0&1,9.5,207.0,-17,-7.5,0.0,-3.8,3.8,L,L,P,""0"
"Jan"",""20,"",2016,recap,Wed,2015,Lakers,Kings,home,93-112,2&3,7.0,215.0,-19,-12.0,-10.0,-11.0,1.0,L,L,U,""0"
"Jan"",""22,"",2016,recap,Fri,2015,Lakers,Spurs,home,95-108,1&0,15.0,200.0,-13,2.0,3.0,2.5,0.5,L,W,O,""0"
"Jan"",""23,"",2016,recap,Sat,2015,Lakers,Trailblazers,away,103-121,0&2,11.5,208.0,-18,-6.5,16.0,4.8,11.2,L,L,O,0"
"Jan"",""26,"",2016,recap,Tue,2015,Lakers,Mavericks,home,90-92,2&1,6.5,201.0,-2,4.5,-19.0,-7.2,-11.8,L,W,U,""0"
"Jan"",""28,"",2016,recap,Thu,2015,Lakers,Bulls,home,91-114,1&2,9.0,200.5,-23,-14.0,4.5,-4.8,9.2,L,L,O,""0"
"Jan"",""29,"",2016,recap,Fri,2015,Lakers,Clippers,away,93-105,0&1,14.5,204.0,-12,2.5,-6.0,-1.8,-4.2,L,W,U,""0"
"Jan"",""31,"",2016,recap,Sun,2015,Lakers,Hornets,home,82-101,1&1,4.0,201.0,-19,-15.0,-18.0,-16.5,-1.5,L,L,U,""0"
"Feb"",""02,"",2016,recap,Tue,2015,Lakers,Timberwolves,home,119-115,1&1,4.5,205.0,4,8.5,29.0,18.8,10.2,W,W,O,""0"
"Feb"",""04,"",2016,recap,Thu,2015,Lakers,Pelicans,away,99-96,1&0,10.0,209.5,3,13.0,-14.5,-0.8,-13.8,W,W,U,""0"
"Feb"",""06,"",2016,recap,Sat,2015,Lakers,Spurs,away,102-106,1&0,16.5,204.5,-4,12.5,3.5,8.0,-4.5,L,W,O,""0"
"Feb"",""08,"",2016,recap,Mon,2015,Lakers,Pacers,away,87-89,1&1,11.5,206.0,-2,9.5,-30.0,-10.2,-19.8,L,W,U,""0"
"Feb"",""10,"",2016,recap,Wed,2015,Lakers,Cavaliers,away,111-120,1&1,15.5,210.0,-9,6.5,21.0,13.8,7.2,L,W,O,""0"
"Feb"",""19,"",2016,recap,Fri,2015,Lakers,Spurs,home,113-119,8&0,11.0,203.5,-6,5.0,28.5,16.8,11.8,L,W,O,""0"
"Feb"",""21,"",2016,recap,Sun,2015,Lakers,Bulls,away,115-126,1&1,7.0,209.0,-11,-4.0,32.0,14.0,18.0,L,L,O,""0"
"Feb"",""22,"",2016,recap,Mon,2015,Lakers,Bucks,away,101-108,0&1,8.5,209.0,-7,1.5,0.0,0.8,-0.8,L,W,P,""0"
"Feb"",""24,"",2016,recap,Wed,2015,Lakers,Grizzlies,away,119-128,1&2,8.5,208.0,-9,-0.5,39.0,19.2,19.8,L,L,O,""0"
"Feb"",""26,"",2016,recap,Fri,2015,Lakers,Grizzlies,home,95-112,1&1,5.5,211.0,-17,-11.5,-4.0,-7.8,3.8,L,L,U,""0"
"Mar"",""01,"",2016,recap,Tue,2015,Lakers,Nets,home,107-101,3&0,-1.0,212.0,6,5.0,-4.0,0.5,-4.5,W,W,U,""0"
"Mar"",""02,"",2016,recap,Wed,2015,Lakers,Nuggets,away,107-117,0&1,8.0,212.5,-10,-2.0,11.5,4.8,6.8,L,L,O,""0"
"Mar"",""04,"",2016,recap,Fri,2015,Lakers,Hawks,home,77-106,1&2,11.0,204.0,-29,-18.0,-21.0,-19.5,-1.5,L,L,U,""0"
"Mar"",""06,"",2016,recap,Sun,2015,Lakers,Warriors,home,112-95,1&2,17.0,220.5,17,34.0,-13.5,10.2,-23.8,W,W,U,""0"
"Mar"",""08,"",2016,recap,Tue,2015,Lakers,Magic,home,107-98,1&0,3.0,212.5,9,12.0,-7.5,2.2,-9.8,W,W,U,""0"
"Mar"",""10,"",2016,recap,Thu,2015,Lakers,Cavaliers,home,108-120,1&0,10.0,211.0,-12,-2.0,17.0,7.5,9.5,L,L,O,""0"
"Mar"",""13,"",2016,recap,Sun,2015,Lakers,Knicks,home,87-90,2&1,2.0,207.0,-3,-1.0,-30.0,-15.5,-14.5,L,L,U,""0"
"Mar"",""15,"",2016,recap,Tue,2015,Lakers,Kings,home,98-106,1&1,4.5,218.5,-8,-3.5,-14.5,-9.0,-5.5,L,L,U,""0"
"Mar"",""18,"",2016,recap,Fri,2015,Lakers,Suns,home,90-95,2&0,-3.5,213.5,-5,-8.5,-28.5,-18.5,-10.0,L,L,U,""0"
"Mar"",""22,"",2016,recap,Tue,2015,Lakers,Grizzlies,home,107-100,3&0,3.0,202.0,7,10.0,5.0,7.5,-2.5,W,W,O,""0"
"Mar"",""23,"",2016,recap,Wed,2015,Lakers,Suns,away,107-119,0&1,5.0,212.0,-12,-7.0,14.0,3.5,10.5,L,L,O,""0"
"Mar"",""25,"",2016,recap,Fri,2015,Lakers,Nuggets,home,105-116,1&1,4.0,214.5,-11,-7.0,6.5,-0.2,6.8,L,L,O,""0"
"Mar"",""27,"",2016,recap,Sun,2015,Lakers,Wizards,home,88-101,1&1,9.0,212.5,-13,-4.0,-23.5,-13.8,-9.8,L,L,U,""0"
"Mar"",""28,"",2016,recap,Mon,2015,Lakers,Jazz,away,75-123,0&1,14.0,191.0,-48,-34.0,7.0,-13.5,20.5,L,L,O,""0"
"Mar"",""30,"",2016,recap,Wed,2015,Lakers,Heat,home,102-100,1&1,11.0,207.0,2,13.0,-5.0,4.0,-9.0,W,W,U,""1"
"Apr"",""03,"",2016,recap,Sun,2015,Lakers,Celtics,home,100-107,3&1,9.0,208.5,-7,2.0,-1.5,0.2,-1.8,L,W,U,""0"
"Apr"",""05,"",2016,recap,Tue,2015,Lakers,Clippers,away,81-103,1&1,14.5,208.0,-22,-7.5,-24.0,-15.8,-8.2,L,L,U,""0"
"Apr"",""06,"",2016,recap,Wed,2015,Lakers,Clippers,home,81-91,0&0,10.5,203.5,-10,0.5,-31.5,-15.5,-16.0,L,W,U,""0"
"Apr"",""08,"",2016,recap,Fri,2015,Lakers,Pelicans,away,102-110,1&1,3.5,202.5,-8,-4.5,9.5,2.5,7.0,L,L,O,""0"
"Apr"",""10,"",2016,recap,Sun,2015,Lakers,Rockets,away,110-130,1&2,14.5,213.0,-20,-5.5,27.0,10.8,16.2,L,L,O,""0"
"Apr"",""11,"",2016,recap,Mon,2015,Lakers,Thunder,away,79-112,0&1,15.5,215.5,-33,-17.5,-24.5,-21.0,-3.5,L,L,U,""0"
"Apr"",""13,"",2016,recap,Wed,2015,Lakers,Jazz,home,101-96,1&1,5.0,194.5,5,10.0,2.5,6.2,-3.8,W,W,O,""0"
"Oct"",""26,"",2016,recap,Wed,2016,Lakers,Rockets,home,120-114,&,5.5,225.5,6,11.5,8.5,10.0,-1.5,W,W,O,""0"
"Oct"",""28,"",2016,recap,Fri,2016,Lakers,Jazz,away,89-96,1&2,8.5,201.0,-7,1.5,-16.0,-7.2,-8.8,L,W,U,""0"
"Oct"",""30,"",2016,recap,Sun,2016,Lakers,Thunder,away,96-113,1&1,8.5,213.5,-17,-8.5,-4.5,-6.5,2.0,L,L,U,0"
"Nov"",""01,"",2016,recap,Tue,2016,Lakers,Pacers,away,108-115,1&2,9.0,215.5,-7,2.0,7.5,4.8,2.8,L,W,O,""0"
"Nov"",""02,"",2016,recap,Wed,2016,Lakers,Hawks,away,123-116,0&1,11.5,207.5,7,18.5,31.5,25.0,6.5,W,W,O,""0"
"Nov"",""04,"",2016,recap,Fri,2016,Lakers,Warriors,home,117-97,1&0,11.0,229.0,20,31.0,-15.0,8.0,-23.0,W,W,U,""0"
"Nov"",""06,"",2016,recap,Sun,2016,Lakers,Suns,home,119-108,1&1,-3.5,215.5,11,7.5,11.5,9.5,2.0,W,W,O,""0"
"Nov"",""08,"",2016,recap,Tue,2016,Lakers,Mavericks,home,97-109,1&1,-4.0,203.0,-12,-16.0,3.0,-6.5,9.5,L,L,O,""0"
"Nov"",""10,"",2016,recap,Thu,2016,Lakers,Kings,away,101-91,1&1,4.5,209.0,10,14.5,-17.0,-1.2,-15.8,W,W,U,""0"
"Nov"",""12,"",2016,recap,Sat,2016,Lakers,Pelicans,away,126-99,1&1,-1.0,215.5,27,26.0,9.5,17.8,-8.2,W,W,O,""0"
"Nov"",""13,"",2016,recap,Sun,2016,Lakers,Timberwolves,away,99-125,0&0,2.0,215.0,-26,-24.0,9.0,-7.5,16.5,L,L,O,""0"
"Nov"",""15,"",2016,recap,Tue,2016,Lakers,Nets,home,125-118,1&0,-6.5,220.0,7,0.5,23.0,11.8,11.2,W,W,O,""0"
"Nov"",""18,"",2016,recap,Fri,2016,Lakers,Spurs,home,107-116,2&1,7.0,210.5,-9,-2.0,12.5,5.2,7.2,L,L,O,""0"
"Nov"",""20,"",2016,recap,Sun,2016,Lakers,Bulls,home,110-118,1&0,-1.0,211.0,-8,-9.0,17.0,4.0,13.0,L,L,O,""0"
"Nov"",""22,"",2016,recap,Tue,2016,Lakers,Thunder,home,111-109,1&1,2.5,218.0,2,4.5,2.0,3.2,-1.2,W,W,O,""0"
"Nov"",""23,"",2016,recap,Wed,2016,Lakers,Warriors,away,106-149,0&1,17.5,230.0,-43,-25.5,25.0,-0.2,25.2,L,L,O,0"
"Nov"",""25,"",2016,recap,Fri,2016,Lakers,Warriors,home,85-109,1&1,13.0,229.5,-24,-11.0,-35.5,-23.2,-12.2,L,L,U,""0"
"Nov"",""27,"",2016,recap,Sun,2016,Lakers,Hawks,home,109-94,1&1,4.5,209.0,15,19.5,-6.0,6.8,-12.8,W,W,U,""0"
"Nov"",""29,"",2016,recap,Tue,2016,Lakers,Pelicans,away,88-105,1&1,6.0,217.5,-17,-11.0,-24.5,-17.8,-6.8,L,L,U,""0"
"Nov"",""30,"",2016,recap,Wed,2016,Lakers,Bulls,away,96-90,0&4,9.5,209.5,6,15.5,-23.5,-4.0,-19.5,W,W,U,""0"
"Dec"",""02,"",2016,recap,Fri,2016,Lakers,Raptors,away,80-113,1&1,10.5,214.0,-33,-22.5,-21.0,-21.8,0.8,L,L,U,""0"
"Dec"",""03,"",2016,recap,Sat,2016,Lakers,Grizzlies,away,100-103,0&1,2.5,200.5,-3,-0.5,2.5,1.0,1.5,L,L,O,""0"
"Dec"",""05,"",2016,recap,Mon,2016,Lakers,Jazz,home,101-107,1&1,4.0,197.5,-6,-2.0,10.5,4.2,6.2,L,L,O,""0"
"Dec"",""07,"",2016,recap,Wed,2016,Lakers,Rockets,away,95-134,1&1,14.0,223.0,-39,-25.0,6.0,-9.5,15.5,L,L,O,""0"
"Dec"",""09,"",2016,recap,Fri,2016,Lakers,Suns,home,115-119,1&1,-1.5,220.5,-4,-5.5,13.5,4.0,9.5,L,L,O,""0"
"Dec"",""11,"",2016,recap,Sun,2016,Lakers,Knicks,home,112-118,1&1,2.0,217.0,-6,-4.0,13.0,4.5,8.5,L,L,O,""0"
"Dec"",""12,"",2016,recap,Mon,2016,Lakers,Kings,away,92-116,0&1,8.5,216.5,-24,-15.5,-8.5,-12.0,3.5,L,L,U,""0"
"Dec"",""14,"",2016,recap,Wed,2016,Lakers,Nets,away,97-107,1&1,1.0,228.0,-10,-9.0,-24.0,-16.5,-7.5,L,L,U,""0"
"Dec"",""16,"",2016,recap,Fri,2016,Lakers,Seventysixers,away,100-89,1&1,-1.0,209.5,11,10.0,-20.5,-5.2,-15.2,W,W,U,""0"
"Dec"",""17,"",2016,recap,Sat,2016,Lakers,Cavaliers,away,108-119,0&2,15.0,219.5,-11,4.0,7.5,5.8,1.8,L,W,O,""0"
"Dec"",""20,"",2016,recap,Tue,2016,Lakers,Hornets,away,113-117,2&2,8.5,214.0,-4,4.5,16.0,10.2,5.8,L,W,O,""0"
"Dec"",""22,"",2016,recap,Thu,2016,Lakers,Heat,away,107-115,1&1,5.5,212.0,-8,-2.5,10.0,3.8,6.2,L,L,O,""0"
"Dec"",""23,"",2016,recap,Fri,2016,Lakers,Magic,away,90-109,0&0,6.0,210.0,-19,-13.0,-11.0,-12.0,1.0,L,L,U,""0"
"Dec"",""25,"",2016,recap,Sun,2016,Lakers,Clippers,home,111-102,1&1,6.0,213.0,9,15.0,0.0,7.5,-7.5,W,W,P,""0"
"Dec"",""27,"",2016,recap,Tue,2016,Lakers,Jazz,home,100-102,1&3,4.5,204.5,-2,2.5,-2.5,0.0,-2.5,L,W,U,""0"
"Dec"",""29,"",2016,recap,Thu,2016,Lakers,Mavericks,home,89-101,1&1,-3.0,203.0,-12,-15.0,-13.0,-14.0,1.0,L,L,U,""0"
"Jan"",""01,"",2017,recap,Sun,2016,Lakers,Raptors,home,114-123,2&2,8.0,218.5,-9,-1.0,18.5,8.8,9.8,L,L,O,""0"
"Jan"",""03,"",2017,recap,Tue,2016,Lakers,Grizzlies,home,116-102,1&2,4.0,206.5,14,18.0,11.5,14.8,-3.2,W,W,O,""0"
"Jan"",""05,"",2017,recap,Thu,2016,Lakers,Trailblazers,away,109-118,1&0,6.5,220.5,-9,-2.5,6.5,2.0,4.5,L,L,O,0"
"Jan"",""06,"",2017,recap,Fri,2016,Lakers,Heat,home,127-100,0&1,-3.0,213.5,27,24.0,13.5,18.8,-5.2,W,W,O,""0"
"Jan"",""08,"",2017,recap,Sun,2016,Lakers,Magic,home,111-95,1&1,-2.5,215.0,16,13.5,-9.0,2.2,-11.2,W,W,U,""0"
"Jan"",""10,"",2017,recap,Tue,2016,Lakers,Trailblazers,home,87-108,1&1,2.0,226.0,-21,-19.0,-31.0,-25.0,-6.0,L,L,U,""0"
"Jan"",""12,"",2017,recap,Thu,2016,Lakers,Spurs,away,94-134,1&1,14.5,212.0,-40,-25.5,16.0,-4.8,20.8,L,L,O,""0"
"Jan"",""14,"",2017,recap,Sat,2016,Lakers,Clippers,away,97-113,1&2,11.5,217.0,-16,-4.5,-7.0,-5.8,-1.2,L,L,U,""0"
"Jan"",""15,"",2017,recap,Sun,2016,Lakers,Pistons,home,97-102,0&1,2.0,212.0,-5,-3.0,-13.0,-8.0,-5.0,L,L,U,""0"
"Jan"",""17,"",2017,recap,Tue,2016,Lakers,Nuggets,home,121-127,1&0,1.0,229.0,-6,-5.0,19.0,7.0,12.0,L,L,O,""0"
"Jan"",""20,"",2017,recap,Fri,2016,Lakers,Pacers,home,108-95,2&1,3.0,220.5,13,16.0,-17.5,-0.8,-16.8,W,W,U,""0"
"Jan"",""22,"",2017,recap,Sun,2016,Lakers,Mavericks,away,73-122,1&1,6.0,206.0,-49,-43.0,-11.0,-27.0,16.0,L,L,U,""0"
"Jan"",""25,"",2017,recap,Wed,2016,Lakers,Trailblazers,away,98-105,2&3,8.5,220.5,-7,1.5,-17.5,-8.0,-9.5,L,W,U,0"
"Jan"",""26,"",2017,recap,Thu,2016,Lakers,Jazz,away,88-96,0&1,13.0,202.0,-8,5.0,-18.0,-6.5,-11.5,L,W,U,""0"
"Jan"",""31,"",2017,recap,Tue,2016,Lakers,Nuggets,home,120-116,4&2,1.0,226.5,4,5.0,9.5,7.2,2.2,W,W,O,""0"
"Feb"",""02,"",2017,recap,Thu,2016,Lakers,Wizards,away,108-116,1&1,10.5,221.0,-8,2.5,3.0,2.8,0.2,L,W,O,0"
"Feb"",""03,"",2017,recap,Fri,2016,Lakers,Celtics,away,107-113,0&1,11.0,221.5,-6,5.0,-1.5,1.8,-3.2,L,W,U,""0"
"Feb"",""06,"",2017,recap,Mon,2016,Lakers,Knicks,away,121-107,2&1,4.5,222.5,14,18.5,5.5,12.0,-6.5,W,W,O,""0"
"Feb"",""08,"",2017,recap,Wed,2016,Lakers,Pistons,away,102-121,1&1,7.5,218.0,-19,-11.5,5.0,-3.2,8.2,L,L,O,""0"
"Feb"",""10,"",2017,recap,Fri,2016,Lakers,Bucks,away,122-114,1&1,4.5,219.0,8,12.5,17.0,14.8,2.2,W,W,O,""0"
"Feb"",""14,"",2017,recap,Tue,2016,Lakers,Kings,home,96-97,3&1,-2.0,217.5,-1,-3.0,-24.5,-13.8,-10.8,L,L,U,""0"
"Feb"",""15,"",2017,recap,Wed,2016,Lakers,Suns,away,101-137,0&1,4.5,226.5,-36,-31.5,11.5,-10.0,21.5,L,L,O,""0"
"Feb"",""24,"",2017,recap,Fri,2016,Lakers,Thunder,away,93-110,8&8,10.0,221.5,-17,-7.0,-18.5,-12.8,-5.8,L,L,U,""0"
"Feb"",""26,"",2017,recap,Sun,2016,Lakers,Spurs,home,98-119,1&1,12.0,211.5,-21,-9.0,5.5,-1.8,7.2,L,L,O,""0"
"Feb"",""28,"",2017,recap,Tue,2016,Lakers,Hornets,home,104-109,1&1,4.0,215.0,-5,-1.0,-2.0,-1.5,-0.5,L,L,U,""0"
"Mar"",""03,"",2017,recap,Fri,2016,Lakers,Celtics,home,95-115,2&1,7.5,218.5,-20,-12.5,-8.5,-10.5,2.0,L,L,U,""0"
"Mar"",""05,"",2017,recap,Sun,2016,Lakers,Pelicans,home,97-105,1&1,6.0,215.0,-8,-2.0,-13.0,-7.5,-5.5,L,L,U,""0"
"Mar"",""07,"",2017,recap,Tue,2016,Lakers,Mavericks,away,111-122,1&1,8.5,207.0,-11,-2.5,26.0,11.8,14.2,L,L,O,""0"
"Mar"",""09,"",2017,recap,Thu,2016,Lakers,Suns,away,122-110,1&1,5.5,229.5,12,17.5,2.5,10.0,-7.5,W,W,O,""0"
"Mar"",""12,"",2017,recap,Sun,2016,Lakers,Seventysixers,home,116-118,2&0,-3.5,223.0,-2,-5.5,11.0,2.8,8.2,L,L,O,""0"
"Mar"",""13,"",2017,recap,Mon,2016,Lakers,Nuggets,away,101-129,0&1,13.5,230.0,-28,-14.5,0.0,-7.2,7.2,L,L,P,""0"
"Mar"",""15,"",2017,recap,Wed,2016,Lakers,Rockets,away,100-139,1&2,17.5,235.5,-39,-21.5,3.5,-9.0,12.5,L,L,O,""0"
"Mar"",""17,"",2017,recap,Fri,2016,Lakers,Bucks,home,103-107,1&1,6.5,213.0,-4,2.5,-3.0,-0.2,-2.8,L,W,U,""0"
"Mar"",""19,"",2017,recap,Sun,2016,Lakers,Cavaliers,home,120-125,1&0,10.5,223.0,-5,5.5,22.0,13.8,8.2,L,W,O,""0"
"Mar"",""21,"",2017,recap,Tue,2016,Lakers,Clippers,home,109-133,1&0,10.0,220.5,-24,-14.0,21.5,3.8,17.8,L,L,O,""0"
"Mar"",""24,"",2017,recap,Fri,2016,Lakers,Timberwolves,home,130-119,2&2,6.5,220.0,11,17.5,29.0,23.2,5.8,W,W,O,""1"
"Mar"",""26,"",2017,recap,Sun,2016,Lakers,Trailblazers,home,81-97,1&0,7.0,220.0,-16,-9.0,-42.0,-25.5,-16.5,L,L,U,""0"
"Mar"",""28,"",2017,recap,Tue,2016,Lakers,Wizards,home,108-119,1&2,9.5,226.0,-11,-1.5,1.0,-0.2,1.2,L,L,O,""0"
"Mar"",""30,"",2017,recap,Thu,2016,Lakers,Timberwolves,away,104-119,1&1,11.0,220.0,-15,-4.0,3.0,-0.5,3.5,L,L,O,""0"
"Apr"",""01,"",2017,recap,Sat,2016,Lakers,Clippers,away,104-115,1&1,14.5,221.5,-11,3.5,-2.5,0.5,-3.0,L,W,U,""0"
"Apr"",""02,"",2017,recap,Sun,2016,Lakers,Grizzlies,home,108-103,0&1,7.0,207.5,5,12.0,3.5,7.8,-4.2,W,W,O,""0"
"Apr"",""05,"",2017,recap,Wed,2016,Lakers,Spurs,away,102-95,2&0,12.0,206.5,7,19.0,-9.5,4.8,-14.2,W,W,U,""0"
"Apr"",""07,"",2017,recap,Fri,2016,Lakers,Kings,home,98-94,1&2,-3.0,213.5,4,1.0,-21.5,-10.2,-11.2,W,W,U,""0"
"Apr"",""09,"",2017,recap,Sun,2016,Lakers,Timberwolves,home,110-109,1&1,5.0,220.0,1,6.0,-1.0,2.5,-3.5,W,W,U,""0"
"Apr"",""11,"",2017,recap,Tue,2016,Lakers,Pelicans,home,108-96,1&2,-3.0,219.0,12,9.0,-15.0,-3.0,-12.0,W,W,U,""0"
"Apr"",""12,"",2017,recap,Wed,2016,Lakers,Warriors,away,94-109,0&1,14.5,220.5,-15,-0.5,-17.5,-9.0,-8.5,L,L,U,0"
"Oct"",""19,"",2017,recap,Thu,2017,Lakers,Clippers,home,92-108,&,6.5,217.5,-16,-9.5,-17.5,-13.5,-4.0,L,L,U,""0"
"Oct"",""20,"",2017,recap,Fri,2017,Lakers,Suns,away,132-130,0&1,3.0,220.0,2,5.0,42.0,23.5,18.5,W,W,O,""0"
"Oct"",""22,"",2017,recap,Sun,2017,Lakers,Pelicans,home,112-119,1&1,5.0,222.0,-7,-2.0,9.0,3.5,5.5,L,L,O,""0"
"Oct"",""25,"",2017,recap,Wed,2017,Lakers,Wizards,home,102-99,2&1,5.5,228.5,3,8.5,-27.5,-9.5,-18.0,W,W,U,""1"
"Oct"",""27,"",2017,recap,Fri,2017,Lakers,Raptors,home,92-101,1&1,6.0,221.0,-9,-3.0,-28.0,-15.5,-12.5,L,L,U,""0"
"Oct"",""28,"",2017,recap,Sat,2017,Lakers,Jazz,away,81-96,0&2,11.0,202.0,-15,-4.0,-25.0,-14.5,-10.5,L,L,U,""0"
"Oct"",""31,"",2017,recap,Tue,2017,Lakers,Pistons,home,113-93,2&1,3.0,207.5,20,23.0,-1.5,10.8,-12.2,W,W,U,""0"
"Nov"",""02,"",2017,recap,Thu,2017,Lakers,Trailblazers,away,110-113,1&0,6.5,210.5,-3,3.5,12.5,8.0,4.5,L,W,O,0"
"Nov"",""03,"",2017,recap,Fri,2017,Lakers,Nets,home,124-112,0&2,-3.0,227.0,12,9.0,9.0,9.0,0.0,W,W,O,""0"
"Nov"",""05,"",2017,recap,Sun,2017,Lakers,Grizzlies,home,107-102,1&0,1.5,207.0,5,6.5,2.0,4.2,-2.2,W,W,O,""0"
"Nov"",""08,"",2017,recap,Wed,2017,Lakers,Celtics,away,96-107,2&1,8.5,210.5,-11,-2.5,-7.5,-5.0,-2.5,L,L,U,""0"
"Nov"",""09,"",2017,recap,Thu,2017,Lakers,Wizards,away,95-111,0&1,10.5,222.0,-16,-5.5,-16.0,-10.8,-5.2,L,L,U,0"
"Nov"",""11,"",2017,recap,Sat,2017,Lakers,Bucks,away,90-98,1&0,6.5,215.0,-8,-1.5,-27.0,-14.2,-12.8,L,L,U,""0"
"Nov"",""13,"",2017,recap,Mon,2017,Lakers,Suns,away,100-93,1&1,1.0,226.5,7,8.0,-33.5,-12.8,-20.8,W,W,U,""0"
"Nov"",""15,"",2017,recap,Wed,2017,Lakers,Seventysixers,home,109-115,1&1,3.5,220.0,-6,-2.5,4.0,0.8,3.2,L,L,O,""0"
"Nov"",""17,"",2017,recap,Fri,2017,Lakers,Suns,home,113-122,1&0,-6.5,227.5,-9,-15.5,7.5,-4.0,11.5,L,L,O,""0"
"Nov"",""19,"",2017,recap,Sun,2017,Lakers,Nuggets,home,127-109,1&1,4.5,222.5,18,22.5,13.5,18.0,-4.5,W,W,O,""0"
"Nov"",""21,"",2017,recap,Tue,2017,Lakers,Bulls,home,103-94,1&1,-6.0,210.0,9,3.0,-13.0,-5.0,-8.0,W,W,U,""0"
"Nov"",""22,"",2017,recap,Wed,2017,Lakers,Kings,away,102-113,0&1,-1.0,208.0,-11,-12.0,7.0,-2.5,9.5,L,L,O,""0"
"Nov"",""27,"",2017,recap,Mon,2017,Lakers,Clippers,away,115-120,4&1,4.5,215.0,-5,-0.5,20.0,9.8,10.2,L,L,O,""0"
"Nov"",""29,"",2017,recap,Wed,2017,Lakers,Warriors,home,123-127,1&1,10.5,228.0,-4,6.5,22.0,14.2,7.8,L,W,O,""1"
"Dec"",""02,"",2017,recap,Sat,2017,Lakers,Nuggets,away,100-115,2&1,5.0,222.0,-15,-10.0,-7.0,-8.5,1.5,L,L,U,""0"
"Dec"",""03,"",2017,recap,Sun,2017,Lakers,Rockets,home,95-118,0&3,12.5,224.0,-23,-10.5,-11.0,-10.8,-0.2,L,L,U,""0"
"Dec"",""07,"",2017,recap,Thu,2017,Lakers,Seventysixers,away,107-104,3&2,7.5,220.0,3,10.5,-9.0,0.8,-9.8,W,W,U,""0"
"Dec"",""09,"",2017,recap,Sat,2017,Lakers,Hornets,away,110-99,1&0,3.0,212.0,11,14.0,-3.0,5.5,-8.5,W,W,U,""0"
"Dec"",""12,"",2017,recap,Tue,2017,Lakers,Knicks,away,109-113,2&1,3.5,213.0,-4,-0.5,9.0,4.2,4.8,L,L,O,""1"
"Dec"",""14,"",2017,recap,Thu,2017,Lakers,Cavaliers,away,112-121,1&1,9.5,220.5,-9,0.5,12.5,6.5,6.0,L,W,O,""0"
"Dec"",""18,"",2017,recap,Mon,2017,Lakers,Warriors,home,114-116,3&3,6.0,218.0,-2,4.0,12.0,8.0,4.0,L,W,O,""1"
"Dec"",""20,"",2017,recap,Wed,2017,Lakers,Rockets,away,122-116,1&1,14.0,226.0,6,20.0,12.0,16.0,-4.0,W,W,O,""0"
"Dec"",""22,"",2017,recap,Fri,2017,Lakers,Warriors,away,106-113,1&1,10.5,217.0,-7,3.5,2.0,2.8,-0.8,L,W,O,0"
"Dec"",""23,"",2017,recap,Sat,2017,Lakers,Trailblazers,home,92-95,0&0,-2.0,200.0,-3,-5.0,-13.0,-9.0,-4.0,L,L,U,""0"
"Dec"",""25,"",2017,recap,Mon,2017,Lakers,Timberwolves,home,104-121,1&1,5.5,215.5,-17,-11.5,9.5,-1.0,10.5,L,L,O,""0"
"Dec"",""27,"",2017,recap,Wed,2017,Lakers,Grizzlies,home,99-109,1&0,-2.5,202.0,-10,-12.5,6.0,-3.2,9.2,L,L,O,""0"
"Dec"",""29,"",2017,recap,Fri,2017,Lakers,Clippers,home,106-121,1&2,3.5,217.0,-15,-11.5,10.0,-0.8,10.8,L,L,O,""0"
"Dec"",""31,"",2017,recap,Sun,2017,Lakers,Rockets,away,142-148,1&1,15.0,227.0,-6,9.0,63.0,36.0,27.0,L,W,O,""2"
"Jan"",""01,"",2018,recap,Mon,2017,Lakers,Timberwolves,away,96-114,0&0,10.5,214.0,-18,-7.5,-4.0,-5.8,1.8,L,L,U,0"
"Jan"",""03,"",2018,recap,Wed,2017,Lakers,Thunder,home,96-133,1&2,6.0,213.0,-37,-31.0,16.0,-7.5,23.5,L,L,O,""0"
"Jan"",""05,"",2018,recap,Fri,2017,Lakers,Hornets,home,94-108,1&2,2.5,216.5,-14,-11.5,-14.5,-13.0,-1.5,L,L,U,""0"
"Jan"",""07,"",2018,recap,Sun,2017,Lakers,Hawks,home,132-113,1&1,-3.5,217.5,19,15.5,27.5,21.5,6.0,W,W,O,""0"
"Jan"",""09,"",2018,recap,Tue,2017,Lakers,Kings,home,99-86,1&0,-8.0,211.5,13,5.0,-26.5,-10.8,-15.8,W,W,U,""0"
"Jan"",""11,"",2018,recap,Thu,2017,Lakers,Spurs,home,93-81,1&2,2.0,209.5,12,14.0,-35.5,-10.8,-24.8,W,W,U,""0"
"Jan"",""13,"",2018,recap,Sat,2017,Lakers,Mavericks,away,107-101,1&2,4.5,214.5,6,10.5,-6.5,2.0,-8.5,W,W,U,""1"
"Jan"",""15,"",2018,recap,Mon,2017,Lakers,Grizzlies,away,114-123,1&2,4.0,204.5,-9,-5.0,32.5,13.8,18.8,L,L,O,""0"
"Jan"",""17,"",2018,recap,Wed,2017,Lakers,Thunder,away,90-114,1&1,10.0,215.5,-24,-14.0,-11.5,-12.8,1.2,L,L,U,0"
"Jan"",""19,"",2018,recap,Fri,2017,Lakers,Pacers,home,99-86,1&0,1.0,214.5,13,14.0,-29.5,-7.8,-21.8,W,W,U,""0"
"Jan"",""21,"",2018,recap,Sun,2017,Lakers,Knicks,home,127-107,1&1,1.0,215.0,20,21.0,19.0,20.0,-1.0,W,W,O,""0"
"Jan"",""23,"",2018,recap,Tue,2017,Lakers,Celtics,home,108-107,1&1,4.0,209.5,1,5.0,5.5,5.2,0.2,W,W,O,""0"
"Jan"",""26,"",2018,recap,Fri,2017,Lakers,Bulls,away,108-103,2&1,3.5,221.0,5,8.5,-10.0,-0.8,-9.2,W,W,U,""0"
"Jan"",""28,"",2018,recap,Sun,2017,Lakers,Raptors,away,111-123,1&1,10.5,218.0,-12,-1.5,16.0,7.2,8.8,L,L,O,""0"
"Jan"",""31,"",2018,recap,Wed,2017,Lakers,Magic,away,105-127,2&0,-2.0,217.0,-22,-24.0,15.0,-4.5,19.5,L,L,O,""0"
"Feb"",""02,"",2018,recap,Fri,2017,Lakers,Nets,away,102-99,1&1,1.0,216.5,3,4.0,-15.5,-5.8,-9.8,W,W,U,""0"
"Feb"",""04,"",2018,recap,Sun,2017,Lakers,Thunder,away,108-104,1&1,9.5,219.0,4,13.5,-7.0,3.2,-10.2,W,W,U,0"
"Feb"",""06,"",2018,recap,Tue,2017,Lakers,Suns,home,112-93,1&1,-9.0,217.5,19,10.0,-12.5,-1.2,-11.2,W,W,U,""0"
"Feb"",""08,"",2018,recap,Thu,2017,Lakers,Thunder,home,106-81,1&1,0.0,215.5,25,25.0,-28.5,-1.8,-26.8,W,W,U,""0"
"Feb"",""10,"",2018,recap,Sat,2017,Lakers,Mavericks,away,123-130,1&1,3.0,215.0,-7,-4.0,38.0,17.0,21.0,L,L,O,""0"
"Feb"",""14,"",2018,recap,Wed,2017,Lakers,Pelicans,away,117-139,3&1,5.5,231.5,-22,-16.5,24.5,4.0,20.5,L,L,O,""0"
"Feb"",""15,"",2018,recap,Thu,2017,Lakers,Timberwolves,away,111-119,0&1,10.0,227.0,-8,2.0,3.0,2.5,0.5,L,W,O,0"
"Feb"",""23,"",2018,recap,Fri,2017,Lakers,Mavericks,home,124-102,7&9,-4.0,224.0,22,18.0,2.0,10.0,-8.0,W,W,O,""0"
"Feb"",""24,"",2018,recap,Sat,2017,Lakers,Kings,away,113-108,0&1,-1.5,221.0,5,3.5,0.0,1.8,-1.8,W,W,P,""0"
"Feb"",""26,"",2018,recap,Mon,2017,Lakers,Hawks,away,123-104,1&2,-2.5,223.0,19,16.5,4.0,10.2,-6.2,W,W,O,""0"
"Mar"",""01,"",2018,recap,Thu,2017,Lakers,Heat,away,131-113,2&1,4.0,215.5,18,22.0,28.5,25.2,3.2,W,W,O,""0"
"Mar"",""03,"",2018,recap,Sat,2017,Lakers,Spurs,away,116-112,1&2,5.0,217.5,4,9.0,10.5,9.8,0.8,W,W,O,""0"
"Mar"",""05,"",2018,recap,Mon,2017,Lakers,Trailblazers,home,103-108,1&1,2.0,223.5,-5,-3.0,-12.5,-7.8,-4.8,L,L,U,""0"
"Mar"",""07,"",2018,recap,Wed,2017,Lakers,Magic,home,108-107,1&1,-6.5,224.5,1,-5.5,-9.5,-7.5,-2.0,W,L,U,""0"
"Mar"",""09,"",2018,recap,Fri,2017,Lakers,Nuggets,away,116-125,1&1,7.5,231.0,-9,-1.5,10.0,4.2,5.8,L,L,O,""0"
"Mar"",""11,"",2018,recap,Sun,2017,Lakers,Cavaliers,home,127-113,1&1,1.5,228.5,14,15.5,11.5,13.5,-2.0,W,W,O,""0"
"Mar"",""13,"",2018,recap,Tue,2017,Lakers,Nuggets,home,112-103,1&1,2.0,230.5,9,11.0,-15.5,-2.2,-13.2,W,W,U,""0"
"Mar"",""14,"",2018,recap,Wed,2017,Lakers,Warriors,away,106-117,0&2,7.0,224.0,-11,-4.0,-1.0,-2.5,1.5,L,L,U,0"
"Mar"",""16,"",2018,recap,Fri,2017,Lakers,Heat,home,91-92,1&1,-2.5,219.5,-1,-3.5,-36.5,-20.0,-16.5,L,L,U,""0"
"Mar"",""19,"",2018,recap,Mon,2017,Lakers,Pacers,away,100-110,2&1,5.5,218.5,-10,-4.5,-8.5,-6.5,-2.0,L,L,U,""0"
"Mar"",""22,"",2018,recap,Thu,2017,Lakers,Pelicans,away,125-128,2&0,2.5,231.5,-3,-0.5,21.5,10.5,11.0,L,L,O,""0"
"Mar"",""24,"",2018,recap,Sat,2017,Lakers,Grizzlies,away,100-93,1&1,-6.5,214.5,7,0.5,-21.5,-10.5,-11.0,W,W,U,""0"
"Mar"",""26,"",2018,recap,Mon,2017,Lakers,Pistons,away,106-112,1&1,5.5,215.5,-6,-0.5,2.5,1.0,1.5,L,L,O,""0"
"Mar"",""28,"",2018,recap,Wed,2017,Lakers,Mavericks,home,103-93,1&0,-8.5,215.5,10,1.5,-19.5,-9.0,-10.5,W,W,U,""0"
"Mar"",""30,"",2018,recap,Fri,2017,Lakers,Bucks,home,122-124,1&0,1.0,221.0,-2,-1.0,25.0,12.0,13.0,L,L,O,""1"
"Apr"",""01,"",2018,recap,Sun,2017,Lakers,Kings,home,83-84,1&0,-7.5,212.5,-1,-8.5,-45.5,-27.0,-18.5,L,L,U,""0"
"Apr"",""03,"",2018,recap,Tue,2017,Lakers,Jazz,away,110-117,1&1,11.0,210.5,-7,4.0,16.5,10.2,6.2,L,W,O,""0"
"Apr"",""04,"",2018,recap,Wed,2017,Lakers,Spurs,home,122-112,0&0,6.5,206.0,10,16.5,28.0,22.2,5.8,W,W,O,""1"
"Apr"",""06,"",2018,recap,Fri,2017,Lakers,Timberwolves,home,96-113,1&0,5.0,219.0,-17,-12.0,-10.0,-11.0,1.0,L,L,U,""0"
"Apr"",""08,"",2018,recap,Sun,2017,Lakers,Jazz,home,97-112,1&2,8.0,209.0,-15,-7.0,0.0,-3.5,3.5,L,L,P,""0"
"Apr"",""10,"",2018,recap,Tue,2017,Lakers,Rockets,home,99-105,1&2,7.5,218.0,-6,1.5,-14.0,-6.2,-7.8,L,W,U,""0"
"Apr"",""11,"",2018,recap,Wed,2017,Lakers,Clippers,away,115-100,0&1,2.5,215.5,15,17.5,-0.5,8.5,-9.0,W,W,U,""0"
"Oct"",""18,"",2018,recap,Thu,2018,Lakers,Trailblazers,away,119-128,&,3.5,223.0,-9,-5.5,24.0,9.2,14.8,L,L,O,""0"
"Oct"",""20,"",2018,recap,Sat,2018,Lakers,Rockets,home,115-124,1&2,3.5,235.0,-9,-5.5,4.0,-0.8,4.8,L,L,O,""0"
"Oct"",""22,"",2018,recap,Mon,2018,Lakers,Spurs,home,142-143,1&1,0.0,224.5,-1,-1.0,60.5,29.8,30.8,L,L,O,""1"
"Oct"",""24,"",2018,recap,Wed,2018,Lakers,Suns,away,131-113,1&1,-5.5,237.0,18,12.5,7.0,9.8,-2.8,W,W,O,""0"
"Oct"",""25,"",2018,recap,Thu,2018,Lakers,Nuggets,home,121-114,0&1,1.5,235.5,7,8.5,-0.5,4.0,-4.5,W,W,U,""0"
"Oct"",""27,"",2018,recap,Sat,2018,Lakers,Spurs,away,106-110,1&2,0.0,230.0,-4,-4.0,-14.0,-9.0,-5.0,L,L,U,0"
"Oct"",""29,"",2018,recap,Mon,2018,Lakers,Timberwolves,away,120-124,1&2,0.0,239.5,-4,-4.0,4.5,0.2,4.2,L,L,O,0"
"Oct"",""31,"",2018,recap,Wed,2018,Lakers,Mavericks,home,114-113,1&1,-6.5,234.5,1,-5.5,-7.5,-6.5,-1.0,W,L,U,""0"
"Nov"",""03,"",2018,recap,Sat,2018,Lakers,Trailblazers,away,114-110,2&1,3.0,236.0,4,7.0,-12.0,-2.5,-9.5,W,W,U,0"
"Nov"",""04,"",2018,recap,Sun,2018,Lakers,Raptors,home,107-121,0&1,3.0,233.5,-14,-11.0,-5.5,-8.2,2.8,L,L,U,""0"
"Nov"",""07,"",2018,recap,Wed,2018,Lakers,Timberwolves,home,114-110,2&1,-5.5,237.5,4,-1.5,-13.5,-7.5,-6.0,W,L,U,""0"
"Nov"",""10,"",2018,recap,Sat,2018,Lakers,Kings,away,101-86,2&0,-6.0,237.5,15,9.0,-50.5,-20.8,-29.8,W,W,U,""0"
"Nov"",""11,"",2018,recap,Sun,2018,Lakers,Hawks,home,107-106,0&1,-10.5,238.0,1,-9.5,-25.0,-17.2,-7.8,W,L,U,""0"
"Nov"",""14,"",2018,recap,Wed,2018,Lakers,Trailblazers,home,126-117,2&2,-2.5,227.0,9,6.5,16.0,11.2,4.8,W,W,O,""0"
"Nov"",""17,"",2018,recap,Sat,2018,Lakers,Magic,away,117-130,2&2,-4.0,223.5,-13,-17.0,23.5,3.2,20.2,L,L,O,""0"
"Nov"",""18,"",2018,recap,Sun,2018,Lakers,Heat,away,113-97,0&1,0.0,225.0,16,16.0,-15.0,0.5,-15.5,W,W,U,""0"
"Nov"",""21,"",2018,recap,Wed,2018,Lakers,Cavaliers,away,109-105,2&1,-9.0,221.0,4,-5.0,-7.0,-6.0,-1.0,W,L,U,""0"
"Nov"",""23,"",2018,recap,Fri,2018,Lakers,Jazz,home,90-83,1&1,-2.5,219.0,7,4.5,-46.0,-20.8,-25.2,W,W,U,""0"
"Nov"",""25,"",2018,recap,Sun,2018,Lakers,Magic,home,104-108,1&1,-7.5,217.0,-4,-11.5,-5.0,-8.2,3.2,L,L,U,""0"
"Nov"",""27,"",2018,recap,Tue,2018,Lakers,Nuggets,away,85-117,1&2,4.0,215.5,-32,-28.0,-13.5,-20.8,7.2,L,L,U,""0"
"Nov"",""29,"",2018,recap,Thu,2018,Lakers,Pacers,home,104-96,1&1,-5.0,215.5,8,3.0,-15.5,-6.2,-9.2,W,W,U,""0"
"Nov"",""30,"",2018,recap,Fri,2018,Lakers,Mavericks,home,114-103,0&1,-4.0,222.0,11,7.0,-5.0,1.0,-6.0,W,W,U,""0"
"Dec"",""02,"",2018,recap,Sun,2018,Lakers,Suns,home,120-96,1&1,-12.0,220.5,24,12.0,-4.5,3.8,-8.2,W,W,U,""0"
"Dec"",""05,"",2018,recap,Wed,2018,Lakers,Spurs,home,121-113,2&0,-8.5,225.5,8,-0.5,8.5,4.0,4.5,W,L,O,""0"
"Dec"",""07,"",2018,recap,Fri,2018,Lakers,Spurs,away,120-133,1&1,1.5,226.0,-13,-11.5,27.0,7.8,19.2,L,L,O,""0"
"Dec"",""08,"",2018,recap,Sat,2018,Lakers,Grizzlies,away,111-88,0&0,2.0,208.5,23,25.0,-9.5,7.8,-17.2,W,W,U,""0"
"Dec"",""10,"",2018,recap,Mon,2018,Lakers,Heat,home,108-105,1&1,-5.5,218.0,3,-2.5,-5.0,-3.8,-1.2,W,L,U,""0"
"Dec"",""13,"",2018,recap,Thu,2018,Lakers,Rockets,away,111-126,2&1,6.0,226.5,-15,-9.0,10.5,0.8,9.8,L,L,O,""0"
"Dec"",""15,"",2018,recap,Sat,2018,Lakers,Hornets,away,128-100,1&0,-2.0,227.5,28,26.0,0.5,13.2,-12.8,W,W,O,""0"
"Dec"",""16,"",2018,recap,Sun,2018,Lakers,Wizards,away,110-128,0&1,-1.5,232.0,-18,-19.5,6.0,-6.8,12.8,L,L,O,0"
"Dec"",""18,"",2018,recap,Tue,2018,Lakers,Nets,away,110-115,1&1,-1.5,227.5,-5,-6.5,-2.5,-4.5,2.0,L,L,U,""0"
"Dec"",""21,"",2018,recap,Fri,2018,Lakers,Pelicans,home,112-104,2&1,-5.5,234.0,8,2.5,-18.0,-7.8,-10.2,W,W,U,""0"
"Dec"",""23,"",2018,recap,Sun,2018,Lakers,Grizzlies,home,99-107,1&1,-5.0,207.5,-8,-13.0,-1.5,-7.2,5.8,L,L,U,""0"
"Dec"",""25,"",2018,recap,Tue,2018,Lakers,Warriors,away,127-101,1&1,9.0,233.5,26,35.0,-5.5,14.8,-20.2,W,W,U,0"
"Dec"",""27,"",2018,recap,Thu,2018,Lakers,Kings,away,116-117,1&0,3.5,231.5,-1,2.5,1.5,2.0,-0.5,L,W,O,""0"
"Dec"",""28,"",2018,recap,Fri,2018,Lakers,Clippers,home,107-118,0&1,5.5,229.0,-11,-5.5,-4.0,-4.8,0.8,L,L,U,""0"
"Dec"",""30,"",2018,recap,Sun,2018,Lakers,Kings,home,121-114,1&2,-2.0,233.0,7,5.0,2.0,3.5,-1.5,W,W,O,""0"
"Jan"",""02,"",2019,recap,Wed,2018,Lakers,Thunder,home,100-107,2&1,6.0,229.0,-7,-1.0,-22.0,-11.5,-10.5,L,L,U,""0"
"Jan"",""04,"",2019,recap,Fri,2018,Lakers,Knicks,home,112-119,1&2,-5.0,224.5,-7,-12.0,6.5,-2.8,9.2,L,L,O,""0"
"Jan"",""06,"",2019,recap,Sun,2018,Lakers,Timberwolves,away,86-108,1&1,8.0,224.5,-22,-14.0,-30.5,-22.2,-8.2,L,L,U,0"
"Jan"",""07,"",2019,recap,Mon,2018,Lakers,Mavericks,away,107-97,0&1,7.5,222.5,10,17.5,-18.5,-0.5,-18.0,W,W,U,""0"
"Jan"",""09,"",2019,recap,Wed,2018,Lakers,Pistons,home,113-100,1&1,-2.0,215.5,13,11.0,-2.5,4.2,-6.8,W,W,U,""0"
"Jan"",""11,"",2019,recap,Fri,2018,Lakers,Jazz,away,95-113,1&1,9.0,215.0,-18,-9.0,-7.0,-8.0,1.0,L,L,U,""0"
"Jan"",""13,"",2019,recap,Sun,2018,Lakers,Cavaliers,home,95-101,1&1,-10.5,217.5,-6,-16.5,-21.5,-19.0,-2.5,L,L,U,""0"
"Jan"",""15,"",2019,recap,Tue,2018,Lakers,Bulls,home,107-100,1&2,-7.0,213.5,7,0.0,-6.5,-3.2,-3.2,W,P,U,""0"
"Jan"",""17,"",2019,recap,Thu,2018,Lakers,Thunder,away,138-128,1&1,10.0,227.0,10,20.0,39.0,29.5,9.5,W,W,O,""1"
"Jan"",""19,"",2019,recap,Sat,2018,Lakers,Rockets,away,134-138,1&2,7.0,230.0,-4,3.0,42.0,22.5,19.5,L,W,O,""1"
"Jan"",""21,"",2019,recap,Mon,2018,Lakers,Warriors,home,111-130,1&2,12.5,235.0,-19,-6.5,6.0,-0.2,6.2,L,L,O,""0"
"Jan"",""24,"",2019,recap,Thu,2018,Lakers,Timberwolves,home,105-120,2&1,1.5,229.0,-15,-13.5,-4.0,-8.8,4.8,L,L,U,""0"
"Jan"",""27,"",2019,recap,Sun,2018,Lakers,Suns,home,116-102,2&1,-8.0,227.5,14,6.0,-9.5,-1.8,-7.8,W,W,U,""0"
"Jan"",""29,"",2019,recap,Tue,2018,Lakers,Seventysixers,home,105-121,1&2,8.0,229.5,-16,-8.0,-3.5,-5.8,2.2,L,L,U,""0"
"Jan"",""31,"",2019,recap,Thu,2018,Lakers,Clippers,away,123-120,1&2,-2.0,230.0,3,1.0,13.0,7.0,6.0,W,W,O,""1"
"Feb"",""02,"",2019,recap,Sat,2018,Lakers,Warriors,away,101-115,1&1,13.5,234.0,-14,-0.5,-18.0,-9.2,-8.8,L,L,U,""0"
"Feb"",""05,"",2019,recap,Tue,2018,Lakers,Pacers,away,94-136,2&0,-2.0,218.0,-42,-44.0,12.0,-16.0,28.0,L,L,O,""0"
"Feb"",""07,"",2019,recap,Thu,2018,Lakers,Celtics,away,129-128,1&1,8.5,227.0,1,9.5,30.0,19.8,10.2,W,W,O,""0"
"Feb"",""10,"",2019,recap,Sun,2018,Lakers,Seventysixers,away,120-143,2&1,7.0,235.0,-23,-16.0,28.0,6.0,22.0,L,L,O,""0"
"Feb"",""12,"",2019,recap,Tue,2018,Lakers,Hawks,away,113-117,1&1,-5.0,236.5,-4,-9.0,-6.5,-7.8,1.2,L,L,U,""0"
"Feb"",""21,"",2019,recap,Thu,2018,Lakers,Rockets,home,111-106,8&7,1.0,232.5,5,6.0,-15.5,-4.8,-10.8,W,W,U,""0"
"Feb"",""23,"",2019,recap,Sat,2018,Lakers,Pelicans,away,115-128,1&0,-4.5,234.0,-13,-17.5,9.0,-4.2,13.2,L,L,O,""0"
"Feb"",""25,"",2019,recap,Mon,2018,Lakers,Grizzlies,away,105-110,1&1,-4.5,220.5,-5,-9.5,-5.5,-7.5,2.0,L,L,U,""0"
"Feb"",""27,"",2019,recap,Wed,2018,Lakers,Pelicans,home,125-119,1&1,-5.5,239.5,6,0.5,4.5,2.5,2.0,W,W,O,""0"
"Mar"",""01,"",2019,recap,Fri,2018,Lakers,Bucks,home,120-131,1&1,5.5,239.5,-11,-5.5,11.5,3.0,8.5,L,L,O,""0"
"Mar"",""02,"",2019,recap,Sat,2018,Lakers,Suns,away,109-118,0&0,-6.5,232.0,-9,-15.5,-5.0,-10.2,5.2,L,L,U,0"
"Mar"",""04,"",2019,recap,Mon,2018,Lakers,Clippers,home,105-113,1&0,-3.5,234.0,-8,-11.5,-16.0,-13.8,-2.2,L,L,U,""0"
"Mar"",""06,"",2019,recap,Wed,2018,Lakers,Nuggets,home,99-115,1&1,6.0,226.5,-16,-10.0,-12.5,-11.2,-1.2,L,L,U,""0"
"Mar"",""09,"",2019,recap,Sat,2018,Lakers,Celtics,home,107-120,2&2,7.5,222.5,-13,-5.5,4.5,-0.5,5.0,L,L,O,""0"
"Mar"",""12,"",2019,recap,Tue,2018,Lakers,Bulls,away,123-107,2&1,-2.0,226.0,16,14.0,4.0,9.0,-5.0,W,W,O,""0"
"Mar"",""14,"",2019,recap,Thu,2018,Lakers,Raptors,away,98-111,1&2,10.0,230.5,-13,-3.0,-21.5,-12.2,-9.2,L,L,U,0"
"Mar"",""15,"",2019,recap,Fri,2018,Lakers,Pistons,away,97-111,0&1,13.0,215.5,-14,-1.0,-7.5,-4.2,-3.2,L,L,U,""0"
"Mar"",""17,"",2019,recap,Sun,2018,Lakers,Knicks,away,123-124,1&1,-4.5,220.5,-1,-5.5,26.5,10.5,16.0,L,L,O,""0"
"Mar"",""19,"",2019,recap,Tue,2018,Lakers,Bucks,away,101-115,1&1,13.0,229.5,-14,-1.0,-13.5,-7.2,-6.2,L,L,U,""0"
"Mar"",""22,"",2019,recap,Fri,2018,Lakers,Nets,home,106-111,2&2,2.5,230.5,-5,-2.5,-13.5,-8.0,-5.5,L,L,U,""0"
"Mar"",""24,"",2019,recap,Sun,2018,Lakers,Kings,home,111-106,1&0,1.0,228.5,5,6.0,-11.5,-2.8,-8.8,W,W,U,""0"
"Mar"",""26,"",2019,recap,Tue,2018,Lakers,Wizards,home,124-106,1&2,-2.5,233.0,18,15.5,-3.0,6.2,-9.2,W,W,U,""0"
"Mar"",""27,"",2019,recap,Wed,2018,Lakers,Jazz,away,100-115,0&1,16.0,217.0,-15,1.0,-2.0,-0.5,-1.5,L,W,U,""0"
"Mar"",""29,"",2019,recap,Fri,2018,Lakers,Hornets,home,129-115,1&2,2.5,228.5,14,16.5,15.5,16.0,-0.5,W,W,O,""0"
"Mar"",""31,"",2019,recap,Sun,2018,Lakers,Pelicans,away,130-102,1&2,3.0,232.0,28,31.0,0.0,15.5,-15.5,W,W,P,""0"
"Apr"",""02,"",2019,recap,Tue,2018,Lakers,Thunder,away,103-119,1&1,12.0,225.0,-16,-4.0,-3.0,-3.5,0.5,L,L,U,""0"
"Apr"",""04,"",2019,recap,Thu,2018,Lakers,Warriors,home,90-108,1&1,14.0,227.0,-18,-4.0,-29.0,-16.5,-12.5,L,L,U,""0"
"Apr"",""05,"",2019,recap,Fri,2018,Lakers,Clippers,away,122-117,0&1,10.0,230.5,5,15.0,8.5,11.8,-3.2,W,W,O,""0"
"Apr"",""07,"",2019,recap,Sun,2018,Lakers,Jazz,home,113-109,1&1,11.5,217.0,4,15.5,5.0,10.2,-5.2,W,W,O,""0"
"Apr"",""09,"",2019,recap,Tue,2018,Lakers,Trailblazers,home,101-104,1&1,9.0,224.5,-3,6.0,-19.5,-6.8,-12.8,L,W,U,""0"
"Oct"",""22,"",2019,recap,Tue,2019,Lakers,Clippers,away,102-112,&,-1.5,224.0,-10,-11.5,-10.0,-10.8,0.8,L,L,U,""0"
"Oct"",""25,"",2019,recap,Fri,2019,Lakers,Jazz,home,95-86,2&1,-3.5,216.0,9,5.5,-35.0,-14.8,-20.2,W,W,U,""0"
"Oct"",""27,"",2019,recap,Sun,2019,Lakers,Hornets,home,120-101,1&1,-13.0,216.5,19,6.0,4.5,5.2,-0.8,W,W,O,""0"
"Oct"",""29,"",2019,recap,Tue,2019,Lakers,Grizzlies,home,120-91,1&1,-12.0,217.5,29,17.0,-6.5,5.2,-11.8,W,W,U,""0"
"Nov"",""01,"",2019,recap,Fri,2019,Lakers,Mavericks,away,119-110,2&2,-2.0,216.5,9,7.0,12.5,9.8,2.8,W,W,O,""1"
"Nov"",""03,"",2019,recap,Sun,2019,Lakers,Spurs,away,103-96,1&1,-1.5,217.5,7,5.5,-18.5,-6.5,-12.0,W,W,U,0"
"Nov"",""05,"",2019,recap,Tue,2019,Lakers,Bulls,away,118-112,1&1,-7.0,217.0,6,-1.0,13.0,6.0,7.0,W,L,O,""0"
"Nov"",""08,"",2019,recap,Fri,2019,Lakers,Heat,home,95-80,2&0,-8.5,216.0,15,6.5,-41.0,-17.2,-23.8,W,W,U,""0"
"Nov"",""10,"",2019,recap,Sun,2019,Lakers,Raptors,home,104-113,1&1,-9.5,215.0,-9,-18.5,2.0,-8.2,10.2,L,L,O,""0"
"Nov"",""12,"",2019,recap,Tue,2019,Lakers,Suns,away,123-115,1&1,-3.5,221.0,8,4.5,17.0,10.8,6.2,W,W,O,0"
"Nov"",""13,"",2019,recap,Wed,2019,Lakers,Warriors,home,120-94,0&1,-10.0,218.5,26,16.0,-4.5,5.8,-10.2,W,W,U,""0"
"Nov"",""15,"",2019,recap,Fri,2019,Lakers,Kings,home,99-97,1&2,-10.5,214.5,2,-8.5,-18.5,-13.5,-5.0,W,L,U,""0"
"Nov"",""17,"",2019,recap,Sun,2019,Lakers,Hawks,home,122-101,1&0,-14.5,221.5,21,6.5,1.5,4.0,-2.5,W,W,O,""0"
"Nov"",""19,"",2019,recap,Tue,2019,Lakers,Thunder,home,112-107,1&0,-11.0,210.5,5,-6.0,8.5,1.2,7.2,W,L,O,""0"
"Nov"",""22,"",2019,recap,Fri,2019,Lakers,Thunder,away,130-127,2&2,-4.0,212.5,3,-1.0,44.5,21.8,22.8,W,L,O,""0"
"Nov"",""23,"",2019,recap,Sat,2019,Lakers,Grizzlies,away,109-108,0&3,-7.0,221.5,1,-6.0,-4.5,-5.2,0.8,W,L,U,""0"
"Nov"",""25,"",2019,recap,Mon,2019,Lakers,Spurs,away,114-104,1&1,-5.0,223.0,10,5.0,-5.0,0.0,-5.0,W,W,U,""0"
"Nov"",""27,"",2019,recap,Wed,2019,Lakers,Pelicans,away,114-110,1&2,-6.0,232.0,4,-2.0,-8.0,-5.0,-3.0,W,L,U,""0"
"Nov"",""29,"",2019,recap,Fri,2019,Lakers,Wizards,home,125-103,1&1,-11.5,235.0,22,10.5,-7.0,1.8,-8.8,W,W,U,""0"
"Dec"",""01,"",2019,recap,Sun,2019,Lakers,Mavericks,home,100-114,1&1,-6.0,222.5,-14,-20.0,-8.5,-14.2,5.8,L,L,U,""0"
"Dec"",""03,"",2019,recap,Tue,2019,Lakers,Nuggets,away,105-96,1&2,2.0,208.0,9,11.0,-7.0,2.0,-9.0,W,W,U,""0"
