"Jan"",""02,"",2015,recap,Fri,2014,Cavaliers,Hornets,away,91-87,1&1,-1.5,194.5,4,2.5,-16.5,-7.0,-9.5,W,W,U,""0"
"Jan"",""04,"",2015,recap,Sun,2014,Cavaliers,Mavericks,home,90-109,1&1,8.0,207.0,-19,-11.0,-8.0,-9.5,1.5,L,L,U,""0"
"Jan"",""05,"",2015,recap,Mon,2014,Cavaliers,Seventysixers,away,92-95,0&1,-4.0,192.0,-3,-7.0,-5.0,-6.0,1.0,L,L,U,""0"
"Jan"",""07,"",2015,recap,Wed,2014,Cavaliers,Rockets,home,93-105,1&1,6.5,198.0,-12,-5.5,0.0,-2.8,2.8,L,L,P,""0"
"Jan"",""09,"",2015,recap,Fri,2014,Cavaliers,Warriors,away,94-112,1&1,13.0,208.5,-18,-5.0,-2.5,-3.8,1.2,L,L,U,""0"
"Jan"",""11,"",2015,recap,Sun,2014,Cavaliers,Kings,away,84-103,1&1,3.5,205.0,-19,-15.5,-18.0,-16.8,-1.2,L,L,U,""0"
"Jan"",""13,"",2015,recap,Tue,2014,Cavaliers,Suns,away,100-107,1&1,5.0,212.0,-7,-2.0,-5.0,-3.5,-1.5,L,L,U,""0"
"Jan"",""15,"",2015,recap,Thu,2014,Cavaliers,Lakers,away,109-102,1&1,-6.0,207.0,7,1.0,4.0,2.5,1.5,W,W,O,""0"
"Jan"",""16,"",2015,recap,Fri,2014,Cavaliers,Clippers,away,126-121,0&1,8.0,207.5,5,13.0,39.5,26.2,13.2,W,W,O,""0"
"Jan"",""19,"",2015,recap,Mon,2014,Cavaliers,Bulls,home,108-94,2&1,-3.5,205.0,14,10.5,-3.0,3.8,-6.8,W,W,U,""0"
"Jan"",""21,"",2015,recap,Wed,2014,Cavaliers,Jazz,home,106-92,1&2,-10.5,197.5,14,3.5,0.5,2.0,-1.5,W,W,O,""0"
"Jan"",""23,"",2015,recap,Fri,2014,Cavaliers,Hornets,home,129-90,1&1,-10.5,194.0,39,28.5,25.0,26.8,-1.8,W,W,O,""0"
"Jan"",""25,"",2015,recap,Sun,2014,Cavaliers,Thunder,home,108-98,1&1,-3.5,212.0,10,6.5,-6.0,0.2,-6.2,W,W,U,""0"
"Jan"",""27,"",2015,recap,Tue,2014,Cavaliers,Pistons,away,103-95,1&1,-8.0,206.5,8,0.0,-8.5,-4.2,-4.2,W,P,U,""0"
"Jan"",""28,"",2015,recap,Wed,2014,Cavaliers,Trailblazers,home,99-94,0&3,-5.0,205.0,5,0.0,-12.0,-6.0,-6.0,W,P,U,""0"
"Jan"",""30,"",2015,recap,Fri,2014,Cavaliers,Kings,home,101-90,1&1,-10.0,207.0,11,1.0,-16.0,-7.5,-8.5,W,W,U,""0"
"Jan"",""31,"",2015,recap,Sat,2014,Cavaliers,Timberwolves,away,106-90,0&0,-10.0,204.5,16,6.0,-8.5,-1.2,-7.2,W,W,U,""0"
"Feb"",""02,"",2015,recap,Mon,2014,Cavaliers,Seventysixers,home,97-84,1&1,-16.5,194.0,13,-3.5,-13.0,-8.2,-4.8,W,L,U,""0"
"Feb"",""05,"",2015,recap,Thu,2014,Cavaliers,Clippers,home,105-94,2&2,-5.0,207.85,11,6.0,-8.85,-1.4,-7.4,W,W,U,""0"
"Feb"",""06,"",2015,recap,Fri,2014,Cavaliers,Pacers,away,99-103,0&1,-6.0,196.0,-4,-10.0,6.0,-2.0,8.0,L,L,O,""0"
"Feb"",""08,"",2015,recap,Sun,2014,Cavaliers,Lakers,home,120-105,1&1,-14.0,198.0,15,1.0,27.0,14.0,13.0,W,W,O,""0"
"Feb"",""11,"",2015,recap,Wed,2014,Cavaliers,Heat,home,113-93,2&1,-12.5,193.5,20,7.5,12.5,10.0,2.5,W,W,O,""0"
"Feb"",""12,"",2015,recap,Thu,2014,Cavaliers,Bulls,away,98-113,0&1,-2.0,199.0,-15,-17.0,12.0,-2.5,14.5,L,L,O,0"
"Feb"",""20,"",2015,recap,Fri,2014,Cavaliers,Wizards,away,127-89,7&8,-3.0,198.5,38,35.0,17.5,26.2,-8.8,W,W,O,0"
"Feb"",""22,"",2015,recap,Sun,2014,Cavaliers,Knicks,away,101-83,1&1,-16.5,197.0,18,1.5,-13.0,-5.8,-7.2,W,W,U,""0"
"Feb"",""24,"",2015,recap,Tue,2014,Cavaliers,Pistons,away,102-93,1&1,-7.0,205.0,9,2.0,-10.0,-4.0,-6.0,W,W,U,""0"
"Feb"",""26,"",2015,recap,Thu,2014,Cavaliers,Warriors,home,110-99,1&1,-3.5,215.5,11,7.5,-6.5,0.5,-7.0,W,W,U,""0"
"Feb"",""27,"",2015,recap,Fri,2014,Cavaliers,Pacers,away,86-93,0&2,1.0,194.0,-7,-6.0,-15.0,-10.5,-4.5,L,L,U,""0"
"Mar"",""01,"",2015,recap,Sun,2014,Cavaliers,Rockets,away,103-105,1&1,-0.0,208.0,-2,-2.0,0.0,-1.0,1.0,L,L,P,1"
"Mar"",""03,"",2015,recap,Tue,2014,Cavaliers,Celtics,home,110-79,1&1,-11.5,208.5,31,19.5,-19.5,0.0,-19.5,W,W,U,""0"
"Mar"",""04,"",2015,recap,Wed,2014,Cavaliers,Raptors,away,120-112,0&1,-5.0,204.5,8,3.0,27.5,15.2,12.2,W,W,O,""0"
"Mar"",""06,"",2015,recap,Fri,2014,Cavaliers,Hawks,away,97-106,1&2,-1.0,203.5,-9,-10.0,-0.5,-5.2,4.8,L,L,U,""0"
"Mar"",""07,"",2015,recap,Sat,2014,Cavaliers,Suns,home,89-79,0&0,-10.5,211.0,10,-0.5,-43.0,-21.8,-21.2,W,L,U,""0"
"Mar"",""10,"",2015,recap,Tue,2014,Cavaliers,Mavericks,away,127-94,2&1,-4.5,201.0,33,28.5,20.0,24.2,-4.2,W,W,O,""0"
"Mar"",""12,"",2015,recap,Thu,2014,Cavaliers,Spurs,away,128-125,1&1,-1.5,206.0,3,1.5,47.0,24.2,22.8,W,W,O,""1"
"Mar"",""15,"",2015,recap,Sun,2014,Cavaliers,Magic,away,123-108,2&1,-10.5,201.0,15,4.5,30.0,17.2,12.8,W,W,O,""0"
"Mar"",""16,"",2015,recap,Mon,2014,Cavaliers,Heat,away,92-106,0&2,-4.5,201.5,-14,-18.5,-3.5,-11.0,7.5,L,L,U,""0"
"Mar"",""18,"",2015,recap,Wed,2014,Cavaliers,Nets,home,117-92,1&1,-11.5,207.0,25,13.5,2.0,7.8,-5.8,W,W,O,""0"
"Mar"",""20,"",2015,recap,Fri,2014,Cavaliers,Pacers,home,95-92,1&1,-10.0,200.0,3,-7.0,-13.0,-10.0,-3.0,W,L,U,""0"
"Mar"",""22,"",2015,recap,Sun,2014,Cavaliers,Bucks,away,108-90,1&1,-8.0,196.5,18,10.0,1.5,5.8,-4.2,W,W,O,""0"
"Mar"",""25,"",2015,recap,Wed,2014,Cavaliers,Grizzlies,away,111-89,2&1,-1.5,195.0,22,20.5,5.0,12.8,-7.8,W,W,O,""0"
"Mar"",""27,"",2015,recap,Fri,2014,Cavaliers,Nets,away,98-106,1&1,-8.5,206.5,-8,-16.5,-2.5,-9.5,7.0,L,L,U,""0"
"Mar"",""29,"",2015,recap,Sun,2014,Cavaliers,Seventysixers,home,87-86,1&1,-16.0,200.5,1,-15.0,-27.5,-21.2,-6.2,W,L,U,""0"
"Apr"",""02,"",2015,recap,Thu,2014,Cavaliers,Heat,home,114-88,3&1,-10.5,199.5,26,15.5,2.5,9.0,-6.5,W,W,O,""0"
"Apr"",""05,"",2015,recap,Sun,2014,Cavaliers,Bulls,home,99-94,2&1,-8.0,195.5,5,-3.0,-2.5,-2.8,0.2,W,L,U,""0"
"Apr"",""08,"",2015,recap,Wed,2014,Cavaliers,Bucks,away,104-99,2&3,-6.5,198.5,5,-1.5,4.5,1.5,3.0,W,L,O,""0"
"Apr"",""10,"",2015,recap,Fri,2014,Cavaliers,Celtics,home,90-99,1&1,-5.0,206.5,-9,-14.0,-17.5,-15.8,-1.8,L,L,U,""0"
"Apr"",""12,"",2015,recap,Sun,2014,Cavaliers,Celtics,away,78-117,1&1,9.0,197.5,-39,-30.0,-2.5,-16.2,13.8,L,L,U,""0"
"Apr"",""13,"",2015,recap,Mon,2014,Cavaliers,Pistons,home,109-97,0&0,-8.0,204.5,12,4.0,1.5,2.8,-1.2,W,W,O,""0"
"Apr"",""15,"",2015,recap,Wed,2014,Cavaliers,Wizards,home,113-108,1&0,-8.0,193.5,5,-3.0,27.5,12.2,15.2,W,L,O,""1"
"Oct"",""27,"",2015,recap,Tue,2015,Cavaliers,Bulls,away,95-97,&,4.0,197.5,-2,2.0,-5.5,-1.8,-3.8,L,W,U,""0"
"Oct"",""28,"",2015,recap,Wed,2015,Cavaliers,Grizzlies,away,106-76,0&,5.0,187.5,30,35.0,-5.5,14.8,-20.2,W,W,U,""0"
"Oct"",""30,"",2015,recap,Fri,2015,Cavaliers,Heat,home,102-92,1&1,-5.5,199.5,10,4.5,-5.5,-0.5,-5.0,W,W,U,""0"
"Nov"",""02,"",2015,recap,Mon,2015,Cavaliers,Seventysixers,away,107-100,2&2,-12.5,195.0,7,-5.5,12.0,3.2,8.8,W,L,O,""0"
"Nov"",""04,"",2015,recap,Wed,2015,Cavaliers,Knicks,home,96-86,1&1,-10.0,204.0,10,0.0,-22.0,-11.0,-11.0,W,P,U,""0"
"Nov"",""06,"",2015,recap,Fri,2015,Cavaliers,Seventysixers,home,108-102,1&1,-13.5,196.0,6,-7.5,14.0,3.2,10.8,W,L,O,""0"
"Nov"",""08,"",2015,recap,Sun,2015,Cavaliers,Pacers,home,101-97,1&1,-7.0,196.0,4,-3.0,2.0,-0.5,2.5,W,L,O,""0"
"Nov"",""10,"",2015,recap,Tue,2015,Cavaliers,Jazz,home,118-114,1&2,-6.0,187.0,4,-2.0,45.0,21.5,23.5,W,L,O,""0"
"Nov"",""13,"",2015,recap,Fri,2015,Cavaliers,Knicks,away,90-84,2&1,-6.5,200.5,6,-0.5,-26.5,-13.5,-13.0,W,L,U,""0"
"Nov"",""14,"",2015,recap,Sat,2015,Cavaliers,Bucks,away,105-108,0&2,-5.0,196.0,-3,-8.0,17.0,4.5,12.5,L,L,O,""2"
"Nov"",""17,"",2015,recap,Tue,2015,Cavaliers,Pistons,away,99-104,2&1,-4.5,194.5,-5,-9.5,8.5,-0.5,9.0,L,L,O,""0"
"Nov"",""19,"",2015,recap,Thu,2015,Cavaliers,Bucks,home,115-100,1&1,-10.0,194.0,15,5.0,21.0,13.0,8.0,W,W,O,""0"
"Nov"",""21,"",2015,recap,Sat,2015,Cavaliers,Hawks,home,109-97,1&2,-5.5,199.0,12,6.5,7.0,6.8,0.2,W,W,O,""0"
"Nov"",""23,"",2015,recap,Mon,2015,Cavaliers,Magic,home,117-103,1&1,-9.0,199.0,14,5.0,21.0,13.0,8.0,W,W,O,""0"
"Nov"",""25,"",2015,recap,Wed,2015,Cavaliers,Raptors,away,99-103,1&2,-2.5,199.0,-4,-6.5,3.0,-1.8,4.8,L,L,O,""0"
"Nov"",""27,"",2015,recap,Fri,2015,Cavaliers,Hornets,away,95-90,1&1,-4.0,205.0,5,1.0,-20.0,-9.5,-10.5,W,W,U,""0"
"Nov"",""28,"",2015,recap,Sat,2015,Cavaliers,Nets,home,90-88,0&2,-9.0,200.5,2,-7.0,-22.5,-14.8,-7.8,W,L,U,""0"
"Dec"",""01,"",2015,recap,Tue,2015,Cavaliers,Wizards,home,85-97,2&2,-8.5,203.0,-12,-20.5,-21.0,-20.8,-0.2,L,L,U,""0"
"Dec"",""04,"",2015,recap,Fri,2015,Cavaliers,Pelicans,away,108-114,2&1,-4.5,208.5,-6,-10.5,13.5,1.5,12.0,L,L,O,""1"
"Dec"",""05,"",2015,recap,Sat,2015,Cavaliers,Heat,away,84-99,0&1,5.0,188.0,-15,-10.0,-5.0,-7.5,2.5,L,L,U,""0"
"Dec"",""08,"",2015,recap,Tue,2015,Cavaliers,Trailblazers,home,105-100,2&0,-9.0,200.0,5,-4.0,5.0,0.5,4.5,W,L,O,""0"
"Dec"",""11,"",2015,recap,Fri,2015,Cavaliers,Magic,away,111-76,2&1,-3.0,197.0,35,32.0,-10.0,11.0,-21.0,W,W,U,""0"
"Dec"",""15,"",2015,recap,Tue,2015,Cavaliers,Celtics,away,89-77,3&2,-1.5,201.5,12,10.5,-35.5,-12.5,-23.0,W,W,U,""0"
"Dec"",""17,"",2015,recap,Thu,2015,Cavaliers,Thunder,home,104-100,1&0,-3.0,204.0,4,1.0,0.0,0.5,-0.5,W,W,P,""0"
"Dec"",""20,"",2015,recap,Sun,2015,Cavaliers,Seventysixers,home,108-86,2&1,-16.5,197.0,22,5.5,-3.0,1.2,-4.2,W,W,U,""0"
"Dec"",""23,"",2015,recap,Wed,2015,Cavaliers,Knicks,home,91-84,2&1,-12.0,195.0,7,-5.0,-20.0,-12.5,-7.5,W,L,U,""0"
"Dec"",""25,"",2015,recap,Fri,2015,Cavaliers,Warriors,away,83-89,1&1,6.5,206.5,-6,0.5,-34.5,-17.0,-17.5,L,W,U,0"
"Dec"",""26,"",2015,recap,Sat,2015,Cavaliers,Trailblazers,away,76-105,0&2,-7.5,195.5,-29,-36.5,-14.5,-25.5,11.0,L,L,U,0"
"Dec"",""28,"",2015,recap,Mon,2015,Cavaliers,Suns,away,101-97,1&1,-9.0,199.5,4,-5.0,-1.5,-3.2,1.8,W,L,U,""0"
"Dec"",""29,"",2015,recap,Tue,2015,Cavaliers,Nuggets,away,93-87,0&1,-6.0,195.5,6,0.0,-15.5,-7.8,-7.8,W,P,U,""0"
"Jan"",""02,"",2016,recap,Sat,2015,Cavaliers,Magic,home,104-79,3&0,-8.5,192.5,25,16.5,-9.5,3.5,-13.0,W,W,U,""0"
"Jan"",""04,"",2016,recap,Mon,2015,Cavaliers,Raptors,home,122-100,1&0,-8.0,193.0,22,14.0,29.0,21.5,7.5,W,W,O,""0"
"Jan"",""06,"",2016,recap,Wed,2015,Cavaliers,Wizards,away,121-115,1&2,-7.5,202.0,6,-1.5,34.0,16.2,17.8,W,L,O,0"
"Jan"",""08,"",2016,recap,Fri,2015,Cavaliers,Timberwolves,away,125-99,1&1,-10.5,197.5,26,15.5,26.5,21.0,5.5,W,W,O,""0"
"Jan"",""10,"",2016,recap,Sun,2015,Cavaliers,Seventysixers,away,95-85,1&0,-16.0,205.5,10,-6.0,-25.5,-15.8,-9.8,W,L,U,""0"
"Jan"",""12,"",2016,recap,Tue,2015,Cavaliers,Mavericks,away,110-107,1&1,-5.5,198.5,3,-2.5,18.5,8.0,10.5,W,L,O,""1"
"Jan"",""14,"",2016,recap,Thu,2015,Cavaliers,Spurs,away,95-99,1&1,6.0,196.0,-4,2.0,-2.0,0.0,-2.0,L,W,U,""0"
"Jan"",""15,"",2016,recap,Fri,2015,Cavaliers,Rockets,away,91-77,0&1,-1.0,203.0,14,13.0,-35.0,-11.0,-24.0,W,W,U,""0"
"Jan"",""18,"",2016,recap,Mon,2015,Cavaliers,Warriors,home,98-132,2&1,-3.0,209.5,-34,-37.0,20.5,-8.2,28.8,L,L,O,""0"
"Jan"",""20,"",2016,recap,Wed,2015,Cavaliers,Nets,away,91-78,1&1,-12.5,197.5,13,0.5,-28.5,-14.0,-14.5,W,W,U,""0"
"Jan"",""21,"",2016,recap,Thu,2015,Cavaliers,Clippers,home,115-102,0&2,-6.5,202.5,13,6.5,14.5,10.5,4.0,W,W,O,""0"
"Jan"",""23,"",2016,recap,Sat,2015,Cavaliers,Bulls,home,83-96,1&0,-10.5,202.0,-13,-23.5,-23.0,-23.2,0.2,L,L,U,""0"
"Jan"",""25,"",2016,recap,Mon,2015,Cavaliers,Timberwolves,home,114-107,1&1,-12.5,204.5,7,-5.5,16.5,5.5,11.0,W,L,O,""0"
"Jan"",""27,"",2016,recap,Wed,2015,Cavaliers,Suns,home,115-93,1&0,-17.5,209.5,22,4.5,-1.5,1.5,-3.0,W,W,U,""0"
"Jan"",""29,"",2016,recap,Fri,2015,Cavaliers,Pistons,away,114-106,1&1,-4.5,208.0,8,3.5,12.0,7.8,4.2,W,W,O,""0"
"Jan"",""30,"",2016,recap,Sat,2015,Cavaliers,Spurs,home,117-103,0&2,1.0,205.0,14,15.0,15.0,15.0,0.0,W,W,O,""0"
"Feb"",""01,"",2016,recap,Mon,2015,Cavaliers,Pacers,away,111-106,1&1,-5.0,209.5,5,0.0,7.5,3.8,3.8,W,P,O,""1"
"Feb"",""03,"",2016,recap,Wed,2015,Cavaliers,Hornets,away,97-106,1&2,-8.5,203.5,-9,-17.5,-0.5,-9.0,8.5,L,L,U,""0"
"Feb"",""05,"",2016,recap,Fri,2015,Cavaliers,Celtics,home,103-104,1&1,-7.0,210.5,-1,-8.0,-3.5,-5.8,2.2,L,L,U,""0"
"Feb"",""06,"",2016,recap,Sat,2015,Cavaliers,Pelicans,home,99-84,0&1,-10.0,206.0,15,5.0,-23.0,-9.0,-14.0,W,W,U,""0"
"Feb"",""08,"",2016,recap,Mon,2015,Cavaliers,Kings,home,120-100,1&0,-12.0,218.5,20,8.0,1.5,4.8,-3.2,W,W,O,""0"
"Feb"",""10,"",2016,recap,Wed,2015,Cavaliers,Lakers,home,120-111,1&1,-15.5,210.0,9,-6.5,21.0,7.2,13.8,W,L,O,""0"
"Feb"",""18,"",2016,recap,Thu,2015,Cavaliers,Bulls,home,106-95,7&7,-12.0,206.0,11,-1.0,-5.0,-3.0,-2.0,W,L,U,""0"
"Feb"",""21,"",2016,recap,Sun,2015,Cavaliers,Thunder,away,115-92,2&1,3.0,217.0,23,26.0,-10.0,8.0,-18.0,W,W,U,""0"
"Feb"",""22,"",2016,recap,Mon,2015,Cavaliers,Pistons,home,88-96,0&0,-8.5,206.5,-8,-16.5,-22.5,-19.5,-3.0,L,L,U,""0"
"Feb"",""24,"",2016,recap,Wed,2015,Cavaliers,Hornets,home,114-103,1&2,-8.0,207.0,11,3.0,10.0,6.5,3.5,W,W,O,""0"
"Feb"",""26,"",2016,recap,Fri,2015,Cavaliers,Raptors,away,97-99,1&1,-2.0,206.5,-2,-4.0,-10.5,-7.2,-3.2,L,L,U,""0"
"Feb"",""28,"",2016,recap,Sun,2015,Cavaliers,Wizards,away,99-113,1&1,-2.5,206.5,-14,-16.5,5.5,-5.5,11.0,L,L,O,0"
"Feb"",""29,"",2016,recap,Mon,2015,Cavaliers,Pacers,home,100-96,0&0,-8.0,202.0,4,-4.0,-6.0,-5.0,-1.0,W,L,U,""0"
"Mar"",""04,"",2016,recap,Fri,2015,Cavaliers,Wizards,home,108-83,3&1,-8.0,209.0,25,17.0,-18.0,-0.5,-17.5,W,W,U,""0"
"Mar"",""05,"",2016,recap,Sat,2015,Cavaliers,Celtics,home,120-103,0&0,-8.0,211.5,17,9.0,11.5,10.2,1.2,W,W,O,""0"
"Mar"",""07,"",2016,recap,Mon,2015,Cavaliers,Grizzlies,home,103-106,1&0,-13.0,203.0,-3,-16.0,6.0,-5.0,11.0,L,L,O,""0"
"Mar"",""09,"",2016,recap,Wed,2015,Cavaliers,Kings,away,120-111,1&1,-7.0,218.0,9,2.0,13.0,7.5,5.5,W,W,O,""0"
"Mar"",""10,"",2016,recap,Thu,2015,Cavaliers,Lakers,away,120-108,0&1,-10.0,211.0,12,2.0,17.0,9.5,7.5,W,W,O,""0"
"Mar"",""13,"",2016,recap,Sun,2015,Cavaliers,Clippers,away,114-90,2&1,-2.5,207.5,24,21.5,-3.5,9.0,-12.5,W,W,U,""0"
"Mar"",""14,"",2016,recap,Mon,2015,Cavaliers,Jazz,away,85-94,0&0,-5.5,194.0,-9,-14.5,-15.0,-14.8,-0.2,L,L,U,""0"
"Mar"",""16,"",2016,recap,Wed,2015,Cavaliers,Mavericks,home,99-98,1&1,-6.0,206.5,1,-5.0,-9.5,-7.2,-2.2,W,L,U,""0"
"Mar"",""18,"",2016,recap,Fri,2015,Cavaliers,Magic,away,109-103,1&1,-9.0,211.0,6,-3.0,1.0,-1.0,2.0,W,L,O,""0"
"Mar"",""19,"",2016,recap,Sat,2015,Cavaliers,Heat,away,101-122,0&1,-3.5,207.0,-21,-24.5,16.0,-4.2,20.2,L,L,O,""0"
"Mar"",""21,"",2016,recap,Mon,2015,Cavaliers,Nuggets,home,124-91,1&1,-12.0,213.0,33,21.0,2.0,11.5,-9.5,W,W,O,""0"
"Mar"",""23,"",2016,recap,Wed,2015,Cavaliers,Bucks,home,113-104,1&1,-11.0,208.0,9,-2.0,9.0,3.5,5.5,W,L,O,""0"
"Mar"",""24,"",2016,recap,Thu,2015,Cavaliers,Nets,away,95-104,0&1,-8.5,208.5,-9,-17.5,-9.5,-13.5,4.0,L,L,U,""0"
"Mar"",""26,"",2016,recap,Sat,2015,Cavaliers,Knicks,away,107-93,1&1,-8.5,202.0,14,5.5,-2.0,1.8,-3.8,W,W,U,""0"
"Mar"",""29,"",2016,recap,Tue,2015,Cavaliers,Rockets,home,100-106,2&1,-1.5,212.0,-6,-7.5,-6.0,-6.8,0.8,L,L,U,""0"
"Mar"",""31,"",2016,recap,Thu,2015,Cavaliers,Nets,home,107-87,1&1,-16.5,210.5,20,3.5,-16.5,-6.5,-10.0,W,W,U,""0"
"Apr"",""01,"",2016,recap,Fri,2015,Cavaliers,Hawks,away,110-108,0&1,2.0,206.5,2,4.0,11.5,7.8,3.8,W,W,O,""1"
"Apr"",""03,"",2016,recap,Sun,2015,Cavaliers,Hornets,home,112-103,1&1,-6.5,203.5,9,2.5,11.5,7.0,4.5,W,W,O,""0"
"Apr"",""05,"",2016,recap,Tue,2015,Cavaliers,Bucks,away,109-80,1&1,-9.0,203.0,29,20.0,-14.0,3.0,-17.0,W,W,U,""0"
"Apr"",""06,"",2016,recap,Wed,2015,Cavaliers,Pacers,away,109-123,0&2,3.5,198.0,-14,-10.5,34.0,11.8,22.2,L,L,O,""0"
"Apr"",""09,"",2016,recap,Sat,2015,Cavaliers,Bulls,away,102-105,2&1,-7.0,205.0,-3,-10.0,2.0,-4.0,6.0,L,L,O,""0"
"Apr"",""11,"",2016,recap,Mon,2015,Cavaliers,Hawks,home,109-94,1&1,-6.0,204.0,15,9.0,-1.0,4.0,-5.0,W,W,U,""0"
"Apr"",""13,"",2016,recap,Wed,2015,Cavaliers,Pistons,home,110-112,1&0,-2.5,195.5,-2,-4.5,26.5,11.0,15.5,L,L,O,""1"
"Oct"",""25,"",2016,recap,Tue,2016,Cavaliers,Knicks,home,117-88,&,-10.0,206.0,29,19.0,-1.0,9.0,-10.0,W,W,U,""0"
"Oct"",""28,"",2016,recap,Fri,2016,Cavaliers,Raptors,away,94-91,2&1,-2.5,204.5,3,0.5,-19.5,-9.5,-10.0,W,W,U,""0"
"Oct"",""29,"",2016,recap,Sat,2016,Cavaliers,Magic,home,105-99,0&0,-11.0,204.5,6,-5.0,-0.5,-2.8,2.2,W,L,U,""0"
"Nov"",""01,"",2016,recap,Tue,2016,Cavaliers,Rockets,home,128-120,2&1,-9.0,217.5,8,-1.0,30.5,14.8,15.8,W,L,O,""0"
"Nov"",""03,"",2016,recap,Thu,2016,Cavaliers,Celtics,home,128-122,1&0,-10.0,208.5,6,-4.0,41.5,18.8,22.8,W,L,O,""0"
"Nov"",""05,"",2016,recap,Sat,2016,Cavaliers,Seventysixers,away,102-101,1&2,-12.0,205.5,1,-11.0,-2.5,-6.8,4.2,W,L,U,""0"
"Nov"",""08,"",2016,recap,Tue,2016,Cavaliers,Hawks,home,106-110,2&2,-7.5,208.0,-4,-11.5,8.0,-1.8,9.8,L,L,O,""0"
"Nov"",""11,"",2016,recap,Fri,2016,Cavaliers,Wizards,away,105-94,2&1,-7.5,210.0,11,3.5,-11.0,-3.8,-7.2,W,W,U,0"
"Nov"",""13,"",2016,recap,Sun,2016,Cavaliers,Hornets,home,100-93,1&1,-7.5,208.5,7,-0.5,-15.5,-8.0,-7.5,W,L,U,""0"
"Nov"",""15,"",2016,recap,Tue,2016,Cavaliers,Raptors,home,121-117,1&2,-6.0,209.5,4,-2.0,28.5,13.2,15.2,W,L,O,""0"
"Nov"",""16,"",2016,recap,Wed,2016,Cavaliers,Pacers,away,93-103,0&1,-1.0,209.0,-10,-11.0,-13.0,-12.0,-1.0,L,L,U,""0"
"Nov"",""18,"",2016,recap,Fri,2016,Cavaliers,Pistons,home,104-81,1&1,-9.0,203.0,23,14.0,-18.0,-2.0,-16.0,W,W,U,""0"
"Nov"",""23,"",2016,recap,Wed,2016,Cavaliers,Trailblazers,home,137-125,4&0,-11.5,218.5,12,0.5,43.5,22.0,21.5,W,W,O,""0"
"Nov"",""25,"",2016,recap,Fri,2016,Cavaliers,Mavericks,home,128-90,1&1,-14.5,202.5,38,23.5,15.5,19.5,-4.0,W,W,O,""0"
"Nov"",""27,"",2016,recap,Sun,2016,Cavaliers,Seventysixers,away,112-108,1&1,-11.0,210.0,4,-7.0,10.0,1.5,8.5,W,L,O,""0"
"Nov"",""29,"",2016,recap,Tue,2016,Cavaliers,Bucks,away,101-118,1&1,-6.5,212.5,-17,-23.5,6.5,-8.5,15.0,L,L,O,""0"
"Dec"",""01,"",2016,recap,Thu,2016,Cavaliers,Clippers,home,94-113,1&1,-4.0,214.5,-19,-23.0,-7.5,-15.2,7.8,L,L,U,""0"
"Dec"",""02,"",2016,recap,Fri,2016,Cavaliers,Bulls,away,105-111,0&1,-1.5,209.0,-6,-7.5,7.0,-0.2,7.2,L,L,O,""0"
"Dec"",""05,"",2016,recap,Mon,2016,Cavaliers,Raptors,away,116-112,2&1,-0.0,217.5,4,4.0,10.5,7.2,3.2,W,W,O,""0"
"Dec"",""07,"",2016,recap,Wed,2016,Cavaliers,Knicks,away,126-94,1&0,-8.5,216.5,32,23.5,3.5,13.5,-10.0,W,W,O,""0"
"Dec"",""09,"",2016,recap,Fri,2016,Cavaliers,Heat,home,114-84,1&1,-12.5,207.5,30,17.5,-9.5,4.0,-13.5,W,W,U,""0"
"Dec"",""10,"",2016,recap,Sat,2016,Cavaliers,Hornets,home,116-105,0&0,-8.0,214.0,11,3.0,7.0,5.0,2.0,W,W,O,""0"
"Dec"",""13,"",2016,recap,Tue,2016,Cavaliers,Grizzlies,home,103-86,2&2,-15.5,202.5,17,1.5,-13.5,-6.0,-7.5,W,W,U,""0"
"Dec"",""14,"",2016,recap,Wed,2016,Cavaliers,Grizzlies,away,85-93,0&0,7.5,189.0,-8,-0.5,-11.0,-5.8,-5.2,L,L,U,""0"
"Dec"",""17,"",2016,recap,Sat,2016,Cavaliers,Lakers,home,119-108,2&0,-15.0,219.5,11,-4.0,7.5,1.8,5.8,W,L,O,""0"
"Dec"",""20,"",2016,recap,Tue,2016,Cavaliers,Bucks,away,114-108,2&3,-3.5,212.5,6,2.5,9.5,6.0,3.5,W,W,O,""1"
"Dec"",""21,"",2016,recap,Wed,2016,Cavaliers,Bucks,home,113-102,0&0,-6.5,208.5,11,4.5,6.5,5.5,1.0,W,W,O,""0"
"Dec"",""23,"",2016,recap,Fri,2016,Cavaliers,Nets,home,119-99,1&0,-16.5,223.0,20,3.5,-5.0,-0.8,-4.2,W,W,U,""0"
"Dec"",""25,"",2016,recap,Sun,2016,Cavaliers,Warriors,home,109-108,1&1,2.5,219.5,1,3.5,-2.5,0.5,-3.0,W,W,U,""0"
"Dec"",""26,"",2016,recap,Mon,2016,Cavaliers,Pistons,away,90-106,0&2,5.0,200.0,-16,-11.0,-4.0,-7.5,3.5,L,L,U,""0"
"Dec"",""29,"",2016,recap,Thu,2016,Cavaliers,Celtics,home,124-118,2&1,-6.5,217.0,6,-0.5,25.0,12.2,12.8,W,L,O,""0"
"Dec"",""31,"",2016,recap,Sat,2016,Cavaliers,Hornets,away,121-109,1&1,-3.0,212.5,12,9.0,17.5,13.2,4.2,W,W,O,""0"
"Jan"",""02,"",2017,recap,Mon,2016,Cavaliers,Pelicans,home,90-82,1&2,-9.0,218.0,8,-1.0,-46.0,-23.5,-22.5,W,L,U,""0"
"Jan"",""04,"",2017,recap,Wed,2016,Cavaliers,Bulls,home,94-106,1&1,-3.0,203.5,-12,-15.0,-3.5,-9.2,5.8,L,L,U,""0"
"Jan"",""06,"",2017,recap,Fri,2016,Cavaliers,Nets,away,116-108,1&0,-12.5,220.5,8,-4.5,3.5,-0.5,4.0,W,L,O,""0"
"Jan"",""08,"",2017,recap,Sun,2016,Cavaliers,Suns,away,120-116,1&2,-8.5,219.0,4,-4.5,17.0,6.2,10.8,W,L,O,""0"
"Jan"",""10,"",2017,recap,Tue,2016,Cavaliers,Jazz,away,92-100,1&1,-1.5,201.0,-8,-9.5,-9.0,-9.2,0.2,L,L,U,""0"
"Jan"",""11,"",2017,recap,Wed,2016,Cavaliers,Trailblazers,away,86-102,0&0,-4.0,220.0,-16,-20.0,-32.0,-26.0,-6.0,L,L,U,0"
"Jan"",""13,"",2017,recap,Fri,2016,Cavaliers,Kings,away,120-108,1&2,-6.5,214.5,12,5.5,13.5,9.5,4.0,W,W,O,""0"
"Jan"",""16,"",2017,recap,Mon,2016,Cavaliers,Warriors,away,91-126,2&3,8.5,226.5,-35,-26.5,-9.5,-18.0,8.5,L,L,U,""0"
"Jan"",""19,"",2017,recap,Thu,2016,Cavaliers,Suns,home,118-103,2&2,-13.0,220.0,15,2.0,1.0,1.5,-0.5,W,W,O,""0"
"Jan"",""21,"",2017,recap,Sat,2016,Cavaliers,Spurs,home,115-118,1&1,-2.5,212.0,-3,-5.5,21.0,7.8,13.2,L,L,O,""1"
"Jan"",""23,"",2017,recap,Mon,2016,Cavaliers,Pelicans,away,122-124,1&2,-7.5,217.0,-2,-9.5,29.0,9.8,19.2,L,L,O,""0"
"Jan"",""25,"",2017,recap,Wed,2016,Cavaliers,Kings,home,112-116,1&1,-10.5,216.5,-4,-14.5,11.5,-1.5,13.0,L,L,O,""1"
"Jan"",""27,"",2017,recap,Fri,2016,Cavaliers,Nets,home,124-116,1&1,-15.5,227.0,8,-7.5,13.0,2.8,10.2,W,L,O,""0"
"Jan"",""29,"",2017,recap,Sun,2016,Cavaliers,Thunder,home,107-91,1&2,-7.5,217.5,16,8.5,-19.5,-5.5,-14.0,W,W,U,""0"
"Jan"",""30,"",2017,recap,Mon,2016,Cavaliers,Mavericks,away,97-104,0&0,-4.0,207.0,-7,-11.0,-6.0,-8.5,2.5,L,L,U,""0"
"Feb"",""01,"",2017,recap,Wed,2016,Cavaliers,Timberwolves,home,125-97,1&1,-7.0,216.0,28,21.0,6.0,13.5,-7.5,W,W,O,""0"
"Feb"",""04,"",2017,recap,Sat,2016,Cavaliers,Knicks,away,111-104,2&2,-6.5,217.5,7,0.5,-2.5,-1.0,-1.5,W,W,U,""0"
"Feb"",""06,"",2017,recap,Mon,2016,Cavaliers,Wizards,away,140-135,1&1,-1.0,220.0,5,4.0,55.0,29.5,25.5,W,W,O,1"
"Feb"",""08,"",2017,recap,Wed,2016,Cavaliers,Pacers,away,132-117,1&1,-3.5,216.5,15,11.5,32.5,22.0,10.5,W,W,O,""0"
"Feb"",""09,"",2017,recap,Thu,2016,Cavaliers,Thunder,away,109-118,0&2,8.5,219.0,-9,-0.5,8.0,3.8,4.2,L,L,O,""0"
"Feb"",""11,"",2017,recap,Sat,2016,Cavaliers,Nuggets,home,125-109,1&0,-12.0,232.5,16,4.0,1.5,2.8,-1.2,W,W,O,""0"
"Feb"",""14,"",2017,recap,Tue,2016,Cavaliers,Timberwolves,away,116-108,2&1,-4.5,219.5,8,3.5,4.5,4.0,0.5,W,W,O,0"
"Feb"",""15,"",2017,recap,Wed,2016,Cavaliers,Pacers,home,113-104,0&1,-6.5,218.0,9,2.5,-1.0,0.8,-1.8,W,W,U,""0"
"Feb"",""23,"",2017,recap,Thu,2016,Cavaliers,Knicks,home,119-104,7&7,-10.5,223.0,15,4.5,0.0,2.2,-2.2,W,W,P,""0"
"Feb"",""25,"",2017,recap,Sat,2016,Cavaliers,Bulls,home,99-117,1&0,-6.0,211.5,-18,-24.0,4.5,-9.8,14.2,L,L,O,""0"
"Feb"",""27,"",2017,recap,Mon,2016,Cavaliers,Bucks,home,102-95,1&0,-8.0,218.0,7,-1.0,-21.0,-11.0,-10.0,W,L,U,""0"
"Mar"",""01,"",2017,recap,Wed,2016,Cavaliers,Celtics,away,99-103,1&1,1.0,221.5,-4,-3.0,-19.5,-11.2,-8.2,L,L,U,""0"
"Mar"",""03,"",2017,recap,Fri,2016,Cavaliers,Hawks,away,135-130,1&1,-2.5,214.5,5,2.5,50.5,26.5,24.0,W,W,O,""0"
"Mar"",""04,"",2017,recap,Sat,2016,Cavaliers,Heat,away,92-120,0&0,8.0,210.0,-28,-20.0,2.0,-9.0,11.0,L,L,O,""0"
"Mar"",""06,"",2017,recap,Mon,2016,Cavaliers,Heat,home,98-106,1&1,-8.0,215.5,-8,-16.0,-11.5,-13.8,2.2,L,L,U,""0"
"Mar"",""09,"",2017,recap,Thu,2016,Cavaliers,Pistons,away,101-106,2&0,-4.5,216.5,-5,-9.5,-9.5,-9.5,0.0,L,L,U,""0"
"Mar"",""11,"",2017,recap,Sat,2016,Cavaliers,Magic,away,116-104,1&0,-9.0,215.0,12,3.0,5.0,4.0,1.0,W,W,O,""0"
"Mar"",""12,"",2017,recap,Sun,2016,Cavaliers,Rockets,away,112-117,0&1,5.5,232.0,-5,0.5,-3.0,-1.2,-1.8,L,W,U,""0"
"Mar"",""14,"",2017,recap,Tue,2016,Cavaliers,Pistons,home,128-96,1&2,-8.0,214.5,32,24.0,9.5,16.8,-7.2,W,W,O,""0"
"Mar"",""16,"",2017,recap,Thu,2016,Cavaliers,Jazz,home,91-83,1&0,-7.5,207.0,8,0.5,-33.0,-16.2,-16.8,W,W,U,""0"
"Mar"",""18,"",2017,recap,Sat,2016,Cavaliers,Clippers,away,78-108,1&1,13.5,218.0,-30,-16.5,-32.0,-24.2,-7.8,L,L,U,""0"
"Mar"",""19,"",2017,recap,Sun,2016,Cavaliers,Lakers,away,125-120,0&1,-10.5,223.0,5,-5.5,22.0,8.2,13.8,W,L,O,""0"
"Mar"",""22,"",2017,recap,Wed,2016,Cavaliers,Nuggets,away,113-126,2&1,-2.0,229.5,-13,-15.0,9.5,-2.8,12.2,L,L,O,""0"
"Mar"",""24,"",2017,recap,Fri,2016,Cavaliers,Hornets,away,112-105,1&1,-3.5,213.0,7,3.5,4.0,3.8,0.2,W,W,O,""0"
"Mar"",""25,"",2017,recap,Sat,2016,Cavaliers,Wizards,home,115-127,0&0,2.5,224.0,-12,-9.5,18.0,4.2,13.8,L,L,O,""0"
"Mar"",""27,"",2017,recap,Mon,2016,Cavaliers,Spurs,away,74-103,1&1,5.5,211.5,-29,-23.5,-34.5,-29.0,-5.5,L,L,U,0"
"Mar"",""30,"",2017,recap,Thu,2016,Cavaliers,Bulls,away,93-99,2&3,-5.5,211.0,-6,-11.5,-19.0,-15.2,-3.8,L,L,U,""0"
"Mar"",""31,"",2017,recap,Fri,2016,Cavaliers,Seventysixers,home,122-105,0&1,-12.0,218.5,17,5.0,8.5,6.8,1.8,W,W,O,""0"
"Apr"",""02,"",2017,recap,Sun,2016,Cavaliers,Pacers,home,135-130,1&1,-8.0,214.5,5,-3.0,50.5,23.8,26.8,W,L,O,""2"
"Apr"",""04,"",2017,recap,Tue,2016,Cavaliers,Magic,home,122-102,1&2,-11.0,221.5,20,9.0,2.5,5.8,-3.2,W,W,O,""0"
"Apr"",""05,"",2017,recap,Wed,2016,Cavaliers,Celtics,away,114-91,0&2,3.5,219.5,23,26.5,-14.5,6.0,-20.5,W,W,U,""0"
"Apr"",""07,"",2017,recap,Fri,2016,Cavaliers,Hawks,home,100-114,1&0,-12.0,212.5,-14,-26.0,1.5,-12.2,13.8,L,L,O,""0"
"Apr"",""09,"",2017,recap,Sun,2016,Cavaliers,Hawks,away,125-126,1&1,-3.5,214.0,-1,-4.5,37.0,16.2,20.8,L,L,O,""1"
"Apr"",""10,"",2017,recap,Mon,2016,Cavaliers,Heat,away,121-124,0&1,4.5,210.0,-3,1.5,35.0,18.2,16.8,L,W,O,""1"
"Apr"",""12,"",2017,recap,Wed,2016,Cavaliers,Raptors,home,83-98,1&2,3.5,202.0,-15,-11.5,-21.0,-16.2,-4.8,L,L,U,""0"
"Oct"",""17,"",2017,recap,Tue,2017,Cavaliers,Celtics,home,102-99,&,-3.5,212.5,3,-0.5,-11.5,-6.0,-5.5,W,L,U,""0"
"Oct"",""20,"",2017,recap,Fri,2017,Cavaliers,Bucks,away,116-97,2&1,-1.5,209.5,19,17.5,3.5,10.5,-7.0,W,W,O,""0"
"Oct"",""21,"",2017,recap,Sat,2017,Cavaliers,Magic,home,93-114,0&0,-11.5,214.5,-21,-32.5,-7.5,-20.0,12.5,L,L,U,""0"
"Oct"",""24,"",2017,recap,Tue,2017,Cavaliers,Bulls,home,119-112,2&2,-14.5,208.0,7,-7.5,23.0,7.8,15.2,W,L,O,""0"
"Oct"",""25,"",2017,recap,Wed,2017,Cavaliers,Nets,away,107-112,0&0,-7.0,224.0,-5,-12.0,-5.0,-8.5,3.5,L,L,U,""0"
"Oct"",""28,"",2017,recap,Sat,2017,Cavaliers,Pelicans,away,101-123,2&1,-2.5,219.5,-22,-24.5,4.5,-10.0,14.5,L,L,O,""0"
"Oct"",""29,"",2017,recap,Sun,2017,Cavaliers,Knicks,home,95-114,0&1,-10.5,208.5,-19,-29.5,0.5,-14.5,15.0,L,L,O,""0"
"Nov"",""01,"",2017,recap,Wed,2017,Cavaliers,Pacers,home,107-124,2&0,-10.0,217.5,-17,-27.0,13.5,-6.8,20.2,L,L,O,""0"
"Nov"",""03,"",2017,recap,Fri,2017,Cavaliers,Wizards,away,130-122,1&1,3.5,225.0,8,11.5,27.0,19.2,7.8,W,W,O,0"
"Nov"",""05,"",2017,recap,Sun,2017,Cavaliers,Hawks,home,115-117,1&1,-11.5,221.0,-2,-13.5,11.0,-1.2,12.2,L,L,O,""0"
"Nov"",""07,"",2017,recap,Tue,2017,Cavaliers,Bucks,home,124-119,1&3,-5.0,221.0,5,0.0,22.0,11.0,11.0,W,P,O,""0"
"Nov"",""09,"",2017,recap,Thu,2017,Cavaliers,Rockets,away,113-117,1&3,5.0,229.0,-4,1.0,1.0,1.0,0.0,L,W,O,""0"
"Nov"",""11,"",2017,recap,Sat,2017,Cavaliers,Mavericks,away,111-104,1&3,-6.0,216.0,7,1.0,-1.0,0.0,-1.0,W,W,U,""0"
"Nov"",""13,"",2017,recap,Mon,2017,Cavaliers,Knicks,away,104-101,1&1,-4.0,219.0,3,-1.0,-14.0,-7.5,-6.5,W,L,U,""0"
"Nov"",""15,"",2017,recap,Wed,2017,Cavaliers,Hornets,away,115-107,1&4,-2.0,219.0,8,6.0,3.0,4.5,-1.5,W,W,O,""0"
"Nov"",""17,"",2017,recap,Fri,2017,Cavaliers,Clippers,home,118-113,1&3,-6.5,222.0,5,-1.5,9.0,3.8,5.2,W,L,O,""1"
"Nov"",""20,"",2017,recap,Mon,2017,Cavaliers,Pistons,away,116-88,2&0,-2.5,216.0,28,25.5,-12.0,6.8,-18.8,W,W,U,""0"
"Nov"",""22,"",2017,recap,Wed,2017,Cavaliers,Nets,home,119-109,1&2,-11.0,228.0,10,-1.0,0.0,-0.5,0.5,W,L,P,""0"
"Nov"",""24,"",2017,recap,Fri,2017,Cavaliers,Hornets,home,100-99,1&1,-5.0,221.0,1,-4.0,-22.0,-13.0,-9.0,W,L,U,""0"
"Nov"",""27,"",2017,recap,Mon,2017,Cavaliers,Seventysixers,away,113-91,2&1,2.5,224.0,22,24.5,-20.0,2.2,-22.2,W,W,U,""0"
"Nov"",""28,"",2017,recap,Tue,2017,Cavaliers,Heat,home,108-97,0&1,-4.5,207.5,11,6.5,-2.5,2.0,-4.5,W,W,U,""0"
"Nov"",""30,"",2017,recap,Thu,2017,Cavaliers,Hawks,away,121-114,1&4,-7.5,215.5,7,-0.5,19.5,9.5,10.0,W,L,O,""0"
"Dec"",""02,"",2017,recap,Sat,2017,Cavaliers,Grizzlies,home,116-111,1&0,-11.5,207.5,5,-6.5,19.5,6.5,13.0,W,L,O,""0"
"Dec"",""04,"",2017,recap,Mon,2017,Cavaliers,Bulls,away,113-91,1&2,-9.5,210.5,22,12.5,-6.5,3.0,-9.5,W,W,U,""0"
"Dec"",""06,"",2017,recap,Wed,2017,Cavaliers,Kings,home,101-95,1&3,-12.5,210.5,6,-6.5,-14.5,-10.5,-4.0,W,L,U,""0"
"Dec"",""08,"",2017,recap,Fri,2017,Cavaliers,Pacers,away,102-106,1&1,-3.5,219.0,-4,-7.5,-11.0,-9.2,-1.8,L,L,U,""0"
"Dec"",""09,"",2017,recap,Sat,2017,Cavaliers,Seventysixers,home,105-98,0&1,-7.0,218.5,7,0.0,-15.5,-7.8,-7.8,W,P,U,""0"
"Dec"",""12,"",2017,recap,Tue,2017,Cavaliers,Hawks,home,123-114,2&1,-11.0,217.5,9,-2.0,19.5,8.8,10.8,W,L,O,""0"
"Dec"",""14,"",2017,recap,Thu,2017,Cavaliers,Lakers,home,121-112,1&1,-9.5,220.5,9,-0.5,12.5,6.0,6.5,W,L,O,""0"
"Dec"",""16,"",2017,recap,Sat,2017,Cavaliers,Jazz,home,109-100,1&0,-9.5,210.5,9,-0.5,-1.5,-1.0,-0.5,W,L,U,""0"
"Dec"",""17,"",2017,recap,Sun,2017,Cavaliers,Wizards,away,106-99,0&1,0.0,212.5,7,7.0,-7.5,-0.2,-7.2,W,W,U,0"
"Dec"",""19,"",2017,recap,Tue,2017,Cavaliers,Bucks,away,116-119,1&2,-1.0,217.0,-3,-4.0,18.0,7.0,11.0,L,L,O,""0"
"Dec"",""21,"",2017,recap,Thu,2017,Cavaliers,Bulls,home,115-112,1&0,-10.5,214.5,3,-7.5,12.5,2.5,10.0,W,L,O,""0"
"Dec"",""25,"",2017,recap,Mon,2017,Cavaliers,Warriors,away,92-99,3&1,5.0,215.5,-7,-2.0,-24.5,-13.2,-11.2,L,L,U,0"
"Dec"",""27,"",2017,recap,Wed,2017,Cavaliers,Kings,away,95-109,1&0,-9.0,207.5,-14,-23.0,-3.5,-13.2,9.8,L,L,U,""0"
"Dec"",""30,"",2017,recap,Sat,2017,Cavaliers,Jazz,away,101-104,2&2,-2.5,206.5,-3,-5.5,-1.5,-3.5,2.0,L,L,U,""0"
"Jan"",""02,"",2018,recap,Tue,2017,Cavaliers,Trailblazers,home,127-110,2&0,-9.0,216.0,17,8.0,21.0,14.5,6.5,W,W,O,""0"
"Jan"",""03,"",2018,recap,Wed,2017,Cavaliers,Celtics,away,88-102,0&2,3.0,212.5,-14,-11.0,-22.5,-16.8,-5.8,L,L,U,""0"
"Jan"",""06,"",2018,recap,Sat,2017,Cavaliers,Magic,away,131-127,2&2,-9.0,222.0,4,-5.0,36.0,15.5,20.5,W,L,O,""0"
"Jan"",""08,"",2018,recap,Mon,2017,Cavaliers,Timberwolves,away,99-127,1&1,-0.0,222.5,-28,-28.0,3.5,-12.2,15.8,L,L,O,""0"
"Jan"",""11,"",2018,recap,Thu,2017,Cavaliers,Raptors,away,99-133,2&1,-2.5,222.0,-34,-36.5,10.0,-13.2,23.2,L,L,O,""0"
"Jan"",""12,"",2018,recap,Fri,2017,Cavaliers,Pacers,away,95-97,0&1,-1.5,220.5,-2,-3.5,-28.5,-16.0,-12.5,L,L,U,""0"
"Jan"",""15,"",2018,recap,Mon,2017,Cavaliers,Warriors,home,108-118,2&1,5.5,231.0,-10,-4.5,-5.0,-4.8,-0.2,L,L,U,""0"
"Jan"",""18,"",2018,recap,Thu,2017,Cavaliers,Magic,home,104-103,2&1,-10.5,227.0,1,-9.5,-20.0,-14.8,-5.2,W,L,U,""0"
"Jan"",""20,"",2018,recap,Sat,2017,Cavaliers,Thunder,home,124-148,1&2,-3.0,221.5,-24,-27.0,50.5,11.8,38.8,L,L,O,""0"
"Jan"",""23,"",2018,recap,Tue,2017,Cavaliers,Spurs,away,102-114,2&1,-1.0,211.5,-12,-13.0,4.5,-4.2,8.8,L,L,O,""0"
"Jan"",""26,"",2018,recap,Fri,2017,Cavaliers,Pacers,home,115-108,2&1,-6.0,223.0,7,1.0,0.0,0.5,-0.5,W,W,P,""0"
"Jan"",""28,"",2018,recap,Sun,2017,Cavaliers,Pistons,home,121-104,1&0,-8.0,219.0,17,9.0,6.0,7.5,-1.5,W,W,O,""0"
"Jan"",""30,"",2018,recap,Tue,2017,Cavaliers,Pistons,away,114-125,1&1,-5.0,220.0,-11,-16.0,19.0,1.5,17.5,L,L,O,""0"
"Jan"",""31,"",2018,recap,Wed,2017,Cavaliers,Heat,home,91-89,0&1,-2.0,212.0,2,0.0,-32.0,-16.0,-16.0,W,P,U,""0"
"Feb"",""03,"",2018,recap,Sat,2017,Cavaliers,Rockets,home,88-120,2&1,4.0,229.0,-32,-28.0,-21.0,-24.5,3.5,L,L,U,""0"
"Feb"",""06,"",2018,recap,Tue,2017,Cavaliers,Magic,away,98-116,2&0,-6.5,222.5,-18,-24.5,-8.5,-16.5,8.0,L,L,U,""0"
"Feb"",""07,"",2018,recap,Wed,2017,Cavaliers,Timberwolves,home,140-138,0&3,3.5,225.0,2,5.5,53.0,29.2,23.8,W,W,O,""1"
"Feb"",""09,"",2018,recap,Fri,2017,Cavaliers,Hawks,away,123-107,1&0,-2.5,216.0,16,13.5,14.0,13.8,0.2,W,W,O,""0"
"Feb"",""11,"",2018,recap,Sun,2017,Cavaliers,Celtics,away,121-99,1&1,4.0,213.0,22,26.0,7.0,16.5,-9.5,W,W,O,""0"
"Feb"",""13,"",2018,recap,Tue,2017,Cavaliers,Thunder,away,120-112,1&1,2.0,223.5,8,10.0,8.5,9.2,-0.8,W,W,O,""0"
"Feb"",""22,"",2018,recap,Thu,2017,Cavaliers,Wizards,home,103-110,8&7,-5.5,221.0,-7,-12.5,-8.0,-10.2,2.2,L,L,U,""0"
"Feb"",""23,"",2018,recap,Fri,2017,Cavaliers,Grizzlies,away,112-89,0&8,-5.5,211.5,23,17.5,-10.5,3.5,-14.0,W,W,U,""0"
"Feb"",""25,"",2018,recap,Sun,2017,Cavaliers,Spurs,home,94-110,1&1,-4.5,213.0,-16,-20.5,-9.0,-14.8,5.8,L,L,U,""0"
"Feb"",""27,"",2018,recap,Tue,2017,Cavaliers,Nets,home,129-123,1&0,-10.5,221.0,6,-4.5,31.0,13.2,17.8,W,L,O,""0"
"Mar"",""01,"",2018,recap,Thu,2017,Cavaliers,Seventysixers,home,97-108,1&1,-3.0,223.0,-11,-14.0,-18.0,-16.0,-2.0,L,L,U,""0"
"Mar"",""03,"",2018,recap,Sat,2017,Cavaliers,Nuggets,home,117-126,1&0,-4.5,228.0,-9,-13.5,15.0,0.8,14.2,L,L,O,""0"
"Mar"",""05,"",2018,recap,Mon,2017,Cavaliers,Pistons,home,112-90,1&1,-7.0,219.5,22,15.0,-17.5,-1.2,-16.2,W,W,U,""0"
"Mar"",""07,"",2018,recap,Wed,2017,Cavaliers,Nuggets,away,113-108,1&0,3.0,230.0,5,8.0,-9.0,-0.5,-8.5,W,W,U,""0"
"Mar"",""09,"",2018,recap,Fri,2017,Cavaliers,Clippers,away,102-116,1&2,-0.0,230.0,-14,-14.0,-12.0,-13.0,1.0,L,L,U,""0"
"Mar"",""11,"",2018,recap,Sun,2017,Cavaliers,Lakers,away,113-127,1&1,-1.5,228.5,-14,-15.5,11.5,-2.0,13.5,L,L,O,""0"
"Mar"",""13,"",2018,recap,Tue,2017,Cavaliers,Suns,away,129-107,1&2,-7.5,230.0,22,14.5,6.0,10.2,-4.2,W,W,O,""0"
"Mar"",""15,"",2018,recap,Thu,2017,Cavaliers,Trailblazers,away,105-113,1&2,6.0,220.0,-8,-2.0,-2.0,-2.0,0.0,L,L,U,0"
"Mar"",""17,"",2018,recap,Sat,2017,Cavaliers,Bulls,away,114-109,1&1,-6.5,222.5,5,-1.5,0.5,-0.5,1.0,W,L,O,""0"
"Mar"",""19,"",2018,recap,Mon,2017,Cavaliers,Bucks,home,124-117,1&1,-3.5,226.0,7,3.5,15.0,9.2,5.8,W,W,O,""0"
"Mar"",""21,"",2018,recap,Wed,2017,Cavaliers,Raptors,home,132-129,1&0,-1.0,227.0,3,2.0,34.0,18.0,16.0,W,W,O,""0"
"Mar"",""23,"",2018,recap,Fri,2017,Cavaliers,Suns,home,120-95,1&2,-15.0,228.0,25,10.0,-13.0,-1.5,-11.5,W,W,U,""0"
"Mar"",""25,"",2018,recap,Sun,2017,Cavaliers,Nets,away,121-114,1&1,-6.5,230.0,7,0.5,5.0,2.8,2.2,W,W,O,""0"
"Mar"",""27,"",2018,recap,Tue,2017,Cavaliers,Heat,away,79-98,1&1,-2.0,218.5,-19,-21.0,-41.5,-31.2,-10.2,L,L,U,""0"
"Mar"",""28,"",2018,recap,Wed,2017,Cavaliers,Hornets,away,118-105,0&1,0.0,225.0,13,13.0,-2.0,5.5,-7.5,W,W,U,""0"
"Mar"",""30,"",2018,recap,Fri,2017,Cavaliers,Pelicans,home,107-102,1&2,-4.5,227.0,5,0.5,-18.0,-8.8,-9.2,W,W,U,""0"
"Apr"",""01,"",2018,recap,Sun,2017,Cavaliers,Mavericks,home,98-87,1&1,-10.5,213.0,11,0.5,-28.0,-13.8,-14.2,W,W,U,""0"
"Apr"",""03,"",2018,recap,Tue,2017,Cavaliers,Raptors,home,112-106,1&2,-1.0,222.0,6,5.0,-4.0,0.5,-4.5,W,W,U,""0"
"Apr"",""05,"",2018,recap,Thu,2017,Cavaliers,Wizards,home,119-115,1&1,-5.5,220.0,4,-1.5,14.0,6.2,7.8,W,L,O,""0"
"Apr"",""06,"",2018,recap,Fri,2017,Cavaliers,Seventysixers,away,130-132,0&1,3.5,225.5,-2,1.5,36.5,19.0,17.5,L,W,O,""0"
"Apr"",""09,"",2018,recap,Mon,2017,Cavaliers,Knicks,away,123-109,2&1,-12.0,223.0,14,2.0,9.0,5.5,3.5,W,W,O,""0"
"Apr"",""11,"",2018,recap,Wed,2017,Cavaliers,Knicks,home,98-110,1&1,-8.5,213.5,-12,-20.5,-5.5,-13.0,7.5,L,L,U,""0"
"Oct"",""17,"",2018,recap,Wed,2018,Cavaliers,Raptors,away,104-116,&,12.5,215.5,-12,0.5,4.5,2.5,2.0,L,W,O,""0"
"Oct"",""19,"",2018,recap,Fri,2018,Cavaliers,Timberwolves,away,123-131,1&1,8.5,223.5,-8,0.5,30.5,15.5,15.0,L,W,O,0"
"Oct"",""21,"",2018,recap,Sun,2018,Cavaliers,Hawks,home,111-133,1&1,-7.5,233.0,-22,-29.5,11.0,-9.2,20.2,L,L,O,""0"
"Oct"",""24,"",2018,recap,Wed,2018,Cavaliers,Nets,home,86-102,2&3,-2.5,227.5,-16,-18.5,-39.5,-29.0,-10.5,L,L,U,""0"
"Oct"",""25,"",2018,recap,Thu,2018,Cavaliers,Pistons,away,103-110,0&1,8.0,217.0,-7,1.0,-4.0,-1.5,-2.5,L,W,U,""0"
"Oct"",""27,"",2018,recap,Sat,2018,Cavaliers,Pacers,home,107-119,1&2,7.0,215.0,-12,-5.0,11.0,3.0,8.0,L,L,O,""0"
"Oct"",""30,"",2018,recap,Tue,2018,Cavaliers,Hawks,home,136-114,2&0,-5.0,227.0,22,17.0,23.0,20.0,3.0,W,W,O,""0"
"Nov"",""01,"",2018,recap,Thu,2018,Cavaliers,Nuggets,home,91-110,1&0,6.0,217.5,-19,-13.0,-16.5,-14.8,-1.8,L,L,U,""0"
"Nov"",""03,"",2018,recap,Sat,2018,Cavaliers,Hornets,away,94-126,1&1,10.0,225.5,-32,-22.0,-5.5,-13.8,8.2,L,L,U,""0"
"Nov"",""05,"",2018,recap,Mon,2018,Cavaliers,Magic,away,100-102,1&0,4.5,212.5,-2,2.5,-10.5,-4.0,-6.5,L,W,U,""0"
"Nov"",""07,"",2018,recap,Wed,2018,Cavaliers,Thunder,home,86-95,1&1,6.0,217.5,-9,-3.0,-36.5,-19.8,-16.8,L,L,U,""0"
"Nov"",""10,"",2018,recap,Sat,2018,Cavaliers,Bulls,away,98-99,2&2,4.5,211.5,-1,3.5,-14.5,-5.5,-9.0,L,W,U,""0"
"Nov"",""13,"",2018,recap,Tue,2018,Cavaliers,Hornets,home,113-89,2&1,6.5,215.0,24,30.5,-13.0,8.8,-21.8,W,W,U,""0"
"Nov"",""14,"",2018,recap,Wed,2018,Cavaliers,Wizards,away,95-119,0&1,12.0,216.5,-24,-12.0,-2.5,-7.2,4.8,L,L,U,0"
"Nov"",""19,"",2018,recap,Mon,2018,Cavaliers,Pistons,away,102-113,4&4,10.0,214.0,-11,-1.0,1.0,0.0,1.0,L,L,O,""0"
"Nov"",""21,"",2018,recap,Wed,2018,Cavaliers,Lakers,home,105-109,1&2,9.0,221.0,-4,5.0,-7.0,-1.0,-6.0,L,W,U,""0"
"Nov"",""23,"",2018,recap,Fri,2018,Cavaliers,Seventysixers,away,121-112,1&1,13.0,220.0,9,22.0,13.0,17.5,-4.5,W,W,O,""0"
"Nov"",""24,"",2018,recap,Sat,2018,Cavaliers,Rockets,home,117-108,0&0,6.5,213.0,9,15.5,12.0,13.8,-1.8,W,W,O,""0"
"Nov"",""26,"",2018,recap,Mon,2018,Cavaliers,Timberwolves,home,95-102,1&1,6.0,215.0,-7,-1.0,-18.0,-9.5,-8.5,L,L,U,""0"
"Nov"",""28,"",2018,recap,Wed,2018,Cavaliers,Thunder,away,83-100,1&3,13.0,216.0,-17,-4.0,-33.0,-18.5,-14.5,L,L,U,""0"
"Nov"",""30,"",2018,recap,Fri,2018,Cavaliers,Celtics,away,95-128,1&3,13.0,209.0,-33,-20.0,14.0,-3.0,17.0,L,L,O,""0"
"Dec"",""01,"",2018,recap,Sat,2018,Cavaliers,Raptors,home,95-106,0&1,12.0,213.0,-11,1.0,-12.0,-5.5,-6.5,L,W,U,""0"
"Dec"",""03,"",2018,recap,Mon,2018,Cavaliers,Nets,away,99-97,1&1,6.0,211.0,2,8.0,-15.0,-3.5,-11.5,W,W,U,""0"
"Dec"",""05,"",2018,recap,Wed,2018,Cavaliers,Warriors,home,105-129,1&1,11.5,223.5,-24,-12.5,10.5,-1.0,11.5,L,L,O,""0"
"Dec"",""07,"",2018,recap,Fri,2018,Cavaliers,Kings,home,110-129,1&2,3.0,223.0,-19,-16.0,16.0,0.0,16.0,L,L,O,""0"
"Dec"",""08,"",2018,recap,Sat,2018,Cavaliers,Wizards,home,116-101,0&2,6.0,217.5,15,21.0,-0.5,10.2,-10.8,W,W,U,""0"
"Dec"",""10,"",2018,recap,Mon,2018,Cavaliers,Bucks,away,92-108,1&0,14.0,219.0,-16,-2.0,-19.0,-10.5,-8.5,L,L,U,""0"
"Dec"",""12,"",2018,recap,Wed,2018,Cavaliers,Knicks,home,113-106,1&2,0.0,215.0,7,7.0,4.0,5.5,-1.5,W,W,O,""0"
"Dec"",""14,"",2018,recap,Fri,2018,Cavaliers,Bucks,home,102-114,1&1,10.5,218.0,-12,-1.5,-2.0,-1.8,-0.2,L,L,U,""0"
"Dec"",""16,"",2018,recap,Sun,2018,Cavaliers,Seventysixers,home,105-128,1&1,8.0,219.5,-23,-15.0,13.5,-0.8,14.2,L,L,O,""0"
"Dec"",""18,"",2018,recap,Tue,2018,Cavaliers,Pacers,away,92-91,1&1,12.0,206.0,1,13.0,-23.0,-5.0,-18.0,W,W,U,0"
"Dec"",""19,"",2018,recap,Wed,2018,Cavaliers,Hornets,away,99-110,0&3,12.5,214.0,-11,1.5,-5.0,-1.8,-3.2,L,W,U,""0"
"Dec"",""21,"",2018,recap,Fri,2018,Cavaliers,Raptors,away,110-126,1&1,12.5,210.0,-16,-3.5,26.0,11.2,14.8,L,L,O,""0"
"Dec"",""23,"",2018,recap,Sun,2018,Cavaliers,Bulls,home,92-112,1&1,-1.0,202.0,-20,-21.0,2.0,-9.5,11.5,L,L,O,""0"
"Dec"",""26,"",2018,recap,Wed,2018,Cavaliers,Grizzlies,away,87-95,2&2,9.5,196.5,-8,1.5,-14.5,-6.5,-8.0,L,W,U,""0"
"Dec"",""28,"",2018,recap,Fri,2018,Cavaliers,Heat,away,94-118,1&1,10.0,200.5,-24,-14.0,11.5,-1.2,12.8,L,L,O,""0"
"Dec"",""29,"",2018,recap,Sat,2018,Cavaliers,Hawks,away,108-111,0&0,3.5,219.0,-3,0.5,0.0,0.2,-0.2,L,W,P,""0"
"Jan"",""02,"",2019,recap,Wed,2018,Cavaliers,Heat,home,92-117,3&2,6.0,204.5,-25,-19.0,4.5,-7.2,11.8,L,L,O,""0"
"Jan"",""04,"",2019,recap,Fri,2018,Cavaliers,Jazz,home,91-117,1&2,10.0,208.0,-26,-16.0,0.0,-8.0,8.0,L,L,P,""0"
"Jan"",""05,"",2019,recap,Sat,2018,Cavaliers,Pelicans,home,98-133,0&2,10.0,223.0,-35,-25.0,8.0,-8.5,16.5,L,L,O,""0"
"Jan"",""08,"",2019,recap,Tue,2018,Cavaliers,Pacers,home,115-123,2&1,10.5,208.0,-8,2.5,30.0,16.2,13.8,L,W,O,""0"
"Jan"",""09,"",2019,recap,Wed,2018,Cavaliers,Pelicans,away,124-140,0&1,15.0,224.5,-16,-1.0,39.5,19.2,20.2,L,L,O,""0"
"Jan"",""11,"",2019,recap,Fri,2018,Cavaliers,Rockets,away,113-141,1&1,14.0,218.0,-28,-14.0,36.0,11.0,25.0,L,L,O,""0"
"Jan"",""13,"",2019,recap,Sun,2018,Cavaliers,Lakers,away,101-95,1&1,10.5,217.5,6,16.5,-21.5,-2.5,-19.0,W,W,U,""0"
"Jan"",""16,"",2019,recap,Wed,2018,Cavaliers,Trailblazers,away,112-129,2&1,13.0,216.5,-17,-4.0,24.5,10.2,14.2,L,L,O,""0"
"Jan"",""18,"",2019,recap,Fri,2018,Cavaliers,Jazz,away,99-115,1&1,15.5,214.0,-16,-0.5,0.0,-0.2,0.2,L,L,P,""0"
"Jan"",""19,"",2019,recap,Sat,2018,Cavaliers,Nuggets,away,102-124,0&1,18.5,218.0,-22,-3.5,8.0,2.2,5.8,L,L,O,""0"
"Jan"",""21,"",2019,recap,Mon,2018,Cavaliers,Bulls,home,88-104,1&1,2.5,211.5,-16,-13.5,-19.5,-16.5,-3.0,L,L,U,""0"
"Jan"",""23,"",2019,recap,Wed,2018,Cavaliers,Celtics,away,103-123,1&1,17.5,216.5,-20,-2.5,9.5,3.5,6.0,L,L,O,""0"
"Jan"",""25,"",2019,recap,Fri,2018,Cavaliers,Heat,home,94-100,1&1,8.5,207.5,-6,2.5,-13.5,-5.5,-8.0,L,W,U,""0"
"Jan"",""27,"",2019,recap,Sun,2018,Cavaliers,Bulls,away,104-101,1&1,5.0,210.0,3,8.0,-5.0,1.5,-6.5,W,W,U,""0"
"Jan"",""29,"",2019,recap,Tue,2018,Cavaliers,Wizards,home,116-113,1&1,6.5,219.0,3,9.5,10.0,9.8,0.2,W,W,O,""0"
"Feb"",""02,"",2019,recap,Sat,2018,Cavaliers,Mavericks,home,98-111,3&1,8.5,210.0,-13,-4.5,-1.0,-2.8,1.8,L,L,U,""0"
"Feb"",""05,"",2019,recap,Tue,2018,Cavaliers,Celtics,home,96-103,2&1,10.5,210.0,-7,3.5,-11.0,-3.8,-7.2,L,W,U,""0"
"Feb"",""08,"",2019,recap,Fri,2018,Cavaliers,Wizards,away,106-119,2&1,10.0,221.5,-13,-3.0,3.5,0.2,3.2,L,L,O,0"
"Feb"",""09,"",2019,recap,Sat,2018,Cavaliers,Pacers,away,90-105,0&1,14.5,210.0,-15,-0.5,-15.0,-7.8,-7.2,L,L,U,""0"
"Feb"",""11,"",2019,recap,Mon,2018,Cavaliers,Knicks,home,107-104,1&1,-1.5,210.0,3,1.5,1.0,1.2,-0.2,W,W,O,""0"
"Feb"",""13,"",2019,recap,Wed,2018,Cavaliers,Nets,home,139-148,1&1,8.0,225.0,-9,-1.0,62.0,30.5,31.5,L,L,O,""3"
"Feb"",""21,"",2019,recap,Thu,2018,Cavaliers,Suns,home,111-98,7&7,-1.0,218.0,13,12.0,-9.0,1.5,-10.5,W,W,U,""0"
"Feb"",""23,"",2019,recap,Sat,2018,Cavaliers,Grizzlies,home,112-107,1&0,-2.5,209.0,5,2.5,10.0,6.2,3.8,W,W,O,""0"
"Feb"",""25,"",2019,recap,Mon,2018,Cavaliers,Trailblazers,home,110-123,1&1,9.5,225.0,-13,-3.5,8.0,2.2,5.8,L,L,O,""0"
"Feb"",""28,"",2019,recap,Thu,2018,Cavaliers,Knicks,away,125-118,2&1,1.5,220.5,7,8.5,22.5,15.5,7.0,W,W,O,""0"
"Mar"",""02,"",2019,recap,Sat,2018,Cavaliers,Pistons,home,93-129,1&2,8.0,216.5,-36,-28.0,5.5,-11.2,16.8,L,L,O,""0"
"Mar"",""03,"",2019,recap,Sun,2018,Cavaliers,Magic,home,107-93,0&0,5.5,214.5,14,19.5,-14.5,2.5,-17.0,W,W,U,""0"
"Mar"",""06,"",2019,recap,Wed,2018,Cavaliers,Nets,away,107-113,2&1,8.5,225.5,-6,2.5,-5.5,-1.5,-4.0,L,W,U,""0"
"Mar"",""08,"",2019,recap,Fri,2018,Cavaliers,Heat,away,110-126,1&1,9.0,213.5,-16,-7.0,22.5,7.8,14.8,L,L,O,""0"
"Mar"",""11,"",2019,recap,Mon,2018,Cavaliers,Raptors,home,126-101,2&0,8.5,224.0,25,33.5,3.0,18.2,-15.2,W,W,O,""0"
"Mar"",""12,"",2019,recap,Tue,2018,Cavaliers,Seventysixers,away,99-106,0&1,13.5,222.0,-7,6.5,-17.0,-5.2,-11.8,L,W,U,0"
"Mar"",""14,"",2019,recap,Thu,2018,Cavaliers,Magic,away,91-120,1&0,9.0,211.5,-29,-20.0,-0.5,-10.2,9.8,L,L,U,""0"
"Mar"",""16,"",2019,recap,Sat,2018,Cavaliers,Mavericks,away,116-121,1&1,5.5,217.5,-5,0.5,19.5,10.0,9.5,L,W,O,""0"
"Mar"",""18,"",2019,recap,Mon,2018,Cavaliers,Pistons,home,126-119,1&0,6.5,214.5,7,13.5,30.5,22.0,8.5,W,W,O,""0"
"Mar"",""20,"",2019,recap,Wed,2018,Cavaliers,Bucks,home,107-102,1&0,5.5,224.5,5,10.5,-15.5,-2.5,-13.0,W,W,U,""0"
"Mar"",""22,"",2019,recap,Fri,2018,Cavaliers,Clippers,home,108-110,1&2,6.5,226.5,-2,4.5,-8.5,-2.0,-6.5,L,W,U,""0"
"Mar"",""24,"",2019,recap,Sun,2018,Cavaliers,Bucks,away,105-127,1&1,14.0,224.0,-22,-8.0,8.0,0.0,8.0,L,L,O,""0"
"Mar"",""26,"",2019,recap,Tue,2018,Cavaliers,Celtics,home,106-116,1&1,6.0,216.0,-10,-4.0,6.0,1.0,5.0,L,L,O,""0"
"Mar"",""28,"",2019,recap,Thu,2018,Cavaliers,Spurs,away,110-116,1&1,11.5,218.0,-6,5.5,8.0,6.8,1.2,L,W,O,0"
"Mar"",""30,"",2019,recap,Sat,2018,Cavaliers,Clippers,away,108-132,1&1,10.0,228.5,-24,-14.0,11.5,-1.2,12.8,L,L,O,""0"
"Apr"",""01,"",2019,recap,Mon,2018,Cavaliers,Suns,away,113-122,1&1,2.5,224.5,-9,-6.5,10.5,2.0,8.5,L,L,O,""0"
"Apr"",""04,"",2019,recap,Thu,2018,Cavaliers,Kings,away,104-117,2&1,10.0,228.5,-13,-3.0,-7.5,-5.2,-2.2,L,L,U,""0"
"Apr"",""05,"",2019,recap,Fri,2018,Cavaliers,Warriors,away,114-120,0&0,16.0,227.0,-6,10.0,7.0,8.5,-1.5,L,W,O,""0"
"Apr"",""07,"",2019,recap,Sun,2018,Cavaliers,Spurs,home,90-112,1&1,9.0,219.0,-22,-13.0,-17.0,-15.0,-2.0,L,L,U,""0"
"Apr"",""09,"",2019,recap,Tue,2018,Cavaliers,Hornets,home,97-124,1&1,9.0,220.5,-27,-18.0,0.5,-8.8,9.2,L,L,O,""0"
"Oct"",""23,"",2019,recap,Wed,2019,Cavaliers,Magic,away,85-94,&,9.5,211.5,-9,0.5,-32.5,-16.0,-16.5,L,W,U,""0"
"Oct"",""26,"",2019,recap,Sat,2019,Cavaliers,Pacers,home,110-99,2&2,5.0,213.5,11,16.0,-4.5,5.8,-10.2,W,W,U,""0"
"Oct"",""28,"",2019,recap,Mon,2019,Cavaliers,Bucks,away,112-129,1&1,15.5,224.0,-17,-1.5,17.0,7.8,9.2,L,L,O,""0"
"Oct"",""30,"",2019,recap,Wed,2019,Cavaliers,Bulls,home,117-111,1&1,1.0,217.0,6,7.0,11.0,9.0,2.0,W,W,O,""0"
"Nov"",""01,"",2019,recap,Fri,2019,Cavaliers,Pacers,away,95-102,1&1,7.5,211.0,-7,0.5,-14.0,-6.8,-7.2,L,W,U,""0"
"Nov"",""03,"",2019,recap,Sun,2019,Cavaliers,Mavericks,home,111-131,1&1,5.5,218.0,-20,-14.5,24.0,4.8,19.2,L,L,O,""0"
"Nov"",""05,"",2019,recap,Tue,2019,Cavaliers,Celtics,home,113-119,1&3,6.0,215.5,-6,0.0,16.5,8.2,8.2,L,P,O,""0"
"Nov"",""08,"",2019,recap,Fri,2019,Cavaliers,Wizards,away,113-100,2&1,4.5,229.0,13,17.5,-16.0,0.8,-16.8,W,W,U,0"
"Nov"",""10,"",2019,recap,Sun,2019,Cavaliers,Knicks,away,108-87,1&1,2.0,210.5,21,23.0,-15.5,3.8,-19.2,W,W,U,""0"
"Nov"",""12,"",2019,recap,Tue,2019,Cavaliers,Seventysixers,away,97-98,1&1,10.5,216.0,-1,9.5,-21.0,-5.8,-15.2,L,W,U,""0"
"Nov"",""14,"",2019,recap,Thu,2019,Cavaliers,Heat,home,97-108,1&1,4.5,215.5,-11,-6.5,-10.5,-8.5,-2.0,L,L,U,""0"
"Nov"",""17,"",2019,recap,Sun,2019,Cavaliers,Seventysixers,home,95-114,2&1,7.0,214.0,-19,-12.0,-5.0,-8.5,3.5,L,L,U,""0"
"Nov"",""18,"",2019,recap,Mon,2019,Cavaliers,Knicks,away,105-123,0&1,5.5,211.0,-18,-12.5,17.0,2.2,14.8,L,L,O,""0"
"Nov"",""20,"",2019,recap,Wed,2019,Cavaliers,Heat,away,100-124,1&3,10.5,214.0,-24,-13.5,10.0,-1.8,11.8,L,L,O,""0"
"Nov"",""22,"",2019,recap,Fri,2019,Cavaliers,Mavericks,away,101-143,1&1,10.0,221.5,-42,-32.0,22.5,-4.8,27.2,L,L,O,""0"
"Nov"",""23,"",2019,recap,Sat,2019,Cavaliers,Trailblazers,home,110-104,0&1,4.5,223.5,6,10.5,-9.5,0.5,-10.0,W,W,U,""0"
"Nov"",""25,"",2019,recap,Mon,2019,Cavaliers,Nets,home,106-108,1&0,0.0,217.5,-2,-2.0,-3.5,-2.8,-0.8,L,L,U,""0"
"Nov"",""27,"",2019,recap,Wed,2019,Cavaliers,Magic,home,104-116,1&1,1.0,209.5,-12,-11.0,10.5,-0.2,10.8,L,L,O,""0"
"Nov"",""29,"",2019,recap,Fri,2019,Cavaliers,Bucks,home,110-119,1&1,11.5,229.0,-9,2.5,0.0,1.2,-1.2,L,W,P,""0"
"Dec"",""03,"",2019,recap,Tue,2019,Cavaliers,Pistons,home,94-127,3&1,3.5,216.5,-33,-29.5,4.5,-12.5,17.0,L,L,O,""0"
"Dec"",""06,"",2019,recap,Fri,2019,Cavaliers,Magic,home,87-93,2&1,4.0,210.5,-6,-2.0,-30.5,-16.2,-14.2,L,L,U,""0"
"Dec"",""07,"",2019,recap,Sat,2019,Cavaliers,Seventysixers,away,94-141,0&1,12.0,213.0,-47,-35.0,22.0,-6.5,28.5,L,L,O,0"
"Dec"",""09,"",2019,recap,Mon,2019,Cavaliers,Celtics,away,88-110,1&2,14.0,214.5,-22,-8.0,-16.5,-12.2,-4.2,L,L,U,""0"
"Dec"",""11,"",2019,recap,Wed,2019,Cavaliers,Rockets,home,110-116,1&1,11.0,228.5,-6,5.0,-2.5,1.2,-3.8,L,W,U,""0"
"Dec"",""12,"",2019,recap,Thu,2019,Cavaliers,Spurs,away,117-109,0&5,11.5,220.5,8,19.5,5.5,12.5,-7.0,W,W,O,1"
"Dec"",""14,"",2019,recap,Sat,2019,Cavaliers,Bucks,away,108-125,1&0,14.0,223.0,-17,-3.0,10.0,3.5,6.5,L,L,O,""0"
"Dec"",""16,"",2019,recap,Mon,2019,Cavaliers,Raptors,away,113-133,1&1,13.0,217.0,-20,-7.0,29.0,11.0,18.0,L,L,O,""0"
"Dec"",""18,"",2019,recap,Wed,2019,Cavaliers,Hornets,home,100-98,1&0,-3.0,212.0,2,-1.0,-14.0,-7.5,-6.5,W,L,U,""0"
"Dec"",""20,"",2019,recap,Fri,2019,Cavaliers,Grizzlies,home,114-107,1&1,1.5,222.0,7,8.5,-1.0,3.8,-4.8,W,W,U,""0"
"Dec"",""23,"",2019,recap,Mon,2019,Cavaliers,Hawks,home,121-118,2&1,0.0,229.5,3,3.0,9.5,6.2,3.2,W,W,O,""0"
"Dec"",""27,"",2019,recap,Fri,2019,Cavaliers,Celtics,away,117-129,3&1,13.0,217.0,-12,1.0,29.0,15.0,14.0,L,W,O,""0"
"Dec"",""28,"",2019,recap,Sat,2019,Cavaliers,Timberwolves,away,94-88,0&1,6.5,217.5,6,12.5,-35.5,-11.5,-24.0,W,W,U,""0"
