"Jan"",""02,"",2015,recap,Fri,2014,Pelicans,Rockets,home,111-83,1&1,2.0,203.0,28,30.0,-9.0,10.5,-19.5,W,W,U,""0"
"Jan"",""05,"",2015,recap,Mon,2014,Pelicans,Wizards,home,85-92,2&1,-2.0,200.5,-7,-9.0,-23.5,-16.2,-7.2,L,L,U,""0"
"Jan"",""07,"",2015,recap,Wed,2014,Pelicans,Hornets,away,94-98,1&1,-4.5,192.0,-4,-8.5,0.0,-4.2,4.2,L,L,P,""0"
"Jan"",""09,"",2015,recap,Fri,2014,Pelicans,Grizzlies,home,106-95,1&1,-2.0,196.5,11,9.0,4.5,6.8,-2.2,W,W,O,""0"
"Jan"",""12,"",2015,recap,Mon,2014,Pelicans,Celtics,away,100-108,2&1,-4.5,205.0,-8,-12.5,3.0,-4.8,7.8,L,L,O,""0"
"Jan"",""14,"",2015,recap,Wed,2014,Pelicans,Pistons,away,105-94,1&1,4.0,203.0,11,15.0,-4.0,5.5,-9.5,W,W,U,""0"
"Jan"",""16,"",2015,recap,Fri,2014,Pelicans,Seventysixers,away,81-96,1&1,-7.0,192.0,-15,-22.0,-15.0,-18.5,3.5,L,L,U,""0"
"Jan"",""18,"",2015,recap,Sun,2014,Pelicans,Raptors,away,95-93,1&1,9.5,203.5,2,11.5,-15.5,-2.0,-13.5,W,W,U,""0"
"Jan"",""19,"",2015,recap,Mon,2014,Pelicans,Knicks,away,92-99,0&3,-5.0,191.0,-7,-12.0,0.0,-6.0,6.0,L,L,P,""0"
"Jan"",""21,"",2015,recap,Wed,2014,Pelicans,Lakers,home,96-80,1&1,-8.0,202.0,16,8.0,-26.0,-9.0,-17.0,W,W,U,""0"
"Jan"",""23,"",2015,recap,Fri,2014,Pelicans,Timberwolves,away,92-84,1&1,-7.0,199.0,8,1.0,-23.0,-11.0,-12.0,W,W,U,""0"
"Jan"",""25,"",2015,recap,Sun,2014,Pelicans,Mavericks,home,109-106,1&1,3.0,200.0,3,6.0,15.0,10.5,4.5,W,W,O,""0"
"Jan"",""26,"",2015,recap,Mon,2014,Pelicans,Seventysixers,home,99-74,0&1,-14.0,188.0,25,11.0,-15.0,-2.0,-13.0,W,W,U,""0"
"Jan"",""28,"",2015,recap,Wed,2014,Pelicans,Nuggets,home,85-93,1&1,-6.0,200.0,-8,-14.0,-22.0,-18.0,-4.0,L,L,U,""0"
"Jan"",""30,"",2015,recap,Fri,2014,Pelicans,Clippers,home,108-103,1&1,7.0,199.0,5,12.0,12.0,12.0,0.0,W,W,O,""0"
"Feb"",""02,"",2015,recap,Mon,2014,Pelicans,Hawks,home,115-100,2&1,3.5,196.0,15,18.5,19.0,18.8,0.2,W,W,O,""0"
"Feb"",""04,"",2015,recap,Wed,2014,Pelicans,Thunder,home,91-102,1&1,-3.5,193.0,-11,-14.5,0.0,-7.2,7.2,L,L,P,""0"
"Feb"",""06,"",2015,recap,Fri,2014,Pelicans,Thunder,away,116-113,1&1,5.0,198.0,3,8.0,31.0,19.5,11.5,W,W,O,""0"
"Feb"",""07,"",2015,recap,Sat,2014,Pelicans,Bulls,home,72-107,0&2,2.5,195.5,-35,-32.5,-16.5,-24.5,8.0,L,L,U,""0"
"Feb"",""09,"",2015,recap,Mon,2014,Pelicans,Jazz,home,96-100,1&1,-3.0,188.0,-4,-7.0,8.0,0.5,7.5,L,L,O,""0"
"Feb"",""11,"",2015,recap,Wed,2014,Pelicans,Pacers,home,93-106,1&1,-1.0,189.5,-13,-14.0,9.5,-2.2,11.8,L,L,O,""0"
"Feb"",""20,"",2015,recap,Fri,2014,Pelicans,Magic,away,84-95,8&8,-4.5,193.0,-11,-15.5,-14.0,-14.8,0.8,L,L,U,""0"
"Feb"",""21,"",2015,recap,Sat,2014,Pelicans,Heat,away,105-91,0&0,1.5,193.0,14,15.5,3.0,9.2,-6.2,W,W,O,""0"
"Feb"",""23,"",2015,recap,Mon,2014,Pelicans,Raptors,home,100-97,1&1,7.0,196.0,3,10.0,1.0,5.5,-4.5,W,W,O,""0"
"Feb"",""25,"",2015,recap,Wed,2014,Pelicans,Nets,home,102-96,1&1,2.5,193.0,6,8.5,5.0,6.8,-1.8,W,W,O,""0"
"Feb"",""27,"",2015,recap,Fri,2014,Pelicans,Heat,home,104-102,1&1,1.5,196.0,2,3.5,10.0,6.8,3.2,W,W,O,""0"
"Mar"",""01,"",2015,recap,Sun,2014,Pelicans,Nuggets,away,99-92,1&1,-5.0,197.5,7,2.0,-6.5,-2.2,-4.2,W,W,U,""0"
"Mar"",""02,"",2015,recap,Mon,2014,Pelicans,Mavericks,away,93-102,0&1,8.0,197.5,-9,-1.0,-2.5,-1.8,-0.8,L,L,U,""0"
"Mar"",""04,"",2015,recap,Wed,2014,Pelicans,Pistons,home,88-85,1&3,-4.5,195.0,3,-1.5,-22.0,-11.8,-10.2,W,L,U,""0"
"Mar"",""06,"",2015,recap,Fri,2014,Pelicans,Celtics,home,98-104,1&1,-7.0,199.0,-6,-13.0,3.0,-5.0,8.0,L,L,O,""0"
"Mar"",""07,"",2015,recap,Sat,2014,Pelicans,Grizzlies,home,95-89,0&0,0.0,187.5,6,6.0,-3.5,1.2,-4.8,W,W,U,""0"
"Mar"",""09,"",2015,recap,Mon,2014,Pelicans,Bucks,away,114-103,1&1,-1.0,186.5,11,10.0,30.5,20.2,10.2,W,W,O,""0"
"Mar"",""10,"",2015,recap,Tue,2014,Pelicans,Nets,away,111-91,0&1,2.5,192.5,20,22.5,9.5,16.0,-6.5,W,W,O,""0"
"Mar"",""15,"",2015,recap,Sun,2014,Pelicans,Nuggets,home,111-118,4&1,-7.5,208.0,-7,-14.5,21.0,3.2,17.8,L,L,O,""2"
"Mar"",""17,"",2015,recap,Tue,2014,Pelicans,Bucks,home,85-84,1&2,-7.0,190.5,1,-6.0,-21.5,-13.8,-7.8,W,L,U,""0"
"Mar"",""19,"",2015,recap,Thu,2014,Pelicans,Suns,away,72-74,1&3,1.5,198.0,-2,-0.5,-52.0,-26.2,-25.8,L,L,U,0"
"Mar"",""20,"",2015,recap,Fri,2014,Pelicans,Warriors,away,96-112,0&1,13.5,202.5,-16,-2.5,5.5,1.5,4.0,L,L,O,0"
"Mar"",""22,"",2015,recap,Sun,2014,Pelicans,Clippers,away,100-107,1&1,9.0,201.0,-7,2.0,6.0,4.0,2.0,L,W,O,""0"
"Mar"",""25,"",2015,recap,Wed,2014,Pelicans,Rockets,home,93-95,2&1,1.0,203.0,-2,-1.0,-15.0,-8.0,-7.0,L,L,U,""0"
"Mar"",""27,"",2015,recap,Fri,2014,Pelicans,Kings,home,102-88,1&1,-7.0,206.0,14,7.0,-16.0,-4.5,-11.5,W,W,U,""0"
"Mar"",""29,"",2015,recap,Sun,2014,Pelicans,Timberwolves,home,110-88,1&1,-12.5,198.0,22,9.5,0.0,4.8,-4.8,W,W,P,""0"
"Apr"",""01,"",2015,recap,Wed,2014,Pelicans,Lakers,away,113-92,2&1,-9.0,196.5,21,12.0,8.5,10.2,-1.8,W,W,O,""0"
"Apr"",""03,"",2015,recap,Fri,2014,Pelicans,Kings,away,101-95,1&1,-6.0,204.5,6,0.0,-8.5,-4.2,-4.2,W,P,U,""0"
"Apr"",""04,"",2015,recap,Sat,2014,Pelicans,Trailblazers,away,90-99,0&0,5.0,196.0,-9,-4.0,-7.0,-5.5,-1.5,L,L,U,0"
"Apr"",""07,"",2015,recap,Tue,2014,Pelicans,Warriors,home,103-100,2&1,4.0,205.0,3,7.0,-2.0,2.5,-4.5,W,W,U,""0"
"Apr"",""08,"",2015,recap,Wed,2014,Pelicans,Grizzlies,away,74-110,0&3,5.5,184.0,-36,-30.5,0.0,-15.2,15.2,L,L,P,""0"
"Apr"",""10,"",2015,recap,Fri,2014,Pelicans,Suns,home,90-75,1&1,-9.0,194.5,15,6.0,-29.5,-11.8,-17.8,W,W,U,""0"
"Apr"",""12,"",2015,recap,Sun,2014,Pelicans,Rockets,away,114-121,1&1,5.5,200.0,-7,-1.5,35.0,16.8,18.2,L,L,O,""0"
"Apr"",""13,"",2015,recap,Mon,2014,Pelicans,Timberwolves,away,100-88,0&1,-12.0,198.0,12,0.0,-10.0,-5.0,-5.0,W,P,U,""0"
"Apr"",""15,"",2015,recap,Wed,2014,Pelicans,Spurs,home,108-103,1&2,5.5,193.0,5,10.5,18.0,14.2,3.8,W,W,O,""0"
"Oct"",""27,"",2015,recap,Tue,2015,Pelicans,Warriors,away,95-111,&,10.0,213.5,-16,-6.0,-7.5,-6.8,-0.8,L,L,U,0"
"Oct"",""28,"",2015,recap,Wed,2015,Pelicans,Trailblazers,away,94-112,0&,2.5,206.0,-18,-15.5,0.0,-7.8,7.8,L,L,P,0"
"Oct"",""31,"",2015,recap,Sat,2015,Pelicans,Warriors,home,120-134,2&0,5.5,212.5,-14,-8.5,41.5,16.5,25.0,L,L,O,""0"
"Nov"",""03,"",2015,recap,Tue,2015,Pelicans,Magic,home,94-103,2&1,-4.0,204.5,-9,-13.0,-7.5,-10.2,2.8,L,L,U,""0"
"Nov"",""06,"",2015,recap,Fri,2015,Pelicans,Hawks,home,115-121,2&1,3.0,206.0,-6,-3.0,30.0,13.5,16.5,L,L,O,""0"
"Nov"",""07,"",2015,recap,Sat,2015,Pelicans,Mavericks,away,98-107,0&1,5.0,209.5,-9,-4.0,-4.5,-4.2,-0.2,L,L,U,""0"
"Nov"",""10,"",2015,recap,Tue,2015,Pelicans,Mavericks,home,120-105,2&2,-3.0,211.5,15,12.0,13.5,12.8,0.8,W,W,O,""0"
"Nov"",""11,"",2015,recap,Wed,2015,Pelicans,Hawks,away,98-106,0&1,11.0,209.0,-8,3.0,-5.0,-1.0,-4.0,L,W,U,""0"
"Nov"",""13,"",2015,recap,Fri,2015,Pelicans,Raptors,away,81-100,1&1,10.0,205.5,-19,-9.0,-24.5,-16.8,-7.8,L,L,U,""0"
"Nov"",""15,"",2015,recap,Sun,2015,Pelicans,Knicks,away,87-95,1&1,2.5,203.0,-8,-5.5,-21.0,-13.2,-7.8,L,L,U,""0"
"Nov"",""17,"",2015,recap,Tue,2015,Pelicans,Nuggets,home,98-115,1&2,-6.0,206.0,-17,-23.0,7.0,-8.0,15.0,L,L,O,""0"
"Nov"",""18,"",2015,recap,Wed,2015,Pelicans,Thunder,away,103-110,0&1,10.0,212.0,-7,3.0,1.0,2.0,-1.0,L,W,O,0"
"Nov"",""20,"",2015,recap,Fri,2015,Pelicans,Spurs,home,104-90,1&1,7.0,200.5,14,21.0,-6.5,7.2,-13.8,W,W,U,""0"
"Nov"",""22,"",2015,recap,Sun,2015,Pelicans,Suns,home,122-116,1&1,-1.0,210.5,6,5.0,27.5,16.2,11.2,W,W,O,""0"
"Nov"",""25,"",2015,recap,Wed,2015,Pelicans,Suns,away,120-114,2&1,4.0,211.0,6,10.0,23.0,16.5,6.5,W,W,O,""0"
"Nov"",""27,"",2015,recap,Fri,2015,Pelicans,Clippers,away,90-111,1&1,6.5,213.5,-21,-14.5,-12.5,-13.5,1.0,L,L,U,""0"
"Nov"",""28,"",2015,recap,Sat,2015,Pelicans,Jazz,away,87-101,0&2,6.5,196.0,-14,-7.5,-8.0,-7.8,-0.2,L,L,U,""0"
"Dec"",""01,"",2015,recap,Tue,2015,Pelicans,Grizzlies,home,104-113,2&1,0.0,201.0,-9,-9.0,16.0,3.5,12.5,L,L,O,""0"
"Dec"",""02,"",2015,recap,Wed,2015,Pelicans,Rockets,away,101-108,0&1,4.0,213.5,-7,-3.0,-4.5,-3.8,-0.8,L,L,U,""0"
"Dec"",""04,"",2015,recap,Fri,2015,Pelicans,Cavaliers,home,114-108,1&2,4.5,208.5,6,10.5,13.5,12.0,1.5,W,W,O,""1"
"Dec"",""07,"",2015,recap,Mon,2015,Pelicans,Celtics,home,93-111,2&1,1.5,210.5,-18,-16.5,-6.5,-11.5,5.0,L,L,U,""0"
"Dec"",""11,"",2015,recap,Fri,2015,Pelicans,Wizards,home,107-105,3&1,-3.0,214.5,2,-1.0,-2.5,-1.8,-0.8,W,L,U,""0"
"Dec"",""12,"",2015,recap,Sat,2015,Pelicans,Bulls,away,94-98,0&1,7.0,202.5,-4,3.0,-10.5,-3.8,-6.8,L,W,U,""0"
"Dec"",""14,"",2015,recap,Mon,2015,Pelicans,Trailblazers,away,101-105,1&1,3.0,211.0,-4,-1.0,-5.0,-3.0,-2.0,L,L,U,0"
"Dec"",""16,"",2015,recap,Wed,2015,Pelicans,Jazz,away,104-94,1&1,3.0,201.0,10,13.0,-3.0,5.0,-8.0,W,W,U,""0"
"Dec"",""18,"",2015,recap,Fri,2015,Pelicans,Suns,away,88-104,1&1,3.5,213.5,-16,-12.5,-21.5,-17.0,-4.5,L,L,U,""0"
"Dec"",""20,"",2015,recap,Sun,2015,Pelicans,Nuggets,away,130-125,1&1,0.0,205.0,5,5.0,50.0,27.5,22.5,W,W,O,""0"
"Dec"",""23,"",2015,recap,Wed,2015,Pelicans,Trailblazers,home,115-89,2&1,-8.0,203.5,26,18.0,0.5,9.2,-8.8,W,W,O,""0"
"Dec"",""25,"",2015,recap,Fri,2015,Pelicans,Heat,away,88-94,1&2,5.5,199.0,-6,-0.5,-17.0,-8.8,-8.2,L,L,U,""1"
"Dec"",""26,"",2015,recap,Sat,2015,Pelicans,Rockets,home,110-108,0&0,1.0,210.5,2,3.0,7.5,5.2,2.2,W,W,O,""0"
"Dec"",""28,"",2015,recap,Mon,2015,Pelicans,Magic,away,89-104,1&1,5.0,204.5,-15,-10.0,-11.5,-10.8,-0.8,L,L,U,""0"
"Dec"",""31,"",2015,recap,Thu,2015,Pelicans,Clippers,home,89-95,2&0,-2.0,207.5,-6,-8.0,-23.5,-15.8,-7.8,L,L,U,""0"
"Jan"",""02,"",2016,recap,Sat,2015,Pelicans,Mavericks,away,105-98,1&0,3.0,206.0,7,10.0,-3.0,3.5,-6.5,W,W,U,""0"
"Jan"",""06,"",2016,recap,Wed,2015,Pelicans,Mavericks,home,91-100,3&0,-6.0,202.5,-9,-15.0,-11.5,-13.2,1.8,L,L,U,""0"
"Jan"",""08,"",2016,recap,Fri,2015,Pelicans,Pacers,home,86-91,1&1,2.0,204.0,-5,-3.0,-27.0,-15.0,-12.0,L,L,U,""0"
"Jan"",""10,"",2016,recap,Sun,2015,Pelicans,Clippers,away,111-114,1&0,8.5,205.0,-3,5.5,20.0,12.8,7.2,L,W,O,""1"
"Jan"",""12,"",2016,recap,Tue,2015,Pelicans,Lakers,away,91-95,1&1,-2.0,203.5,-4,-6.0,-17.5,-11.8,-5.8,L,L,U,""0"
"Jan"",""13,"",2016,recap,Wed,2015,Pelicans,Kings,away,109-97,0&3,7.0,215.0,12,19.0,-9.0,5.0,-14.0,W,W,U,""0"
"Jan"",""15,"",2016,recap,Fri,2015,Pelicans,Hornets,home,109-107,1&1,-3.0,202.0,2,-1.0,14.0,6.5,7.5,W,L,O,""0"
"Jan"",""18,"",2016,recap,Mon,2015,Pelicans,Grizzlies,away,99-101,2&1,4.5,194.5,-2,2.5,5.5,4.0,1.5,L,W,O,""0"
"Jan"",""19,"",2016,recap,Tue,2015,Pelicans,Timberwolves,home,114-99,0&1,-5.5,204.0,15,9.5,9.0,9.2,-0.2,W,W,O,""0"
"Jan"",""21,"",2016,recap,Thu,2015,Pelicans,Pistons,home,115-99,1&0,-2.5,206.0,16,13.5,8.0,10.8,-2.8,W,W,O,""0"
"Jan"",""23,"",2016,recap,Sat,2015,Pelicans,Bucks,home,116-99,1&0,-6.5,204.5,17,10.5,10.5,10.5,0.0,W,W,O,""0"
"Jan"",""25,"",2016,recap,Mon,2015,Pelicans,Rockets,home,111-112,1&0,-4.0,216.5,-1,-5.0,6.5,0.8,5.8,L,L,O,""0"
"Jan"",""28,"",2016,recap,Thu,2015,Pelicans,Kings,home,114-105,2&1,4.0,216.0,9,13.0,3.0,8.0,-5.0,W,W,O,""0"
"Jan"",""30,"",2016,recap,Sat,2015,Pelicans,Nets,home,105-103,1&0,-8.0,206.0,2,-6.0,2.0,-2.0,4.0,W,L,O,""0"
"Feb"",""01,"",2016,recap,Mon,2015,Pelicans,Grizzlies,home,95-110,1&1,-2.0,202.5,-15,-17.0,2.5,-7.2,9.8,L,L,O,""0"
"Feb"",""03,"",2016,recap,Wed,2015,Pelicans,Spurs,away,97-110,1&1,13.0,207.0,-13,0.0,0.0,0.0,0.0,L,P,P,""0"
"Feb"",""04,"",2016,recap,Thu,2015,Pelicans,Lakers,home,96-99,0&1,-10.0,209.5,-3,-13.0,-14.5,-13.8,-0.8,L,L,U,""0"
"Feb"",""06,"",2016,recap,Sat,2015,Pelicans,Cavaliers,away,84-99,1&0,10.0,206.0,-15,-5.0,-23.0,-14.0,-9.0,L,L,U,""0"
"Feb"",""08,"",2016,recap,Mon,2015,Pelicans,Timberwolves,away,116-102,1&1,1.5,210.5,14,15.5,7.5,11.5,-4.0,W,W,O,0"
"Feb"",""10,"",2016,recap,Wed,2015,Pelicans,Jazz,home,100-96,1&0,-2.0,195.0,4,2.0,1.0,1.5,-0.5,W,W,O,""0"
"Feb"",""11,"",2016,recap,Thu,2015,Pelicans,Thunder,away,95-121,0&2,12.0,218.5,-26,-14.0,-2.5,-8.2,5.8,L,L,U,0"
"Feb"",""19,"",2016,recap,Fri,2015,Pelicans,Seventysixers,home,121-114,7&8,-8.5,207.5,7,-1.5,27.5,13.0,14.5,W,L,O,""0"
"Feb"",""21,"",2016,recap,Sun,2015,Pelicans,Pistons,away,111-106,1&1,4.5,206.5,5,9.5,10.5,10.0,0.5,W,W,O,""0"
"Feb"",""23,"",2016,recap,Tue,2015,Pelicans,Wizards,away,89-109,1&2,4.5,215.0,-20,-15.5,-17.0,-16.2,-0.8,L,L,U,0"
"Feb"",""25,"",2016,recap,Thu,2015,Pelicans,Thunder,home,123-119,1&0,5.5,221.5,4,9.5,20.5,15.0,5.5,W,W,O,""0"
"Feb"",""27,"",2016,recap,Sat,2015,Pelicans,Timberwolves,home,110-112,1&2,-2.5,219.0,-2,-4.5,3.0,-0.8,3.8,L,L,O,""0"
"Mar"",""02,"",2016,recap,Wed,2015,Pelicans,Rockets,away,95-100,3&1,5.5,221.5,-5,0.5,-26.5,-13.0,-13.5,L,W,U,""0"
"Mar"",""03,"",2016,recap,Thu,2015,Pelicans,Spurs,home,86-94,0&0,8.5,207.0,-8,0.5,-27.0,-13.2,-13.8,L,W,U,""0"
"Mar"",""05,"",2016,recap,Sat,2015,Pelicans,Jazz,home,94-106,1&0,-1.0,198.0,-12,-13.0,2.0,-5.5,7.5,L,L,O,""0"
"Mar"",""07,"",2016,recap,Mon,2015,Pelicans,Kings,home,115-112,1&1,0.0,220.0,3,3.0,7.0,5.0,2.0,W,W,O,""0"
"Mar"",""09,"",2016,recap,Wed,2015,Pelicans,Hornets,away,113-122,1&1,8.5,209.5,-9,-0.5,25.5,12.5,13.0,L,L,O,""0"
"Mar"",""11,"",2016,recap,Fri,2015,Pelicans,Grizzlies,away,114-121,1&1,-1.5,204.5,-7,-8.5,30.5,11.0,19.5,L,L,O,""1"
"Mar"",""12,"",2016,recap,Sat,2015,Pelicans,Bucks,away,92-103,0&2,6.0,210.0,-11,-5.0,-15.0,-10.0,-5.0,L,L,U,""0"
"Mar"",""14,"",2016,recap,Mon,2015,Pelicans,Warriors,away,107-125,1&1,15.5,230.5,-18,-2.5,1.5,-0.5,2.0,L,L,O,""0"
"Mar"",""16,"",2016,recap,Wed,2015,Pelicans,Kings,away,123-108,1&0,3.0,223.5,15,18.0,7.5,12.8,-5.2,W,W,O,""0"
"Mar"",""18,"",2016,recap,Fri,2015,Pelicans,Trailblazers,home,112-117,1&0,2.0,219.0,-5,-3.0,10.0,3.5,6.5,L,L,O,""0"
"Mar"",""20,"",2016,recap,Sun,2015,Pelicans,Clippers,home,109-105,1&0,8.5,211.0,4,12.5,3.0,7.8,-4.8,W,W,O,""0"
"Mar"",""22,"",2016,recap,Tue,2015,Pelicans,Heat,home,99-113,1&2,9.5,209.0,-14,-4.5,3.0,-0.8,3.8,L,L,O,""0"
"Mar"",""24,"",2016,recap,Thu,2015,Pelicans,Pacers,away,84-92,1&2,13.5,204.0,-8,5.5,-28.0,-11.2,-16.8,L,W,U,""0"
"Mar"",""26,"",2016,recap,Sat,2015,Pelicans,Raptors,home,91-115,1&0,10.5,201.5,-24,-13.5,4.5,-4.5,9.0,L,L,O,""0"
"Mar"",""28,"",2016,recap,Mon,2015,Pelicans,Knicks,home,99-91,1&1,5.0,202.0,8,13.0,-12.0,0.5,-12.5,W,W,U,""0"
"Mar"",""30,"",2016,recap,Wed,2015,Pelicans,Spurs,away,92-100,1&1,19.0,196.5,-8,11.0,-4.5,3.2,-7.8,L,W,U,""0"
"Mar"",""31,"",2016,recap,Thu,2015,Pelicans,Nuggets,home,101-95,0&0,6.5,206.5,6,12.5,-10.5,1.0,-11.5,W,W,U,""0"
"Apr"",""03,"",2016,recap,Sun,2015,Pelicans,Nets,away,106-87,2&1,3.0,203.0,19,22.0,-10.0,6.0,-16.0,W,W,U,""0"
"Apr"",""05,"",2016,recap,Tue,2015,Pelicans,Seventysixers,away,93-107,1&2,2.0,206.5,-14,-12.0,-6.5,-9.2,2.8,L,L,U,""0"
"Apr"",""06,"",2016,recap,Wed,2015,Pelicans,Celtics,away,97-104,0&2,14.5,207.5,-7,7.5,-6.5,0.5,-7.0,L,W,U,""0"
"Apr"",""08,"",2016,recap,Fri,2015,Pelicans,Lakers,home,110-102,1&1,-3.5,202.5,8,4.5,9.5,7.0,2.5,W,W,O,""0"
"Apr"",""09,"",2016,recap,Sat,2015,Pelicans,Suns,home,100-121,0&1,3.0,209.0,-21,-18.0,12.0,-3.0,15.0,L,L,O,""0"
"Apr"",""11,"",2016,recap,Mon,2015,Pelicans,Bulls,home,116-121,1&1,4.5,206.0,-5,-0.5,31.0,15.2,15.8,L,L,O,""0"
"Apr"",""13,"",2016,recap,Wed,2015,Pelicans,Timberwolves,away,109-144,1&1,10.0,213.0,-35,-25.0,40.0,7.5,32.5,L,L,O,""0"
"Oct"",""26,"",2016,recap,Wed,2016,Pelicans,Nuggets,home,102-107,&,-1.5,207.0,-5,-6.5,2.0,-2.2,4.2,L,L,O,""0"
"Oct"",""28,"",2016,recap,Fri,2016,Pelicans,Warriors,home,114-122,1&2,11.0,222.5,-8,3.0,13.5,8.2,5.2,L,W,O,""0"
"Oct"",""29,"",2016,recap,Sat,2016,Pelicans,Spurs,away,79-98,0&1,14.0,203.5,-19,-5.0,-26.5,-15.8,-10.8,L,L,U,0"
"Nov"",""01,"",2016,recap,Tue,2016,Pelicans,Bucks,home,113-117,2&1,-3.5,205.0,-4,-7.5,25.0,8.8,16.2,L,L,O,""0"
"Nov"",""02,"",2016,recap,Wed,2016,Pelicans,Grizzlies,away,83-89,0&0,6.0,206.5,-6,0.0,-34.5,-17.2,-17.2,L,P,U,""1"
"Nov"",""04,"",2016,recap,Fri,2016,Pelicans,Suns,home,111-112,1&1,-2.5,212.0,-1,-3.5,11.0,3.8,7.2,L,L,O,""1"
"Nov"",""07,"",2016,recap,Mon,2016,Pelicans,Warriors,away,106-116,2&2,17.0,222.5,-10,7.0,-0.5,3.2,-3.8,L,W,U,""0"
"Nov"",""08,"",2016,recap,Tue,2016,Pelicans,Kings,away,94-102,0&1,6.0,203.5,-8,-2.0,-7.5,-4.8,-2.8,L,L,U,""0"
"Nov"",""10,"",2016,recap,Thu,2016,Pelicans,Bucks,away,112-106,1&3,5.0,207.0,6,11.0,11.0,11.0,0.0,W,W,O,""0"
"Nov"",""12,"",2016,recap,Sat,2016,Pelicans,Lakers,home,99-126,1&1,1.0,215.5,-27,-26.0,9.5,-8.2,17.8,L,L,O,""0"
"Nov"",""14,"",2016,recap,Mon,2016,Pelicans,Celtics,home,106-105,1&1,3.5,212.0,1,4.5,-1.0,1.8,-2.8,W,W,U,""0"
"Nov"",""16,"",2016,recap,Wed,2016,Pelicans,Magic,away,82-89,1&1,6.0,200.0,-7,-1.0,-29.0,-15.0,-14.0,L,L,U,""0"
"Nov"",""18,"",2016,recap,Fri,2016,Pelicans,Trailblazers,home,113-101,1&0,1.0,214.0,12,13.0,0.0,6.5,-6.5,W,W,P,""0"
"Nov"",""19,"",2016,recap,Sat,2016,Pelicans,Hornets,home,121-116,0&0,2.5,207.5,5,7.5,29.5,18.5,11.0,W,W,O,""1"
"Nov"",""22,"",2016,recap,Tue,2016,Pelicans,Hawks,away,112-94,2&1,8.0,208.5,18,26.0,-2.5,11.8,-14.2,W,W,U,""0"
"Nov"",""23,"",2016,recap,Wed,2016,Pelicans,Timberwolves,home,117-96,0&1,2.0,210.5,21,23.0,2.5,12.8,-10.2,W,W,O,""0"
"Nov"",""25,"",2016,recap,Fri,2016,Pelicans,Trailblazers,away,104-119,1&1,4.5,218.5,-15,-10.5,4.5,-3.0,7.5,L,L,O,0"
"Nov"",""27,"",2016,recap,Sun,2016,Pelicans,Mavericks,away,81-91,1&1,-4.5,197.0,-10,-14.5,-25.0,-19.8,-5.2,L,L,U,""0"
"Nov"",""29,"",2016,recap,Tue,2016,Pelicans,Lakers,home,105-88,1&1,-6.0,217.5,17,11.0,-24.5,-6.8,-17.8,W,W,U,""0"
"Dec"",""02,"",2016,recap,Fri,2016,Pelicans,Clippers,home,96-114,2&0,5.0,209.0,-18,-13.0,1.0,-6.0,7.0,L,L,O,""0"
"Dec"",""04,"",2016,recap,Sun,2016,Pelicans,Thunder,away,92-101,1&3,6.5,213.5,-9,-2.5,-20.5,-11.5,-9.0,L,L,U,0"
"Dec"",""05,"",2016,recap,Mon,2016,Pelicans,Grizzlies,home,108-110,0&1,-4.5,197.5,-2,-6.5,20.5,7.0,13.5,L,L,O,""2"
"Dec"",""08,"",2016,recap,Thu,2016,Pelicans,Seventysixers,home,88-99,2&1,-7.0,204.5,-11,-18.0,-17.5,-17.8,0.2,L,L,U,""0"
"Dec"",""10,"",2016,recap,Sat,2016,Pelicans,Clippers,away,105-133,1&2,14.0,204.0,-28,-14.0,34.0,10.0,24.0,L,L,O,""0"
"Dec"",""11,"",2016,recap,Sun,2016,Pelicans,Suns,away,120-119,0&1,2.5,215.5,1,3.5,23.5,13.5,10.0,W,W,O,""1"
"Dec"",""13,"",2016,recap,Tue,2016,Pelicans,Warriors,home,109-113,1&1,10.5,224.5,-4,6.5,-2.5,2.0,-4.5,L,W,U,""0"
"Dec"",""15,"",2016,recap,Thu,2016,Pelicans,Pacers,home,102-95,1&0,-3.5,209.5,7,3.5,-12.5,-4.5,-8.0,W,W,U,""0"
"Dec"",""16,"",2016,recap,Fri,2016,Pelicans,Rockets,away,100-122,0&1,12.5,222.0,-22,-9.5,0.0,-4.8,4.8,L,L,P,""0"
"Dec"",""18,"",2016,recap,Sun,2016,Pelicans,Spurs,away,100-113,1&2,12.5,202.0,-13,-0.5,11.0,5.2,5.8,L,L,O,""0"
"Dec"",""20,"",2016,recap,Tue,2016,Pelicans,Seventysixers,away,108-93,1&1,-3.5,208.0,15,11.5,-7.0,2.2,-9.2,W,W,U,""0"
"Dec"",""21,"",2016,recap,Wed,2016,Pelicans,Thunder,home,110-121,0&1,2.0,209.0,-11,-9.0,22.0,6.5,15.5,L,L,O,""0"
"Dec"",""23,"",2016,recap,Fri,2016,Pelicans,Heat,home,91-87,1&0,-4.5,204.5,4,-0.5,-26.5,-13.5,-13.0,W,L,U,""0"
"Dec"",""26,"",2016,recap,Mon,2016,Pelicans,Mavericks,home,111-104,2&2,-4.5,199.0,7,2.5,16.0,9.2,6.8,W,W,O,""0"
"Dec"",""28,"",2016,recap,Wed,2016,Pelicans,Clippers,home,102-98,1&1,-3.5,206.5,4,0.5,-6.5,-3.0,-3.5,W,W,U,""0"
"Dec"",""30,"",2016,recap,Fri,2016,Pelicans,Knicks,home,104-92,1&1,-3.0,214.5,12,9.0,-18.5,-4.8,-13.8,W,W,U,""0"
"Jan"",""02,"",2017,recap,Mon,2016,Pelicans,Cavaliers,away,82-90,2&1,9.0,218.0,-8,1.0,-46.0,-22.5,-23.5,L,W,U,""0"
"Jan"",""05,"",2017,recap,Thu,2016,Pelicans,Hawks,home,94-99,2&0,-2.0,207.5,-5,-7.0,-14.5,-10.8,-3.8,L,L,U,""0"
"Jan"",""07,"",2017,recap,Sat,2016,Pelicans,Celtics,away,108-117,1&0,7.5,214.0,-9,-1.5,11.0,4.8,6.2,L,L,O,""0"
"Jan"",""09,"",2017,recap,Mon,2016,Pelicans,Knicks,away,110-96,1&1,3.0,214.0,14,17.0,-8.0,4.5,-12.5,W,W,U,""0"
"Jan"",""12,"",2017,recap,Thu,2016,Pelicans,Nets,away,104-95,2&1,-1.0,214.5,9,8.0,-15.5,-3.8,-11.8,W,W,U,""0"
"Jan"",""14,"",2017,recap,Sat,2016,Pelicans,Bulls,away,99-107,1&1,3.0,206.0,-8,-5.0,0.0,-2.5,2.5,L,L,P,""0"
"Jan"",""16,"",2017,recap,Mon,2016,Pelicans,Pacers,away,95-98,1&3,5.0,214.0,-3,2.0,-21.0,-9.5,-11.5,L,W,U,""0"
"Jan"",""18,"",2017,recap,Wed,2016,Pelicans,Magic,home,118-98,1&1,-5.5,211.0,20,14.5,5.0,9.8,-4.8,W,W,O,""0"
"Jan"",""20,"",2017,recap,Fri,2016,Pelicans,Nets,home,114-143,1&2,-9.5,221.5,-29,-38.5,35.5,-1.5,37.0,L,L,O,""0"
"Jan"",""23,"",2017,recap,Mon,2016,Pelicans,Cavaliers,home,124-122,2&1,7.5,217.0,2,9.5,29.0,19.2,9.8,W,W,O,""0"
"Jan"",""25,"",2017,recap,Wed,2016,Pelicans,Thunder,home,105-114,1&1,1.5,217.5,-9,-7.5,1.5,-3.0,4.5,L,L,O,""0"
"Jan"",""27,"",2017,recap,Fri,2016,Pelicans,Spurs,home,119-103,1&2,5.5,212.5,16,21.5,9.5,15.5,-6.0,W,W,O,""0"
"Jan"",""29,"",2017,recap,Sun,2016,Pelicans,Wizards,home,94-107,1&1,1.0,218.5,-13,-12.0,-17.5,-14.8,-2.8,L,L,U,""0"
"Jan"",""31,"",2017,recap,Tue,2016,Pelicans,Raptors,away,106-108,1&1,6.5,214.0,-2,4.5,0.0,2.2,-2.2,L,W,P,""1"
"Feb"",""01,"",2017,recap,Wed,2016,Pelicans,Pistons,away,98-118,0&1,7.5,212.5,-20,-12.5,3.5,-4.5,8.0,L,L,O,""0"
"Feb"",""04,"",2017,recap,Sat,2016,Pelicans,Wizards,away,91-105,2&1,7.5,217.0,-14,-6.5,-21.0,-13.8,-7.2,L,L,U,0"
"Feb"",""06,"",2017,recap,Mon,2016,Pelicans,Suns,home,111-106,1&1,-5.5,221.0,5,-0.5,-4.0,-2.2,-1.8,W,L,U,""0"
"Feb"",""08,"",2017,recap,Wed,2016,Pelicans,Jazz,home,94-127,1&1,4.0,200.0,-33,-29.0,21.0,-4.0,25.0,L,L,O,""0"
"Feb"",""10,"",2017,recap,Fri,2016,Pelicans,Timberwolves,away,122-106,1&1,4.0,213.5,16,20.0,14.5,17.2,-2.8,W,W,O,""0"
"Feb"",""12,"",2017,recap,Sun,2016,Pelicans,Kings,away,99-105,1&1,3.5,211.5,-6,-2.5,-7.5,-5.0,-2.5,L,L,U,""0"
"Feb"",""13,"",2017,recap,Mon,2016,Pelicans,Suns,away,110-108,0&1,3.0,221.0,2,5.0,-3.0,1.0,-4.0,W,W,U,""0"
"Feb"",""15,"",2017,recap,Wed,2016,Pelicans,Grizzlies,away,95-91,1&1,8.0,204.5,4,12.0,-18.5,-3.2,-15.2,W,W,U,""0"
"Feb"",""23,"",2017,recap,Thu,2016,Pelicans,Rockets,home,99-129,7&7,4.0,228.5,-30,-26.0,-0.5,-13.2,12.8,L,L,U,""0"
"Feb"",""25,"",2017,recap,Sat,2016,Pelicans,Mavericks,away,83-96,1&0,-1.0,204.5,-13,-14.0,-25.5,-19.8,-5.8,L,L,U,""0"
"Feb"",""26,"",2017,recap,Sun,2016,Pelicans,Thunder,away,110-118,0&1,6.5,217.5,-8,-1.5,10.5,4.5,6.0,L,L,O,""0"
"Mar"",""01,"",2017,recap,Wed,2016,Pelicans,Pistons,home,109-86,2&0,-2.5,208.5,23,20.5,-13.5,3.5,-17.0,W,W,U,""0"
"Mar"",""03,"",2017,recap,Fri,2016,Pelicans,Spurs,home,98-101,1&1,6.0,206.5,-3,3.0,-7.5,-2.2,-5.2,L,W,U,""1"
"Mar"",""05,"",2017,recap,Sun,2016,Pelicans,Lakers,away,105-97,1&1,-6.0,215.0,8,2.0,-13.0,-5.5,-7.5,W,W,U,""0"
"Mar"",""06,"",2017,recap,Mon,2016,Pelicans,Jazz,away,83-88,0&0,5.5,196.5,-5,0.5,-25.5,-12.5,-13.0,L,W,U,""0"
"Mar"",""08,"",2017,recap,Wed,2016,Pelicans,Raptors,home,87-94,1&3,-2.5,203.0,-7,-9.5,-22.0,-15.8,-6.2,L,L,U,""0"
"Mar"",""11,"",2017,recap,Sat,2016,Pelicans,Hornets,away,125-122,2&0,2.5,204.0,3,5.5,43.0,24.2,18.8,W,W,O,""1"
"Mar"",""14,"",2017,recap,Tue,2016,Pelicans,Trailblazers,home,100-77,2&1,-4.0,215.0,23,19.0,-38.0,-9.5,-28.5,W,W,U,""0"
"Mar"",""15,"",2017,recap,Wed,2016,Pelicans,Heat,away,112-120,0&2,6.5,206.0,-8,-1.5,26.0,12.2,13.8,L,L,O,""0"
"Mar"",""17,"",2017,recap,Fri,2016,Pelicans,Rockets,home,128-112,1&1,4.5,229.0,16,20.5,11.0,15.8,-4.8,W,W,O,""0"
"Mar"",""19,"",2017,recap,Sun,2016,Pelicans,Timberwolves,home,123-109,1&1,-3.5,208.5,14,10.5,23.5,17.0,6.5,W,W,O,""0"
"Mar"",""21,"",2017,recap,Tue,2016,Pelicans,Grizzlies,home,95-82,1&2,-3.0,205.5,13,10.0,-28.5,-9.2,-19.2,W,W,U,""0"
"Mar"",""24,"",2017,recap,Fri,2016,Pelicans,Rockets,away,107-117,2&3,8.0,230.0,-10,-2.0,-6.0,-4.0,-2.0,L,L,U,""0"
"Mar"",""26,"",2017,recap,Sun,2016,Pelicans,Nuggets,away,115-90,1&1,6.0,225.0,25,31.0,-20.0,5.5,-25.5,W,W,U,""0"
"Mar"",""27,"",2017,recap,Mon,2016,Pelicans,Jazz,away,100-108,0&1,7.0,199.5,-8,-1.0,8.5,3.8,4.8,L,L,O,""0"
"Mar"",""29,"",2017,recap,Wed,2016,Pelicans,Mavericks,home,121-118,1&1,-5.0,201.5,3,-2.0,37.5,17.8,19.8,W,L,O,""0"
"Mar"",""31,"",2017,recap,Fri,2016,Pelicans,Kings,home,117-89,1&1,-11.5,207.5,28,16.5,-1.5,7.5,-9.0,W,W,U,""0"
"Apr"",""02,"",2017,recap,Sun,2016,Pelicans,Bulls,home,110-117,1&0,-7.0,210.5,-7,-14.0,16.5,1.2,15.2,L,L,O,""0"
"Apr"",""04,"",2017,recap,Tue,2016,Pelicans,Nuggets,home,131-134,1&1,-2.0,228.5,-3,-5.0,36.5,15.8,20.8,L,L,O,""0"
"Apr"",""07,"",2017,recap,Fri,2016,Pelicans,Nuggets,away,106-122,2&1,7.5,229.5,-16,-8.5,-1.5,-5.0,3.5,L,L,U,""0"
"Apr"",""08,"",2017,recap,Sat,2016,Pelicans,Warriors,away,101-123,0&2,18.0,218.0,-22,-4.0,6.0,1.0,5.0,L,L,O,""0"
"Apr"",""11,"",2017,recap,Tue,2016,Pelicans,Lakers,away,96-108,2&1,3.0,219.0,-12,-9.0,-15.0,-12.0,-3.0,L,L,U,""0"
"Apr"",""12,"",2017,recap,Wed,2016,Pelicans,Trailblazers,away,103-100,0&1,5.5,203.0,3,8.5,0.0,4.2,-4.2,W,W,P,""0"
"Oct"",""18,"",2017,recap,Wed,2017,Pelicans,Grizzlies,away,91-103,&,2.5,205.0,-12,-9.5,-11.0,-10.2,-0.8,L,L,U,""0"
"Oct"",""20,"",2017,recap,Fri,2017,Pelicans,Warriors,home,120-128,1&2,8.5,222.0,-8,0.5,26.0,13.2,12.8,L,W,O,""0"
"Oct"",""22,"",2017,recap,Sun,2017,Pelicans,Lakers,away,119-112,1&1,-5.0,222.0,7,2.0,9.0,5.5,3.5,W,W,O,""0"
"Oct"",""24,"",2017,recap,Tue,2017,Pelicans,Trailblazers,away,93-103,1&2,5.0,217.0,-10,-5.0,-21.0,-13.0,-8.0,L,L,U,0"
"Oct"",""26,"",2017,recap,Thu,2017,Pelicans,Kings,away,114-106,1&2,0.0,206.0,8,8.0,14.0,11.0,3.0,W,W,O,""0"
"Oct"",""28,"",2017,recap,Sat,2017,Pelicans,Cavaliers,home,123-101,1&2,2.5,219.5,22,24.5,4.5,14.5,-10.0,W,W,O,""0"
"Oct"",""30,"",2017,recap,Mon,2017,Pelicans,Magic,home,99-115,1&0,-7.5,223.0,-16,-23.5,-9.0,-16.2,7.2,L,L,U,""0"
"Nov"",""01,"",2017,recap,Wed,2017,Pelicans,Timberwolves,home,98-104,1&1,-1.0,224.0,-6,-7.0,-22.0,-14.5,-7.5,L,L,U,""0"
"Nov"",""03,"",2017,recap,Fri,2017,Pelicans,Mavericks,away,99-94,1&1,-4.5,211.0,5,0.5,-18.0,-8.8,-9.2,W,W,U,""0"
"Nov"",""04,"",2017,recap,Sat,2017,Pelicans,Bulls,away,96-90,0&0,-6.5,199.5,6,-0.5,-13.5,-7.0,-6.5,W,L,U,""1"
"Nov"",""07,"",2017,recap,Tue,2017,Pelicans,Pacers,away,117-112,2&1,-1.5,218.0,5,3.5,11.0,7.2,3.8,W,W,O,""0"
"Nov"",""09,"",2017,recap,Thu,2017,Pelicans,Raptors,away,118-122,1&1,5.0,216.0,-4,1.0,24.0,12.5,11.5,L,W,O,""0"
"Nov"",""11,"",2017,recap,Sat,2017,Pelicans,Clippers,home,111-103,1&0,-6.0,214.5,8,2.0,-0.5,0.8,-1.2,W,W,U,""0"
"Nov"",""13,"",2017,recap,Mon,2017,Pelicans,Hawks,home,106-105,1&1,-9.0,217.0,1,-8.0,-6.0,-7.0,1.0,W,L,U,""0"
"Nov"",""15,"",2017,recap,Wed,2017,Pelicans,Raptors,home,116-125,1&0,-3.0,219.0,-9,-12.0,22.0,5.0,17.0,L,L,O,""0"
"Nov"",""17,"",2017,recap,Fri,2017,Pelicans,Nuggets,away,114-146,1&3,4.5,220.0,-32,-27.5,40.0,6.2,33.8,L,L,O,""0"
"Nov"",""20,"",2017,recap,Mon,2017,Pelicans,Thunder,home,114-107,2&2,2.5,214.0,7,9.5,7.0,8.2,-1.2,W,W,O,""0"
"Nov"",""22,"",2017,recap,Wed,2017,Pelicans,Spurs,home,107-90,1&1,-2.0,207.0,17,15.0,-10.0,2.5,-12.5,W,W,U,""0"
"Nov"",""24,"",2017,recap,Fri,2017,Pelicans,Suns,away,115-91,1&1,-6.5,228.0,24,17.5,-22.0,-2.2,-19.8,W,W,U,""0"
"Nov"",""25,"",2017,recap,Sat,2017,Pelicans,Warriors,away,95-110,0&0,12.0,227.5,-15,-3.0,-22.5,-12.8,-9.8,L,L,U,""0"
"Nov"",""29,"",2017,recap,Wed,2017,Pelicans,Timberwolves,home,102-120,3&0,-5.5,218.0,-18,-23.5,4.0,-9.8,13.8,L,L,O,""0"
"Dec"",""01,"",2017,recap,Fri,2017,Pelicans,Jazz,away,108-114,1&0,-2.5,205.5,-6,-8.5,16.5,4.0,12.5,L,L,O,""0"
"Dec"",""02,"",2017,recap,Sat,2017,Pelicans,Trailblazers,away,123-116,0&1,5.5,209.0,7,12.5,30.0,21.2,8.8,W,W,O,0"
"Dec"",""04,"",2017,recap,Mon,2017,Pelicans,Warriors,home,115-125,1&0,9.0,228.0,-10,-1.0,12.0,5.5,6.5,L,L,O,""0"
"Dec"",""06,"",2017,recap,Wed,2017,Pelicans,Nuggets,home,123-114,1&1,-5.5,221.0,9,3.5,16.0,9.8,6.2,W,W,O,""0"
"Dec"",""08,"",2017,recap,Fri,2017,Pelicans,Kings,home,109-116,1&1,-8.0,211.5,-7,-15.0,13.5,-0.8,14.2,L,L,O,""1"
"Dec"",""10,"",2017,recap,Sun,2017,Pelicans,Seventysixers,home,131-124,1&0,-6.5,222.5,7,0.5,32.5,16.5,16.0,W,W,O,""0"
"Dec"",""11,"",2017,recap,Mon,2017,Pelicans,Rockets,away,123-130,0&1,11.5,228.0,-7,4.5,25.0,14.8,10.2,L,W,O,""0"
"Dec"",""13,"",2017,recap,Wed,2017,Pelicans,Bucks,home,115-108,1&3,-2.5,220.0,7,4.5,3.0,3.8,-0.8,W,W,O,""0"
"Dec"",""15,"",2017,recap,Fri,2017,Pelicans,Nuggets,away,111-117,1&1,1.5,223.5,-6,-4.5,4.5,0.0,4.5,L,L,O,""1"
"Dec"",""19,"",2017,recap,Tue,2017,Pelicans,Wizards,away,106-116,3&1,3.0,218.5,-10,-7.0,3.5,-1.8,5.2,L,L,O,0"
"Dec"",""22,"",2017,recap,Fri,2017,Pelicans,Magic,away,111-97,2&1,-6.0,217.5,14,8.0,-9.5,-0.8,-8.8,W,W,U,""0"
"Dec"",""23,"",2017,recap,Sat,2017,Pelicans,Heat,away,109-94,0&0,-4.5,209.0,15,10.5,-6.0,2.2,-8.2,W,W,U,""0"
"Dec"",""27,"",2017,recap,Wed,2017,Pelicans,Nets,home,128-113,3&0,-10.5,221.5,15,4.5,19.5,12.0,7.5,W,W,O,""0"
"Dec"",""29,"",2017,recap,Fri,2017,Pelicans,Mavericks,home,120-128,1&1,-6.5,212.5,-8,-14.5,35.5,10.5,25.0,L,L,O,""0"
"Dec"",""30,"",2017,recap,Sat,2017,Pelicans,Knicks,home,103-105,0&1,-5.5,215.0,-2,-7.5,-7.0,-7.2,0.2,L,L,U,""0"
"Jan"",""03,"",2018,recap,Wed,2017,Pelicans,Jazz,away,108-98,3&3,1.0,209.5,10,11.0,-3.5,3.8,-7.2,W,W,U,""0"
"Jan"",""06,"",2018,recap,Sat,2017,Pelicans,Timberwolves,away,98-116,2&0,2.0,217.0,-18,-16.0,-3.0,-9.5,6.5,L,L,U,""0"
"Jan"",""08,"",2018,recap,Mon,2017,Pelicans,Pistons,home,112-109,1&1,-6.0,214.0,3,-3.0,7.0,2.0,5.0,W,L,O,""0"
"Jan"",""10,"",2018,recap,Wed,2017,Pelicans,Grizzlies,away,102-105,1&4,-0.0,210.5,-3,-3.0,-3.5,-3.2,-0.2,L,L,U,""0"
"Jan"",""12,"",2018,recap,Fri,2017,Pelicans,Trailblazers,home,119-113,1&1,-3.5,219.5,6,2.5,12.5,7.5,5.0,W,W,O,""0"
"Jan"",""14,"",2018,recap,Sun,2017,Pelicans,Knicks,away,123-118,1&1,-2.5,218.5,5,2.5,22.5,12.5,10.0,W,W,O,""1"
"Jan"",""16,"",2018,recap,Tue,2017,Pelicans,Celtics,away,116-113,1&4,4.5,215.0,3,7.5,14.0,10.8,3.2,W,W,O,""1"
"Jan"",""17,"",2018,recap,Wed,2017,Pelicans,Hawks,away,93-94,0&1,-2.5,218.5,-1,-3.5,-31.5,-17.5,-14.0,L,L,U,""0"
"Jan"",""20,"",2018,recap,Sat,2017,Pelicans,Grizzlies,home,111-104,2&0,-8.5,211.0,7,-1.5,4.0,1.2,2.8,W,L,O,""0"
"Jan"",""22,"",2018,recap,Mon,2017,Pelicans,Bulls,home,132-128,1&1,-6.5,227.5,4,-2.5,32.5,15.0,17.5,W,L,O,""2"
"Jan"",""24,"",2018,recap,Wed,2017,Pelicans,Hornets,away,101-96,1&1,1.5,222.0,5,6.5,-25.0,-9.2,-15.8,W,W,U,""0"
"Jan"",""26,"",2018,recap,Fri,2017,Pelicans,Rockets,home,115-113,1&1,3.5,228.0,2,5.5,0.0,2.8,-2.8,W,W,P,""0"
"Jan"",""28,"",2018,recap,Sun,2017,Pelicans,Clippers,home,103-112,1&1,-1.5,226.5,-9,-10.5,-11.5,-11.0,-0.5,L,L,U,""0"
"Jan"",""30,"",2018,recap,Tue,2017,Pelicans,Kings,home,103-114,1&1,-8.0,215.5,-11,-19.0,1.5,-8.8,10.2,L,L,O,""0"
"Feb"",""02,"",2018,recap,Fri,2017,Pelicans,Thunder,away,114-100,2&0,5.5,220.0,14,19.5,-6.0,6.8,-12.8,W,W,U,0"
"Feb"",""03,"",2018,recap,Sat,2017,Pelicans,Timberwolves,away,107-118,0&1,8.5,222.5,-11,-2.5,2.5,0.0,2.5,L,L,O,0"
"Feb"",""05,"",2018,recap,Mon,2017,Pelicans,Jazz,home,109-133,1&1,-1.0,216.0,-24,-25.0,26.0,0.5,25.5,L,L,O,""0"
"Feb"",""09,"",2018,recap,Fri,2017,Pelicans,Seventysixers,away,82-100,3&2,6.0,219.5,-18,-12.0,-37.5,-24.8,-12.8,L,L,U,0"
"Feb"",""10,"",2018,recap,Sat,2017,Pelicans,Nets,away,138-128,0&2,-3.0,220.5,10,7.0,45.5,26.2,19.2,W,W,O,""2"
"Feb"",""12,"",2018,recap,Mon,2017,Pelicans,Pistons,away,118-103,1&0,2.5,221.0,15,17.5,0.0,8.8,-8.8,W,W,P,""0"
"Feb"",""14,"",2018,recap,Wed,2017,Pelicans,Lakers,home,139-117,1&3,-5.5,231.5,22,16.5,24.5,20.5,4.0,W,W,O,""0"
"Feb"",""23,"",2018,recap,Fri,2017,Pelicans,Heat,home,124-123,8&8,-2.0,215.0,1,-1.0,32.0,15.5,16.5,W,L,O,""1"
"Feb"",""25,"",2018,recap,Sun,2017,Pelicans,Bucks,away,123-121,1&1,4.0,222.5,2,6.0,21.5,13.8,7.8,W,W,O,""1"
"Feb"",""26,"",2018,recap,Mon,2017,Pelicans,Suns,home,125-116,0&1,-7.5,235.0,9,1.5,6.0,3.8,2.2,W,W,O,""0"
"Feb"",""28,"",2018,recap,Wed,2017,Pelicans,Spurs,away,121-116,1&2,4.5,220.0,5,9.5,17.0,13.2,3.8,W,W,O,""0"
"Mar"",""04,"",2018,recap,Sun,2017,Pelicans,Mavericks,away,126-109,3&1,-4.0,224.5,17,13.0,10.5,11.8,-1.2,W,W,O,""0"
"Mar"",""06,"",2018,recap,Tue,2017,Pelicans,Clippers,away,121-116,1&1,2.5,236.5,5,7.5,0.5,4.0,-3.5,W,W,O,""0"
"Mar"",""07,"",2018,recap,Wed,2017,Pelicans,Kings,away,114-101,0&2,-6.0,223.5,13,7.0,-8.5,-0.8,-7.8,W,W,U,""0"
"Mar"",""09,"",2018,recap,Fri,2017,Pelicans,Wizards,home,97-116,1&2,3.0,219.5,-19,-16.0,-6.5,-11.2,4.8,L,L,U,""0"
"Mar"",""11,"",2018,recap,Sun,2017,Pelicans,Jazz,home,99-116,1&1,3.0,212.5,-17,-14.0,2.5,-5.8,8.2,L,L,O,""0"
"Mar"",""13,"",2018,recap,Tue,2017,Pelicans,Hornets,home,119-115,1&2,-4.5,230.0,4,-0.5,4.0,1.8,2.2,W,L,O,""0"
"Mar"",""15,"",2018,recap,Thu,2017,Pelicans,Spurs,away,93-98,1&1,4.5,219.5,-5,-0.5,-28.5,-14.5,-14.0,L,L,U,""0"
"Mar"",""17,"",2018,recap,Sat,2017,Pelicans,Rockets,home,101-107,1&1,6.5,226.5,-6,0.5,-18.5,-9.0,-9.5,L,W,U,""0"
"Mar"",""18,"",2018,recap,Sun,2017,Pelicans,Celtics,home,108-89,0&1,-2.5,214.5,19,16.5,-17.5,-0.5,-17.0,W,W,U,""0"
"Mar"",""20,"",2018,recap,Tue,2017,Pelicans,Mavericks,home,115-105,1&2,-8.5,219.0,10,1.5,1.0,1.2,-0.2,W,W,O,""0"
"Mar"",""21,"",2018,recap,Wed,2017,Pelicans,Pacers,home,96-92,0&1,1.0,219.5,4,5.0,-31.5,-13.2,-18.2,W,W,U,""0"
"Mar"",""22,"",2018,recap,Thu,2017,Pelicans,Lakers,home,128-125,0&2,-2.5,231.5,3,0.5,21.5,11.0,10.5,W,W,O,""0"
"Mar"",""24,"",2018,recap,Sat,2017,Pelicans,Rockets,away,91-114,1&1,8.5,224.5,-23,-14.5,-19.5,-17.0,-2.5,L,L,U,""0"
"Mar"",""27,"",2018,recap,Tue,2017,Pelicans,Trailblazers,home,103-107,2&1,1.0,222.0,-4,-3.0,-12.0,-7.5,-4.5,L,L,U,""0"
"Mar"",""30,"",2018,recap,Fri,2017,Pelicans,Cavaliers,away,102-107,2&1,4.5,227.0,-5,-0.5,-18.0,-9.2,-8.8,L,L,U,""0"
"Apr"",""01,"",2018,recap,Sun,2017,Pelicans,Thunder,home,104-109,1&1,1.0,226.0,-5,-4.0,-13.0,-8.5,-4.5,L,L,U,""0"
"Apr"",""04,"",2018,recap,Wed,2017,Pelicans,Grizzlies,home,123-95,2&2,-13.5,216.5,28,14.5,1.5,8.0,-6.5,W,W,O,""0"
"Apr"",""06,"",2018,recap,Fri,2017,Pelicans,Suns,away,122-103,1&2,-11.5,219.0,19,7.5,6.0,6.8,-0.8,W,W,O,""0"
"Apr"",""07,"",2018,recap,Sat,2017,Pelicans,Warriors,away,126-120,0&1,6.5,226.0,6,12.5,20.0,16.2,3.8,W,W,O,0"
"Apr"",""09,"",2018,recap,Mon,2017,Pelicans,Clippers,away,113-100,1&1,-8.5,224.0,13,4.5,-11.0,-3.2,-7.8,W,W,U,""0"
"Apr"",""11,"",2018,recap,Wed,2017,Pelicans,Spurs,home,122-98,1&1,-4.0,211.5,24,20.0,8.5,14.2,-5.8,W,W,O,""0"
"Oct"",""17,"",2018,recap,Wed,2018,Pelicans,Rockets,away,131-112,&,7.5,232.0,19,26.5,11.0,18.8,-7.8,W,W,O,""0"
"Oct"",""19,"",2018,recap,Fri,2018,Pelicans,Kings,home,149-129,1&1,-11.5,232.0,20,8.5,46.0,27.2,18.8,W,W,O,""0"
"Oct"",""23,"",2018,recap,Tue,2018,Pelicans,Clippers,home,116-109,3&1,-6.5,237.0,7,0.5,-12.0,-5.8,-6.2,W,W,U,""0"
"Oct"",""26,"",2018,recap,Fri,2018,Pelicans,Nets,home,117-115,2&1,-9.0,232.5,2,-7.0,-0.5,-3.8,3.2,W,L,U,""0"
"Oct"",""27,"",2018,recap,Sat,2018,Pelicans,Jazz,home,111-132,0&2,5.0,226.0,-21,-16.0,17.0,0.5,16.5,L,L,O,""0"
"Oct"",""29,"",2018,recap,Mon,2018,Pelicans,Nuggets,away,111-116,1&3,7.0,231.0,-5,2.0,-4.0,-1.0,-3.0,L,W,U,""0"
"Oct"",""31,"",2018,recap,Wed,2018,Pelicans,Warriors,away,121-131,1&1,10.5,238.0,-10,0.5,14.0,7.2,6.8,L,W,O,0"
"Nov"",""01,"",2018,recap,Thu,2018,Pelicans,Trailblazers,away,119-132,0&1,7.5,232.0,-13,-5.5,19.0,6.8,12.2,L,L,O,0"
"Nov"",""03,"",2018,recap,Sat,2018,Pelicans,Spurs,away,95-109,1&2,3.5,227.0,-14,-10.5,-23.0,-16.8,-6.2,L,L,U,""0"
"Nov"",""05,"",2018,recap,Mon,2018,Pelicans,Thunder,away,116-122,1&2,4.5,237.5,-6,-1.5,0.5,-0.5,1.0,L,L,O,""0"
"Nov"",""07,"",2018,recap,Wed,2018,Pelicans,Bulls,home,107-98,1&1,-10.5,228.5,9,-1.5,-23.5,-12.5,-11.0,W,L,U,""0"
"Nov"",""10,"",2018,recap,Sat,2018,Pelicans,Suns,home,119-99,2&1,-10.0,227.0,20,10.0,-9.0,0.5,-9.5,W,W,U,""0"
"Nov"",""12,"",2018,recap,Mon,2018,Pelicans,Raptors,away,126-110,1&1,9.0,232.0,16,25.0,4.0,14.5,-10.5,W,W,O,""0"
"Nov"",""14,"",2018,recap,Wed,2018,Pelicans,Timberwolves,away,100-107,1&1,1.5,234.5,-7,-5.5,-27.5,-16.5,-11.0,L,L,U,""0"
"Nov"",""16,"",2018,recap,Fri,2018,Pelicans,Knicks,home,129-124,1&1,-10.5,227.5,5,-5.5,25.5,10.0,15.5,W,L,O,""0"
"Nov"",""17,"",2018,recap,Sat,2018,Pelicans,Nuggets,home,125-115,0&1,-1.5,228.5,10,8.5,11.5,10.0,1.5,W,W,O,""0"
"Nov"",""19,"",2018,recap,Mon,2018,Pelicans,Spurs,home,140-126,1&0,-7.5,225.0,14,6.5,41.0,23.8,17.2,W,W,O,""0"
"Nov"",""21,"",2018,recap,Wed,2018,Pelicans,Seventysixers,away,120-121,1&1,3.5,237.5,-1,2.5,3.5,3.0,0.5,L,W,O,""0"
"Nov"",""23,"",2018,recap,Fri,2018,Pelicans,Knicks,away,109-114,1&1,-7.0,236.0,-5,-12.0,-13.0,-12.5,-0.5,L,L,U,""0"
"Nov"",""24,"",2018,recap,Sat,2018,Pelicans,Wizards,away,114-124,0&0,1.5,240.0,-10,-8.5,-2.0,-5.2,3.2,L,L,U,0"
"Nov"",""26,"",2018,recap,Mon,2018,Pelicans,Celtics,home,107-124,1&1,0.0,224.5,-17,-17.0,6.5,-5.2,11.8,L,L,O,""0"
"Nov"",""28,"",2018,recap,Wed,2018,Pelicans,Wizards,home,125-104,1&1,-6.5,240.5,21,14.5,-11.5,1.5,-13.0,W,W,U,""0"
"Nov"",""30,"",2018,recap,Fri,2018,Pelicans,Heat,away,101-106,1&2,-3.0,228.5,-5,-8.0,-21.5,-14.8,-6.8,L,L,U,""0"
"Dec"",""02,"",2018,recap,Sun,2018,Pelicans,Hornets,away,119-109,1&1,2.5,232.5,10,12.5,-4.5,4.0,-8.5,W,W,U,""0"
"Dec"",""03,"",2018,recap,Mon,2018,Pelicans,Clippers,home,126-129,0&0,-1.5,237.5,-3,-4.5,17.5,6.5,11.0,L,L,O,""0"
"Dec"",""05,"",2018,recap,Wed,2018,Pelicans,Mavericks,home,132-106,1&0,-6.5,227.5,26,19.5,10.5,15.0,-4.5,W,W,O,""0"
"Dec"",""07,"",2018,recap,Fri,2018,Pelicans,Grizzlies,home,103-107,1&1,-4.5,213.5,-4,-8.5,-3.5,-6.0,2.5,L,L,U,""0"
"Dec"",""09,"",2018,recap,Sun,2018,Pelicans,Pistons,away,116-108,1&1,-2.5,224.5,8,5.5,-0.5,2.5,-3.0,W,W,U,""0"
"Dec"",""10,"",2018,recap,Mon,2018,Pelicans,Celtics,away,100-113,0&1,7.5,222.5,-13,-5.5,-9.5,-7.5,-2.0,L,L,U,""0"
"Dec"",""12,"",2018,recap,Wed,2018,Pelicans,Thunder,home,118-114,1&1,1.5,233.0,4,5.5,-1.0,2.2,-3.2,W,W,U,""0"
"Dec"",""16,"",2018,recap,Sun,2018,Pelicans,Heat,home,96-102,3&1,-6.0,221.5,-6,-12.0,-23.5,-17.8,-5.8,L,L,U,""0"
"Dec"",""19,"",2018,recap,Wed,2018,Pelicans,Bucks,away,115-123,2&1,8.5,233.5,-8,0.5,4.5,2.5,2.0,L,W,O,""0"
"Dec"",""21,"",2018,recap,Fri,2018,Pelicans,Lakers,away,104-112,1&2,5.5,234.0,-8,-2.5,-18.0,-10.2,-7.8,L,L,U,""0"
"Dec"",""23,"",2018,recap,Sun,2018,Pelicans,Kings,away,117-122,1&1,-1.0,238.5,-5,-6.0,0.5,-2.8,3.2,L,L,O,""0"
"Dec"",""26,"",2018,recap,Wed,2018,Pelicans,Mavericks,away,119-122,2&2,2.5,229.0,-3,-0.5,12.0,5.8,6.2,L,L,O,""0"
"Dec"",""28,"",2018,recap,Fri,2018,Pelicans,Mavericks,home,114-112,1&1,-4.5,229.5,2,-2.5,-3.5,-3.0,-0.5,W,L,U,""0"
"Dec"",""29,"",2018,recap,Sat,2018,Pelicans,Rockets,home,104-108,0&1,3.5,228.5,-4,-0.5,-16.5,-8.5,-8.0,L,L,U,""0"
"Dec"",""31,"",2018,recap,Mon,2018,Pelicans,Timberwolves,home,123-114,1&0,-5.5,226.5,9,3.5,10.5,7.0,3.5,W,W,O,""0"
"Jan"",""02,"",2019,recap,Wed,2018,Pelicans,Nets,away,121-126,1&3,0.0,230.5,-5,-5.0,16.5,5.8,10.8,L,L,O,""0"
"Jan"",""05,"",2019,recap,Sat,2018,Pelicans,Cavaliers,away,133-98,2&0,-10.0,223.0,35,25.0,8.0,16.5,-8.5,W,W,O,""0"
"Jan"",""07,"",2019,recap,Mon,2018,Pelicans,Grizzlies,home,114-95,1&1,-6.0,212.5,19,13.0,-3.5,4.8,-8.2,W,W,U,""0"
"Jan"",""09,"",2019,recap,Wed,2018,Pelicans,Cavaliers,home,140-124,1&0,-15.0,224.5,16,1.0,39.5,20.2,19.2,W,W,O,""0"
"Jan"",""12,"",2019,recap,Sat,2018,Pelicans,Timberwolves,away,106-110,2&0,0.0,234.0,-4,-4.0,-18.0,-11.0,-7.0,L,L,U,0"
"Jan"",""14,"",2019,recap,Mon,2018,Pelicans,Clippers,away,121-117,1&1,0.0,238.5,4,4.0,-0.5,1.8,-2.2,W,W,U,""0"
"Jan"",""16,"",2019,recap,Wed,2018,Pelicans,Warriors,away,140-147,1&0,7.0,241.5,-7,0.0,45.5,22.8,22.8,L,P,O,0"
"Jan"",""18,"",2019,recap,Fri,2018,Pelicans,Trailblazers,away,112-128,1&1,4.0,236.0,-16,-12.0,4.0,-4.0,8.0,L,L,O,0"
"Jan"",""21,"",2019,recap,Mon,2018,Pelicans,Grizzlies,away,105-85,2&1,3.0,219.0,20,23.0,-29.0,-3.0,-26.0,W,W,U,""0"
"Jan"",""23,"",2019,recap,Wed,2018,Pelicans,Pistons,home,94-98,1&1,-4.0,220.5,-4,-8.0,-28.5,-18.2,-10.2,L,L,U,""0"
"Jan"",""24,"",2019,recap,Thu,2018,Pelicans,Thunder,away,116-122,0&1,12.0,237.0,-6,6.0,1.0,3.5,-2.5,L,W,O,""0"
"Jan"",""26,"",2019,recap,Sat,2018,Pelicans,Spurs,home,114-126,1&2,4.5,228.0,-12,-7.5,12.0,2.2,9.8,L,L,O,""0"
"Jan"",""29,"",2019,recap,Tue,2018,Pelicans,Rockets,away,121-116,2&1,10.0,234.0,5,15.0,3.0,9.0,-6.0,W,W,O,""0"
"Jan"",""30,"",2019,recap,Wed,2018,Pelicans,Nuggets,home,99-105,0&1,8.0,225.0,-6,2.0,-21.0,-9.5,-11.5,L,W,U,""0"
"Feb"",""02,"",2019,recap,Sat,2018,Pelicans,Spurs,away,108-113,2&1,10.5,229.5,-5,5.5,-8.5,-1.5,-7.0,L,W,U,""0"
"Feb"",""04,"",2019,recap,Mon,2018,Pelicans,Pacers,home,107-109,1&1,2.0,217.5,-2,0.0,-1.5,-0.8,-0.8,L,P,U,""0"
"Feb"",""06,"",2019,recap,Wed,2018,Pelicans,Bulls,away,125-120,1&3,-1.5,227.0,5,3.5,18.0,10.8,7.2,W,W,O,""0"
"Feb"",""08,"",2019,recap,Fri,2018,Pelicans,Timberwolves,home,122-117,1&0,-6.0,233.0,5,-1.0,6.0,2.5,3.5,W,L,O,""0"
"Feb"",""09,"",2019,recap,Sat,2018,Pelicans,Grizzlies,away,90-99,0&1,3.0,212.0,-9,-6.0,-23.0,-14.5,-8.5,L,L,U,""0"
"Feb"",""12,"",2019,recap,Tue,2018,Pelicans,Magic,home,88-118,2&1,-4.5,223.0,-30,-34.5,-17.0,-25.8,8.8,L,L,U,""0"
"Feb"",""14,"",2019,recap,Thu,2018,Pelicans,Thunder,home,131-122,1&2,3.5,238.0,9,12.5,15.0,13.8,1.2,W,W,O,""0"
"Feb"",""22,"",2019,recap,Fri,2018,Pelicans,Pacers,away,111-126,7&8,6.5,223.0,-15,-8.5,14.0,2.8,11.2,L,L,O,""0"
"Feb"",""23,"",2019,recap,Sat,2018,Pelicans,Lakers,home,128-115,0&1,4.5,234.0,13,17.5,9.0,13.2,-4.2,W,W,O,""0"
"Feb"",""25,"",2019,recap,Mon,2018,Pelicans,Seventysixers,home,110-111,1&1,1.0,238.0,-1,0.0,-17.0,-8.5,-8.5,L,P,U,""0"
"Feb"",""27,"",2019,recap,Wed,2018,Pelicans,Lakers,away,119-125,1&1,5.5,239.5,-6,-0.5,4.5,2.0,2.5,L,L,O,""0"
"Mar"",""01,"",2019,recap,Fri,2018,Pelicans,Suns,away,130-116,1&3,-5.5,239.0,14,8.5,7.0,7.8,-0.8,W,W,O,0"
"Mar"",""02,"",2019,recap,Sat,2018,Pelicans,Nuggets,away,120-112,0&1,13.0,234.0,8,21.0,-2.0,9.5,-11.5,W,W,U,""0"
"Mar"",""04,"",2019,recap,Mon,2018,Pelicans,Jazz,away,115-112,1&1,9.5,229.0,3,12.5,-2.0,5.2,-7.2,W,W,U,""0"
"Mar"",""06,"",2019,recap,Wed,2018,Pelicans,Jazz,home,104-114,1&1,5.0,230.0,-10,-5.0,-12.0,-8.5,-3.5,L,L,U,""0"
"Mar"",""08,"",2019,recap,Fri,2018,Pelicans,Raptors,home,104-127,1&2,7.5,231.0,-23,-15.5,0.0,-7.8,7.8,L,L,P,""0"
"Mar"",""10,"",2019,recap,Sun,2018,Pelicans,Hawks,away,116-128,1&0,2.0,238.0,-12,-10.0,6.0,-2.0,8.0,L,L,O,""0"
"Mar"",""12,"",2019,recap,Tue,2018,Pelicans,Bucks,home,113-130,1&1,10.5,237.5,-17,-6.5,5.5,-0.5,6.0,L,L,O,""0"
"Mar"",""15,"",2019,recap,Fri,2018,Pelicans,Trailblazers,home,110-122,2&2,9.0,232.5,-12,-3.0,-0.5,-1.8,1.2,L,L,U,""0"
"Mar"",""16,"",2019,recap,Sat,2018,Pelicans,Suns,home,136-138,0&0,-1.5,235.0,-2,-3.5,39.0,17.8,21.2,L,L,O,""1"
"Mar"",""18,"",2019,recap,Mon,2018,Pelicans,Mavericks,away,129-125,1&1,5.0,232.5,4,9.0,21.5,15.2,6.2,W,W,O,""1"
"Mar"",""20,"",2019,recap,Wed,2018,Pelicans,Magic,away,96-119,1&2,9.0,224.0,-23,-14.0,-9.0,-11.5,2.5,L,L,U,""0"
"Mar"",""24,"",2019,recap,Sun,2018,Pelicans,Rockets,home,90-113,3&1,10.0,227.0,-23,-13.0,-24.0,-18.5,-5.5,L,L,U,""0"
"Mar"",""26,"",2019,recap,Tue,2018,Pelicans,Hawks,home,120-130,1&2,2.5,242.5,-10,-7.5,7.5,0.0,7.5,L,L,O,""0"
"Mar"",""28,"",2019,recap,Thu,2018,Pelicans,Kings,home,121-118,1&1,3.5,237.0,3,6.5,2.0,4.2,-2.2,W,W,O,""0"
"Mar"",""31,"",2019,recap,Sun,2018,Pelicans,Lakers,home,102-130,2&1,-3.0,232.0,-28,-31.0,0.0,-15.5,15.5,L,L,P,""0"
"Apr"",""03,"",2019,recap,Wed,2018,Pelicans,Hornets,home,109-115,2&1,4.0,231.0,-6,-2.0,-7.0,-4.5,-2.5,L,L,U,""0"
"Apr"",""05,"",2019,recap,Fri,2018,Pelicans,Suns,away,126-133,1&1,-1.5,232.0,-7,-8.5,27.0,9.2,17.8,L,L,O,""1"
"Apr"",""07,"",2019,recap,Sun,2018,Pelicans,Kings,away,133-129,1&1,9.5,235.0,4,13.5,27.0,20.2,6.8,W,W,O,""0"
"Apr"",""09,"",2019,recap,Tue,2018,Pelicans,Warriors,home,103-112,1&1,9.5,235.0,-9,0.5,-20.0,-9.8,-10.2,L,W,U,""0"
"Oct"",""22,"",2019,recap,Tue,2019,Pelicans,Raptors,away,122-130,&,7.0,231.5,-8,-1.0,20.5,9.8,10.8,L,L,O,1"
"Oct"",""25,"",2019,recap,Fri,2019,Pelicans,Mavericks,home,116-123,2&1,-2.0,228.0,-7,-9.0,11.0,1.0,10.0,L,L,O,""0"
"Oct"",""26,"",2019,recap,Sat,2019,Pelicans,Rockets,away,123-126,0&1,10.5,239.0,-3,7.5,10.0,8.8,1.2,L,W,O,""0"
"Oct"",""28,"",2019,recap,Mon,2019,Pelicans,Warriors,home,123-134,1&0,-3.5,237.0,-11,-14.5,20.0,2.8,17.2,L,L,O,""0"
"Oct"",""31,"",2019,recap,Thu,2019,Pelicans,Nuggets,home,122-107,2&1,4.0,225.5,15,19.0,3.5,11.2,-7.8,W,W,O,""0"
"Nov"",""02,"",2019,recap,Sat,2019,Pelicans,Thunder,away,104-115,1&2,3.0,227.0,-11,-8.0,-8.0,-8.0,0.0,L,L,U,""0"
"Nov"",""04,"",2019,recap,Mon,2019,Pelicans,Nets,away,125-135,1&1,4.0,239.0,-10,-6.0,21.0,7.5,13.5,L,L,O,""0"
"Nov"",""08,"",2019,recap,Fri,2019,Pelicans,Raptors,home,104-122,3&1,3.0,232.5,-18,-15.0,-6.5,-10.8,4.2,L,L,U,""0"
"Nov"",""09,"",2019,recap,Sat,2019,Pelicans,Hornets,away,115-110,0&1,-1.5,230.0,5,3.5,-5.0,-0.8,-4.2,W,W,U,""0"
"Nov"",""11,"",2019,recap,Mon,2019,Pelicans,Rockets,home,116-122,1&1,6.0,242.5,-6,0.0,-4.5,-2.2,-2.2,L,P,U,""0"
"Nov"",""14,"",2019,recap,Thu,2019,Pelicans,Clippers,home,132-127,2&0,3.5,235.0,5,8.5,24.0,16.2,7.8,W,W,O,""0"
"Nov"",""16,"",2019,recap,Sat,2019,Pelicans,Heat,away,94-109,1&1,7.0,227.5,-15,-8.0,-24.5,-16.2,-8.2,L,L,U,""0"
"Nov"",""17,"",2019,recap,Sun,2019,Pelicans,Warriors,home,108-100,0&1,-4.5,226.5,8,3.5,-18.5,-7.5,-11.0,W,W,U,""0"
"Nov"",""19,"",2019,recap,Tue,2019,Pelicans,Trailblazers,home,115-104,1&0,-3.0,230.5,11,8.0,-11.5,-1.8,-9.8,W,W,U,""0"
"Nov"",""21,"",2019,recap,Thu,2019,Pelicans,Suns,away,124-121,1&1,3.0,233.5,3,6.0,11.5,8.8,2.8,W,W,O,0"
"Nov"",""23,"",2019,recap,Sat,2019,Pelicans,Jazz,away,120-128,1&0,7.5,223.0,-8,-0.5,25.0,12.2,12.8,L,L,O,""0"
"Nov"",""24,"",2019,recap,Sun,2019,Pelicans,Clippers,away,109-134,0&1,13.0,233.5,-25,-12.0,9.5,-1.2,10.8,L,L,O,""0"
"Nov"",""27,"",2019,recap,Wed,2019,Pelicans,Lakers,home,110-114,2&1,6.0,232.0,-4,2.0,-8.0,-3.0,-5.0,L,W,U,""0"
"Nov"",""29,"",2019,recap,Fri,2019,Pelicans,Thunder,away,104-109,1&1,4.5,229.5,-5,-0.5,-16.5,-8.5,-8.0,L,L,U,""0"
"Dec"",""01,"",2019,recap,Sun,2019,Pelicans,Thunder,home,104-107,1&1,-2.5,226.5,-3,-5.5,-15.5,-10.5,-5.0,L,L,U,""0"
"Dec"",""03,"",2019,recap,Tue,2019,Pelicans,Mavericks,home,97-118,1&1,4.5,233.0,-21,-16.5,-18.0,-17.2,-0.8,L,L,U,""0"
