"Jan"",""02,"",2015,recap,Fri,2014,Hornets,Cavaliers,home,87-91,1&1,1.5,194.5,-4,-2.5,-16.5,-9.5,-7.0,L,L,U,""0"
"Jan"",""03,"",2015,recap,Sat,2014,Hornets,Magic,away,98-90,0&0,4.0,188.0,8,12.0,0.0,6.0,-6.0,W,W,P,""0"
"Jan"",""05,"",2015,recap,Mon,2014,Hornets,Celtics,away,104-95,1&1,4.5,199.0,9,13.5,0.0,6.8,-6.8,W,W,P,""0"
"Jan"",""07,"",2015,recap,Wed,2014,Hornets,Pelicans,home,98-94,1&1,4.5,192.0,4,8.5,0.0,4.2,-4.2,W,W,P,""0"
"Jan"",""08,"",2015,recap,Thu,2014,Hornets,Raptors,away,103-95,0&3,12.0,199.5,8,20.0,-1.5,9.2,-10.8,W,W,U,""0"
"Jan"",""10,"",2015,recap,Sat,2014,Hornets,Knicks,away,110-82,1&1,-8.0,189.0,28,20.0,3.0,11.5,-8.5,W,W,O,""0"
"Jan"",""14,"",2015,recap,Wed,2014,Hornets,Spurs,home,93-98,3&0,4.5,191.0,-5,-0.5,0.0,-0.2,0.2,L,L,P,""0"
"Jan"",""17,"",2015,recap,Sat,2014,Hornets,Pacers,home,80-71,2&0,2.0,186.0,9,11.0,-35.0,-12.0,-23.0,W,W,U,""1"
"Jan"",""19,"",2015,recap,Mon,2014,Hornets,Timberwolves,home,105-80,1&1,-6.0,193.0,25,19.0,-8.0,5.5,-13.5,W,W,U,""0"
"Jan"",""21,"",2015,recap,Wed,2014,Hornets,Heat,home,78-76,1&0,-5.5,184.0,2,-3.5,-30.0,-16.8,-13.2,W,L,U,""0"
"Jan"",""23,"",2015,recap,Fri,2014,Hornets,Cavaliers,away,90-129,1&1,10.5,194.0,-39,-28.5,25.0,-1.8,26.8,L,L,O,""0"
"Jan"",""28,"",2015,recap,Wed,2014,Hornets,Spurs,away,86-95,3&2,12.5,188.0,-9,3.5,-7.0,-1.8,-5.2,L,W,U,""0"
"Jan"",""31,"",2015,recap,Sat,2014,Hornets,Nuggets,away,104-86,2&1,5.0,194.0,18,23.0,-4.0,9.5,-13.5,W,W,U,""0"
"Feb"",""02,"",2015,recap,Mon,2014,Hornets,Wizards,away,92-88,1&1,7.5,187.0,4,11.5,-7.0,2.2,-9.2,W,W,U,0"
"Feb"",""05,"",2015,recap,Thu,2014,Hornets,Wizards,home,94-87,2&0,0.0,186.5,7,7.0,-5.5,0.8,-6.2,W,W,U,""0"
"Feb"",""07,"",2015,recap,Sat,2014,Hornets,Seventysixers,away,81-89,1&0,-7.5,184.0,-8,-15.5,-14.0,-14.8,0.8,L,L,U,""0"
"Feb"",""08,"",2015,recap,Sun,2014,Hornets,Pacers,home,102-103,0&1,1.0,184.0,-1,0.0,21.0,10.5,10.5,L,P,O,""0"
"Feb"",""10,"",2015,recap,Tue,2014,Hornets,Pistons,home,78-106,1&1,-1.5,190.5,-28,-29.5,-6.5,-18.0,11.5,L,L,U,""0"
"Feb"",""21,"",2015,recap,Sat,2014,Hornets,Thunder,home,103-110,10&1,6.0,197.0,-7,-1.0,16.0,7.5,8.5,L,L,O,""0"
"Feb"",""22,"",2015,recap,Sun,2014,Hornets,Mavericks,away,81-92,0&1,10.0,197.0,-11,-1.0,-24.0,-12.5,-11.5,L,L,U,""0"
"Feb"",""25,"",2015,recap,Wed,2014,Hornets,Bulls,away,98-86,2&1,7.0,187.5,12,19.0,-3.5,7.8,-11.2,W,W,U,""0"
"Feb"",""27,"",2015,recap,Fri,2014,Hornets,Celtics,away,98-106,1&1,2.0,196.0,-8,-6.0,8.0,1.0,7.0,L,L,O,""0"
"Mar"",""01,"",2015,recap,Sun,2014,Hornets,Magic,away,98-83,1&1,-1.5,185.5,15,13.5,-4.5,4.5,-9.0,W,W,U,""0"
"Mar"",""03,"",2015,recap,Tue,2014,Hornets,Lakers,home,104-103,1&1,-9.0,195.0,1,-8.0,12.0,2.0,10.0,W,L,O,""0"
"Mar"",""04,"",2015,recap,Wed,2014,Hornets,Nets,away,115-91,0&1,5.5,194.0,24,29.5,12.0,20.8,-8.8,W,W,O,""0"
"Mar"",""06,"",2015,recap,Fri,2014,Hornets,Raptors,home,103-94,1&1,0.0,197.0,9,9.0,0.0,4.5,-4.5,W,W,P,""0"
"Mar"",""08,"",2015,recap,Sun,2014,Hornets,Pistons,away,108-101,1&1,-0.0,193.0,7,7.0,16.0,11.5,4.5,W,W,O,""0"
"Mar"",""09,"",2015,recap,Mon,2014,Hornets,Wizards,home,69-95,0&1,-1.5,190.0,-26,-27.5,-26.0,-26.8,0.8,L,L,U,""0"
"Mar"",""11,"",2015,recap,Wed,2014,Hornets,Kings,home,106-113,1&1,-7.5,205.0,-7,-14.5,14.0,-0.2,14.2,L,L,O,""0"
"Mar"",""13,"",2015,recap,Fri,2014,Hornets,Bulls,home,101-91,1&1,-1.0,189.0,10,9.0,3.0,6.0,-3.0,W,W,O,""0"
"Mar"",""16,"",2015,recap,Mon,2014,Hornets,Jazz,away,66-94,2&1,4.5,180.0,-28,-23.5,-20.0,-21.8,1.8,L,L,U,""0"
"Mar"",""17,"",2015,recap,Tue,2014,Hornets,Clippers,away,92-99,0&1,10.0,200.0,-7,3.0,-9.0,-3.0,-6.0,L,W,U,""0"
"Mar"",""20,"",2015,recap,Fri,2014,Hornets,Kings,away,91-101,2&1,-3.5,206.0,-10,-13.5,-14.0,-13.8,-0.2,L,L,U,""0"
"Mar"",""22,"",2015,recap,Sun,2014,Hornets,Timberwolves,away,109-98,1&2,-5.5,200.0,11,5.5,7.0,6.2,0.8,W,W,O,0"
"Mar"",""23,"",2015,recap,Mon,2014,Hornets,Bulls,away,86-98,0&1,7.0,189.5,-12,-5.0,-5.5,-5.2,-0.2,L,L,U,""0"
"Mar"",""25,"",2015,recap,Wed,2014,Hornets,Nets,home,88-91,1&1,-3.0,197.0,-3,-6.0,-18.0,-12.0,-6.0,L,L,U,""0"
"Mar"",""27,"",2015,recap,Fri,2014,Hornets,Wizards,away,107-110,1&1,3.5,189.5,-3,0.5,27.5,14.0,13.5,L,W,O,2"
"Mar"",""28,"",2015,recap,Sat,2014,Hornets,Hawks,home,115-100,0&0,-6.0,191.5,15,9.0,23.5,16.2,7.2,W,W,O,""0"
"Mar"",""30,"",2015,recap,Mon,2014,Hornets,Celtics,home,104-116,1&0,-3.0,196.0,-12,-15.0,24.0,4.5,19.5,L,L,O,""0"
"Apr"",""01,"",2015,recap,Wed,2014,Hornets,Pistons,home,102-78,1&0,-5.5,195.5,24,18.5,-15.5,1.5,-17.0,W,W,U,""0"
"Apr"",""03,"",2015,recap,Fri,2014,Hornets,Pacers,away,74-93,1&1,5.0,193.0,-19,-14.0,-26.0,-20.0,-6.0,L,L,U,""0"
"Apr"",""04,"",2015,recap,Sat,2014,Hornets,Seventysixers,home,92-91,0&2,-7.0,189.5,1,-6.0,-6.5,-6.2,-0.2,W,L,U,""0"
"Apr"",""07,"",2015,recap,Tue,2014,Hornets,Heat,away,100-105,2&1,5.0,190.0,-5,0.0,15.0,7.5,7.5,L,P,O,""0"
"Apr"",""08,"",2015,recap,Wed,2014,Hornets,Raptors,home,74-92,0&3,2.0,198.0,-18,-16.0,-32.0,-24.0,-8.0,L,L,U,""0"
"Apr"",""10,"",2015,recap,Fri,2014,Hornets,Hawks,away,80-104,1&1,10.0,192.5,-24,-14.0,-8.5,-11.2,2.8,L,L,U,""0"
"Apr"",""12,"",2015,recap,Sun,2014,Hornets,Pistons,away,77-116,1&1,8.5,193.0,-39,-30.5,0.0,-15.2,15.2,L,L,P,""0"
"Apr"",""13,"",2015,recap,Mon,2014,Hornets,Rockets,home,90-100,0&0,11.5,199.5,-10,1.5,-9.5,-4.0,-5.5,L,W,U,""0"
"Apr"",""15,"",2015,recap,Wed,2014,Hornets,Raptors,away,87-92,1&0,11.0,195.0,-5,6.0,-16.0,-5.0,-11.0,L,W,U,""0"
"Oct"",""28,"",2015,recap,Wed,2015,Hornets,Heat,away,94-104,&,6.5,193.5,-10,-3.5,4.5,0.5,4.0,L,L,O,""0"
"Oct"",""30,"",2015,recap,Fri,2015,Hornets,Hawks,away,94-97,1&0,4.0,194.0,-3,1.0,-3.0,-1.0,-2.0,L,W,U,""0"
"Nov"",""01,"",2015,recap,Sun,2015,Hornets,Hawks,home,92-94,1&1,2.0,194.5,-2,0.0,-8.5,-4.2,-4.2,L,P,U,""0"
"Nov"",""03,"",2015,recap,Tue,2015,Hornets,Bulls,home,130-105,1&1,4.0,194.0,25,29.0,41.0,35.0,6.0,W,W,O,""0"
"Nov"",""05,"",2015,recap,Thu,2015,Hornets,Mavericks,away,108-94,1&1,4.0,200.5,14,18.0,1.5,9.8,-8.2,W,W,O,""0"
"Nov"",""07,"",2015,recap,Sat,2015,Hornets,Spurs,away,94-114,1&2,9.5,194.0,-20,-10.5,14.0,1.8,12.2,L,L,O,0"
"Nov"",""10,"",2015,recap,Tue,2015,Hornets,Timberwolves,away,104-95,2&0,-3.5,200.0,9,5.5,-1.0,2.2,-3.2,W,W,U,""0"
"Nov"",""11,"",2015,recap,Wed,2015,Hornets,Knicks,home,95-93,0&0,-6.0,198.5,2,-4.0,-10.5,-7.2,-3.2,W,L,U,""0"
"Nov"",""13,"",2015,recap,Fri,2015,Hornets,Bulls,away,97-102,1&3,6.5,199.0,-5,1.5,0.0,0.8,-0.8,L,W,P,""0"
"Nov"",""15,"",2015,recap,Sun,2015,Hornets,Trailblazers,home,106-94,1&1,-4.5,204.0,12,7.5,-4.0,1.8,-5.8,W,W,U,""0"
"Nov"",""17,"",2015,recap,Tue,2015,Hornets,Knicks,away,94-102,1&1,-0.0,196.5,-8,-8.0,-0.5,-4.2,3.8,L,L,U,""0"
"Nov"",""18,"",2015,recap,Wed,2015,Hornets,Nets,home,116-111,0&0,-6.5,196.0,5,-1.5,31.0,14.8,16.2,W,L,O,""0"
"Nov"",""20,"",2015,recap,Fri,2015,Hornets,Seventysixers,home,113-88,1&1,-11.0,197.5,25,14.0,3.5,8.8,-5.2,W,W,O,""0"
"Nov"",""23,"",2015,recap,Mon,2015,Hornets,Kings,home,127-122,2&1,-4.5,211.5,5,0.5,37.5,19.0,18.5,W,W,O,""1"
"Nov"",""25,"",2015,recap,Wed,2015,Hornets,Wizards,home,101-87,1&0,-3.5,210.0,14,10.5,-22.0,-5.8,-16.2,W,W,U,""0"
"Nov"",""27,"",2015,recap,Fri,2015,Hornets,Cavaliers,home,90-95,1&1,4.0,205.0,-5,-1.0,-20.0,-10.5,-9.5,L,L,U,""0"
"Nov"",""29,"",2015,recap,Sun,2015,Hornets,Bucks,home,87-82,1&1,-6.5,201.0,5,-1.5,-32.0,-16.8,-15.2,W,L,U,""0"
"Dec"",""02,"",2015,recap,Wed,2015,Hornets,Warriors,home,99-116,2&1,9.0,210.0,-17,-8.0,5.0,-1.5,6.5,L,L,O,""0"
"Dec"",""05,"",2015,recap,Sat,2015,Hornets,Bulls,away,102-96,2&2,5.5,195.5,6,11.5,2.5,7.0,-4.5,W,W,O,""0"
"Dec"",""07,"",2015,recap,Mon,2015,Hornets,Pistons,home,104-84,1&0,-3.0,196.0,20,17.0,-8.0,4.5,-12.5,W,W,U,""0"
"Dec"",""09,"",2015,recap,Wed,2015,Hornets,Heat,home,99-81,1&1,-1.0,192.5,18,17.0,-12.5,2.2,-14.8,W,W,U,""0"
"Dec"",""11,"",2015,recap,Fri,2015,Hornets,Grizzlies,away,123-99,1&1,3.0,192.5,24,27.0,29.5,28.2,1.2,W,W,O,""0"
"Dec"",""12,"",2015,recap,Sat,2015,Hornets,Celtics,home,93-98,0&0,-2.5,202.0,-5,-7.5,-11.0,-9.2,-1.8,L,L,U,""0"
"Dec"",""16,"",2015,recap,Wed,2015,Hornets,Magic,away,98-113,3&1,1.5,198.0,-15,-13.5,13.0,-0.2,13.2,L,L,O,""0"
"Dec"",""17,"",2015,recap,Thu,2015,Hornets,Raptors,home,109-99,0&2,1.0,195.5,10,11.0,12.5,11.8,0.8,W,W,O,""1"
"Dec"",""19,"",2015,recap,Sat,2015,Hornets,Wizards,away,101-109,1&2,-1.0,206.0,-8,-9.0,4.0,-2.5,6.5,L,L,O,0"
"Dec"",""21,"",2015,recap,Mon,2015,Hornets,Rockets,away,95-102,1&1,3.5,208.0,-7,-3.5,-11.0,-7.2,-3.8,L,L,U,""0"
"Dec"",""23,"",2015,recap,Wed,2015,Hornets,Celtics,home,89-102,1&1,-2.0,203.5,-13,-15.0,-12.5,-13.8,1.2,L,L,U,""0"
"Dec"",""26,"",2015,recap,Sat,2015,Hornets,Grizzlies,home,98-92,2&2,-2.5,193.5,6,3.5,-3.5,0.0,-3.5,W,W,U,""0"
"Dec"",""28,"",2015,recap,Mon,2015,Hornets,Lakers,home,108-98,1&0,-12.5,202.5,10,-2.5,3.5,0.5,3.0,W,L,O,""0"
"Dec"",""30,"",2015,recap,Wed,2015,Hornets,Clippers,home,117-122,1&1,2.5,201.0,-5,-2.5,38.0,17.8,20.2,L,L,O,""0"
"Jan"",""01,"",2016,recap,Fri,2015,Hornets,Raptors,away,94-104,1&1,7.0,197.0,-10,-3.0,1.0,-1.0,2.0,L,L,O,""0"
"Jan"",""02,"",2016,recap,Sat,2015,Hornets,Thunder,home,90-109,0&1,8.0,209.0,-19,-11.0,-10.0,-10.5,0.5,L,L,U,""0"
"Jan"",""04,"",2016,recap,Mon,2015,Hornets,Warriors,away,101-111,1&1,10.0,211.0,-10,0.0,1.0,0.5,0.5,L,P,O,0"
"Jan"",""06,"",2016,recap,Wed,2015,Hornets,Suns,away,102-111,1&2,-2.0,204.5,-9,-11.0,8.5,-1.2,9.8,L,L,O,""0"
"Jan"",""09,"",2016,recap,Sat,2015,Hornets,Clippers,away,83-97,2&2,8.5,203.0,-14,-5.5,-23.0,-14.2,-8.8,L,L,U,""0"
"Jan"",""10,"",2016,recap,Sun,2015,Hornets,Nuggets,away,92-95,0&1,0.0,199.0,-3,-3.0,-12.0,-7.5,-4.5,L,L,U,""0"
"Jan"",""13,"",2016,recap,Wed,2015,Hornets,Hawks,home,107-84,2&3,3.0,205.5,23,26.0,-14.5,5.8,-20.2,W,W,U,""0"
"Jan"",""15,"",2016,recap,Fri,2015,Hornets,Pelicans,away,107-109,1&1,3.0,202.0,-2,1.0,14.0,7.5,6.5,L,W,O,""0"
"Jan"",""16,"",2016,recap,Sat,2015,Hornets,Bucks,home,92-105,0&0,-5.5,198.0,-13,-18.5,-1.0,-9.8,8.8,L,L,U,""0"
"Jan"",""18,"",2016,recap,Mon,2015,Hornets,Jazz,home,124-119,1&1,-3.5,186.5,5,1.5,56.5,29.0,27.5,W,W,O,""2"
"Jan"",""20,"",2016,recap,Wed,2015,Hornets,Thunder,away,95-109,1&0,9.5,206.0,-14,-4.5,-2.0,-3.2,1.2,L,L,U,""0"
"Jan"",""22,"",2016,recap,Fri,2015,Hornets,Magic,away,120-116,1&1,4.0,196.0,4,8.0,40.0,24.0,16.0,W,W,O,""1"
"Jan"",""23,"",2016,recap,Sat,2015,Hornets,Knicks,home,97-84,0&0,0.0,198.5,13,13.0,-17.5,-2.2,-15.2,W,W,U,""0"
"Jan"",""25,"",2016,recap,Mon,2015,Hornets,Kings,away,129-128,1&1,7.0,213.5,1,8.0,43.5,25.8,17.8,W,W,O,""2"
"Jan"",""27,"",2016,recap,Wed,2015,Hornets,Jazz,away,73-102,1&1,6.5,192.0,-29,-22.5,-17.0,-19.8,2.8,L,L,U,""0"
"Jan"",""29,"",2016,recap,Fri,2015,Hornets,Trailblazers,away,91-109,1&2,6.0,205.5,-18,-12.0,-5.5,-8.8,3.2,L,L,U,0"
"Jan"",""31,"",2016,recap,Sun,2015,Hornets,Lakers,away,101-82,1&1,-4.0,201.0,19,15.0,-18.0,-1.5,-16.5,W,W,U,""0"
"Feb"",""03,"",2016,recap,Wed,2015,Hornets,Cavaliers,home,106-97,2&1,8.5,203.5,9,17.5,-0.5,8.5,-9.0,W,W,U,""0"
"Feb"",""05,"",2016,recap,Fri,2015,Hornets,Heat,home,95-98,1&1,-2.5,194.0,-3,-5.5,-1.0,-3.2,2.2,L,L,U,""0"
"Feb"",""06,"",2016,recap,Sat,2015,Hornets,Wizards,home,108-104,0&0,-5.0,210.5,4,-1.0,1.5,0.2,1.2,W,L,O,""0"
"Feb"",""08,"",2016,recap,Mon,2015,Hornets,Bulls,home,108-91,1&1,-7.5,200.0,17,9.5,-1.0,4.2,-5.2,W,W,U,""0"
"Feb"",""10,"",2016,recap,Wed,2015,Hornets,Pacers,away,117-95,1&1,3.5,201.0,22,25.5,11.0,18.2,-7.2,W,W,O,""0"
"Feb"",""19,"",2016,recap,Fri,2015,Hornets,Bucks,away,98-95,8&7,-1.0,202.0,3,2.0,-9.0,-3.5,-5.5,W,W,U,""0"
"Feb"",""21,"",2016,recap,Sun,2015,Hornets,Nets,away,104-96,1&1,-7.5,203.0,8,0.5,-3.0,-1.2,-1.8,W,W,U,""0"
"Feb"",""24,"",2016,recap,Wed,2015,Hornets,Cavaliers,away,103-114,2&1,8.0,207.0,-11,-3.0,10.0,3.5,6.5,L,L,O,""0"
"Feb"",""26,"",2016,recap,Fri,2015,Hornets,Pacers,away,96-95,1&1,3.5,203.5,1,4.5,-12.5,-4.0,-8.5,W,W,U,""0"
"Feb"",""28,"",2016,recap,Sun,2015,Hornets,Hawks,away,76-87,1&1,4.0,201.5,-11,-7.0,-38.5,-22.8,-15.8,L,L,U,""0"
"Mar"",""01,"",2016,recap,Tue,2015,Hornets,Suns,home,126-92,1&2,-13.0,209.5,34,21.0,8.5,14.8,-6.2,W,W,O,""0"
"Mar"",""02,"",2016,recap,Wed,2015,Hornets,Seventysixers,away,119-99,0&1,-9.5,209.5,20,10.5,8.5,9.5,-1.0,W,W,O,""0"
"Mar"",""04,"",2016,recap,Fri,2015,Hornets,Pacers,home,108-101,1&1,-3.0,201.5,7,4.0,7.5,5.8,1.8,W,W,O,""0"
"Mar"",""07,"",2016,recap,Mon,2015,Hornets,Timberwolves,home,108-103,2&1,-9.5,213.5,5,-4.5,-2.5,-3.5,1.0,W,L,U,""0"
"Mar"",""09,"",2016,recap,Wed,2015,Hornets,Pelicans,home,122-113,1&1,-8.5,209.5,9,0.5,25.5,13.0,12.5,W,W,O,""0"
"Mar"",""11,"",2016,recap,Fri,2015,Hornets,Pistons,home,118-103,1&1,-4.5,203.0,15,10.5,18.0,14.2,3.8,W,W,O,""0"
"Mar"",""12,"",2016,recap,Sat,2015,Hornets,Rockets,home,125-109,0&0,-5.5,215.5,16,10.5,18.5,14.5,4.0,W,W,O,""0"
"Mar"",""14,"",2016,recap,Mon,2015,Hornets,Mavericks,home,96-107,1&1,-5.5,209.0,-11,-16.5,-6.0,-11.2,5.2,L,L,U,""0"
"Mar"",""16,"",2016,recap,Wed,2015,Hornets,Magic,home,107-99,1&0,-9.5,211.0,8,-1.5,-5.0,-3.2,-1.8,W,L,U,""0"
"Mar"",""17,"",2016,recap,Thu,2015,Hornets,Heat,away,109-106,0&2,4.0,209.0,3,7.0,6.0,6.5,-0.5,W,W,O,""0"
"Mar"",""19,"",2016,recap,Sat,2015,Hornets,Nuggets,home,93-101,1&1,-9.0,215.5,-8,-17.0,-21.5,-19.2,-2.2,L,L,U,""0"
"Mar"",""21,"",2016,recap,Mon,2015,Hornets,Spurs,home,91-88,1&1,6.0,196.0,3,9.0,-17.0,-4.0,-13.0,W,W,U,""0"
"Mar"",""22,"",2016,recap,Tue,2015,Hornets,Nets,away,105-100,0&2,-6.5,207.5,5,-1.5,-2.5,-2.0,-0.5,W,L,U,""0"
"Mar"",""25,"",2016,recap,Fri,2015,Hornets,Pistons,away,105-112,2&1,2.0,206.0,-7,-5.0,11.0,3.0,8.0,L,L,O,""0"
"Mar"",""26,"",2016,recap,Sat,2015,Hornets,Bucks,away,115-91,0&0,-3.5,203.0,24,20.5,3.0,11.8,-8.8,W,W,O,""0"
"Mar"",""29,"",2016,recap,Tue,2015,Hornets,Seventysixers,away,100-85,2&1,-11.5,209.0,15,3.5,-24.0,-10.2,-13.8,W,W,U,""0"
"Apr"",""01,"",2016,recap,Fri,2015,Hornets,Seventysixers,home,100-91,2&2,-14.0,208.5,9,-5.0,-17.5,-11.2,-6.2,W,L,U,""0"
"Apr"",""03,"",2016,recap,Sun,2015,Hornets,Cavaliers,away,103-112,1&1,6.5,203.5,-9,-2.5,11.5,4.5,7.0,L,L,O,""0"
"Apr"",""05,"",2016,recap,Tue,2015,Hornets,Raptors,away,90-96,1&2,5.0,201.5,-6,-1.0,-15.5,-8.2,-7.2,L,L,U,""0"
"Apr"",""06,"",2016,recap,Wed,2015,Hornets,Knicks,away,111-97,0&2,-5.0,196.5,14,9.0,11.5,10.2,1.2,W,W,O,""0"
"Apr"",""08,"",2016,recap,Fri,2015,Hornets,Nets,home,113-99,1&1,-14.5,207.0,14,-0.5,5.0,2.2,2.8,W,L,O,""0"
"Apr"",""10,"",2016,recap,Sun,2015,Hornets,Wizards,away,98-113,1&1,-5.5,206.5,-15,-20.5,4.5,-8.0,12.5,L,L,O,0"
"Apr"",""11,"",2016,recap,Mon,2015,Hornets,Celtics,away,114-100,0&1,6.5,210.0,14,20.5,4.0,12.2,-8.2,W,W,O,""0"
"Apr"",""13,"",2016,recap,Wed,2015,Hornets,Magic,home,117-103,1&1,-9.0,211.0,14,5.0,9.0,7.0,2.0,W,W,O,""0"
"Oct"",""26,"",2016,recap,Wed,2016,Hornets,Bucks,away,107-96,&,1.5,195.0,11,12.5,8.0,10.2,-2.2,W,W,O,""0"
"Oct"",""28,"",2016,recap,Fri,2016,Hornets,Heat,away,97-91,1&1,-1.0,197.0,6,5.0,-9.0,-2.0,-7.0,W,W,U,""0"
"Oct"",""29,"",2016,recap,Sat,2016,Hornets,Celtics,home,98-104,0&1,3.0,202.5,-6,-3.0,-0.5,-1.8,1.2,L,L,U,""0"
"Nov"",""02,"",2016,recap,Wed,2016,Hornets,Seventysixers,home,109-93,3&0,-13.0,197.0,16,3.0,5.0,4.0,1.0,W,W,O,""0"
"Nov"",""04,"",2016,recap,Fri,2016,Hornets,Nets,away,99-95,1&1,-6.0,203.5,4,-2.0,-9.5,-5.8,-3.8,W,L,U,""0"
"Nov"",""07,"",2016,recap,Mon,2016,Hornets,Pacers,home,122-100,2&1,-3.5,206.5,22,18.5,15.5,17.0,-1.5,W,W,O,""0"
"Nov"",""09,"",2016,recap,Wed,2016,Hornets,Jazz,home,104-98,1&1,-3.0,193.0,6,3.0,9.0,6.0,3.0,W,W,O,""0"
"Nov"",""11,"",2016,recap,Fri,2016,Hornets,Raptors,home,111-113,1&1,0.0,204.0,-2,-2.0,20.0,9.0,11.0,L,L,O,""0"
"Nov"",""13,"",2016,recap,Sun,2016,Hornets,Cavaliers,away,93-100,1&1,7.5,208.5,-7,0.5,-15.5,-7.5,-8.0,L,W,U,""0"
"Nov"",""15,"",2016,recap,Tue,2016,Hornets,Timberwolves,away,115-108,1&1,-1.0,206.5,7,6.0,16.5,11.2,5.2,W,W,O,""0"
"Nov"",""18,"",2016,recap,Fri,2016,Hornets,Hawks,home,100-96,2&1,-2.5,206.0,4,1.5,-10.0,-4.2,-5.8,W,W,U,""0"
"Nov"",""19,"",2016,recap,Sat,2016,Hornets,Pelicans,away,116-121,0&0,-2.5,207.5,-5,-7.5,29.5,11.0,18.5,L,L,O,""1"
"Nov"",""21,"",2016,recap,Mon,2016,Hornets,Grizzlies,home,90-105,1&1,-5.0,196.5,-15,-20.0,-1.5,-10.8,9.2,L,L,U,""0"
"Nov"",""23,"",2016,recap,Wed,2016,Hornets,Spurs,home,114-119,1&1,5.0,201.0,-5,0.0,32.0,16.0,16.0,L,P,O,""0"
"Nov"",""25,"",2016,recap,Fri,2016,Hornets,Knicks,away,111-113,1&2,-1.5,210.5,-2,-3.5,13.5,5.0,8.5,L,L,O,""1"
"Nov"",""26,"",2016,recap,Sat,2016,Hornets,Knicks,home,107-102,0&0,-5.5,208.0,5,-0.5,1.0,0.2,0.8,W,L,O,""0"
"Nov"",""28,"",2016,recap,Mon,2016,Hornets,Grizzlies,away,104-85,1&1,-1.0,197.0,19,18.0,-8.0,5.0,-13.0,W,W,U,""0"
"Nov"",""29,"",2016,recap,Tue,2016,Hornets,Pistons,home,89-112,0&2,-3.5,200.0,-23,-26.5,1.0,-12.8,13.8,L,L,O,""0"
"Dec"",""01,"",2016,recap,Thu,2016,Hornets,Mavericks,home,97-87,1&0,-11.0,193.0,10,-1.0,-9.0,-5.0,-4.0,W,L,U,""0"
"Dec"",""03,"",2016,recap,Sat,2016,Hornets,Timberwolves,home,120-125,1&0,-5.5,210.5,-5,-10.5,34.5,12.0,22.5,L,L,O,""1"
"Dec"",""05,"",2016,recap,Mon,2016,Hornets,Mavericks,away,109-101,1&1,-4.5,194.0,8,3.5,16.0,9.8,6.2,W,W,O,""0"
"Dec"",""07,"",2016,recap,Wed,2016,Hornets,Pistons,home,87-77,1&0,-5.5,202.0,10,4.5,-38.0,-16.8,-21.2,W,W,U,""0"
"Dec"",""09,"",2016,recap,Fri,2016,Hornets,Magic,home,109-88,1&1,-7.0,202.0,21,14.0,-5.0,4.5,-9.5,W,W,U,""0"
"Dec"",""10,"",2016,recap,Sat,2016,Hornets,Cavaliers,away,105-116,0&0,8.0,214.0,-11,-3.0,7.0,2.0,5.0,L,L,O,""0"
"Dec"",""12,"",2016,recap,Mon,2016,Hornets,Pacers,away,94-110,1&1,1.0,209.0,-16,-15.0,-5.0,-10.0,5.0,L,L,U,""0"
"Dec"",""14,"",2016,recap,Wed,2016,Hornets,Wizards,away,106-109,1&1,-0.0,212.5,-3,-3.0,2.5,-0.2,2.8,L,L,O,0"
"Dec"",""16,"",2016,recap,Fri,2016,Hornets,Celtics,away,88-96,1&1,7.0,206.5,-8,-1.0,-22.5,-11.8,-10.8,L,L,U,""0"
"Dec"",""17,"",2016,recap,Sat,2016,Hornets,Hawks,away,107-99,0&0,2.0,207.0,8,10.0,-1.0,4.5,-5.5,W,W,U,""0"
"Dec"",""20,"",2016,recap,Tue,2016,Hornets,Lakers,home,117-113,2&2,-8.5,214.0,4,-4.5,16.0,5.8,10.2,W,L,O,""0"
"Dec"",""23,"",2016,recap,Fri,2016,Hornets,Bulls,home,103-91,2&1,-4.5,203.5,12,7.5,-9.5,-1.0,-8.5,W,W,U,""0"
"Dec"",""26,"",2016,recap,Mon,2016,Hornets,Nets,away,118-120,2&2,-6.5,217.5,-2,-8.5,20.5,6.0,14.5,L,L,O,""0"
"Dec"",""28,"",2016,recap,Wed,2016,Hornets,Magic,away,120-101,1&1,-4.0,205.5,19,15.0,15.5,15.2,0.2,W,W,O,""0"
"Dec"",""29,"",2016,recap,Thu,2016,Hornets,Heat,home,91-82,0&1,-6.5,201.0,9,2.5,-28.0,-12.8,-15.2,W,W,U,""0"
"Dec"",""31,"",2016,recap,Sat,2016,Hornets,Cavaliers,home,109-121,1&1,3.0,212.5,-12,-9.0,17.5,4.2,13.2,L,L,O,""0"
"Jan"",""02,"",2017,recap,Mon,2016,Hornets,Bulls,away,111-118,1&1,2.0,202.5,-7,-5.0,26.5,10.8,15.8,L,L,O,""0"
"Jan"",""04,"",2017,recap,Wed,2016,Hornets,Thunder,home,123-112,1&1,-2.5,209.5,11,8.5,25.5,17.0,8.5,W,W,O,""0"
"Jan"",""05,"",2017,recap,Thu,2016,Hornets,Pistons,away,114-115,0&1,4.5,208.0,-1,3.5,21.0,12.2,8.8,L,W,O,""0"
"Jan"",""07,"",2017,recap,Sat,2016,Hornets,Spurs,away,85-102,1&1,11.0,208.5,-17,-6.0,-21.5,-13.8,-7.8,L,L,U,""0"
"Jan"",""10,"",2017,recap,Tue,2016,Hornets,Rockets,away,114-121,2&1,9.0,227.0,-7,2.0,8.0,5.0,3.0,L,W,O,""0"
"Jan"",""13,"",2017,recap,Fri,2016,Hornets,Seventysixers,away,93-102,2&1,-4.5,209.5,-9,-13.5,-14.5,-14.0,-0.5,L,L,U,""0"
"Jan"",""16,"",2017,recap,Mon,2016,Hornets,Celtics,away,98-108,2&2,5.5,215.5,-10,-4.5,-9.5,-7.0,-2.5,L,L,U,""0"
"Jan"",""18,"",2017,recap,Wed,2016,Hornets,Trailblazers,home,107-85,1&1,-5.0,215.5,22,17.0,-23.5,-3.2,-20.2,W,W,U,""0"
"Jan"",""20,"",2017,recap,Fri,2016,Hornets,Raptors,home,113-78,1&1,-1.0,215.5,35,34.0,-24.5,4.8,-29.2,W,W,U,""0"
"Jan"",""21,"",2017,recap,Sat,2016,Hornets,Nets,home,112-105,0&0,-11.5,220.0,7,-4.5,-3.0,-3.8,0.8,W,L,U,""0"
"Jan"",""23,"",2017,recap,Mon,2016,Hornets,Wizards,home,99-109,1&1,-5.0,213.0,-10,-15.0,-5.0,-10.0,5.0,L,L,U,""0"
"Jan"",""25,"",2017,recap,Wed,2016,Hornets,Warriors,home,103-113,1&1,9.5,222.0,-10,-0.5,-6.0,-3.2,-2.8,L,L,U,""0"
"Jan"",""27,"",2017,recap,Fri,2016,Hornets,Knicks,away,107-110,1&1,-1.0,212.0,-3,-4.0,5.0,0.5,4.5,L,L,O,""0"
"Jan"",""28,"",2017,recap,Sat,2016,Hornets,Kings,home,106-109,0&0,-6.5,208.0,-3,-9.5,7.0,-1.2,8.2,L,L,O,""0"
"Jan"",""31,"",2017,recap,Tue,2016,Hornets,Trailblazers,away,98-115,2&1,3.5,214.0,-17,-13.5,-1.0,-7.2,6.2,L,L,U,""0"
"Feb"",""01,"",2017,recap,Wed,2016,Hornets,Warriors,away,111-126,0&2,15.0,226.0,-15,0.0,11.0,5.5,5.5,L,P,O,0"
"Feb"",""04,"",2017,recap,Sat,2016,Hornets,Jazz,away,98-105,2&2,8.0,197.0,-7,1.0,6.0,3.5,2.5,L,W,O,""0"
"Feb"",""07,"",2017,recap,Tue,2016,Hornets,Nets,home,111-107,2&1,-10.0,218.0,4,-6.0,0.0,-3.0,3.0,W,L,P,""0"
"Feb"",""09,"",2017,recap,Thu,2016,Hornets,Rockets,home,95-107,1&1,4.0,224.0,-12,-8.0,-22.0,-15.0,-7.0,L,L,U,""0"
"Feb"",""11,"",2017,recap,Sat,2016,Hornets,Clippers,home,102-107,1&2,-2.5,216.5,-5,-7.5,-7.5,-7.5,0.0,L,L,U,""0"
"Feb"",""13,"",2017,recap,Mon,2016,Hornets,Seventysixers,home,99-105,1&1,-8.0,212.0,-6,-14.0,-8.0,-11.0,3.0,L,L,U,""0"
"Feb"",""15,"",2017,recap,Wed,2016,Hornets,Raptors,away,85-90,1&0,6.0,212.0,-5,1.0,-37.0,-18.0,-19.0,L,W,U,""0"
"Feb"",""23,"",2017,recap,Thu,2016,Hornets,Pistons,away,108-114,7&7,5.0,207.5,-6,-1.0,14.5,6.8,7.8,L,L,O,""1"
"Feb"",""25,"",2017,recap,Sat,2016,Hornets,Kings,away,99-85,1&1,-3.5,207.5,14,10.5,-23.5,-6.5,-17.0,W,W,U,""0"
"Feb"",""26,"",2017,recap,Sun,2016,Hornets,Clippers,away,121-124,0&1,9.5,213.0,-3,6.5,32.0,19.2,12.8,L,W,O,""1"
"Feb"",""28,"",2017,recap,Tue,2016,Hornets,Lakers,away,109-104,1&1,-4.0,215.0,5,1.0,-2.0,-0.5,-1.5,W,W,U,""0"
"Mar"",""02,"",2017,recap,Thu,2016,Hornets,Suns,away,103-120,1&1,-3.5,219.0,-17,-20.5,4.0,-8.2,12.2,L,L,O,""0"
"Mar"",""04,"",2017,recap,Sat,2016,Hornets,Nuggets,away,112-102,1&2,5.5,221.0,10,15.5,-7.0,4.2,-11.2,W,W,U,""0"
"Mar"",""06,"",2017,recap,Mon,2016,Hornets,Pacers,home,100-88,1&0,-4.0,205.5,12,8.0,-17.5,-4.8,-12.8,W,W,U,""0"
"Mar"",""08,"",2017,recap,Wed,2016,Hornets,Heat,away,101-108,1&1,4.0,206.0,-7,-3.0,3.0,0.0,3.0,L,L,O,""0"
"Mar"",""10,"",2017,recap,Fri,2016,Hornets,Magic,home,121-81,1&1,-8.0,205.0,40,32.0,-3.0,14.5,-17.5,W,W,U,""0"
"Mar"",""11,"",2017,recap,Sat,2016,Hornets,Pelicans,home,122-125,0&2,-2.5,204.0,-3,-5.5,43.0,18.8,24.2,L,L,O,""1"
"Mar"",""13,"",2017,recap,Mon,2016,Hornets,Bulls,home,109-115,1&0,-6.0,202.0,-6,-12.0,22.0,5.0,17.0,L,L,O,""0"
"Mar"",""15,"",2017,recap,Wed,2016,Hornets,Pacers,away,77-98,1&0,2.5,202.5,-21,-18.5,-27.5,-23.0,-4.5,L,L,U,""0"
"Mar"",""18,"",2017,recap,Sat,2016,Hornets,Wizards,home,98-93,2&0,-4.0,214.5,5,1.0,-23.5,-11.2,-12.2,W,W,U,""0"
"Mar"",""20,"",2017,recap,Mon,2016,Hornets,Hawks,home,105-90,1&1,-6.0,203.5,15,9.0,-8.5,0.2,-8.8,W,W,U,""0"
"Mar"",""22,"",2017,recap,Wed,2016,Hornets,Magic,away,109-102,1&1,-5.0,207.0,7,2.0,4.0,3.0,1.0,W,W,O,""0"
"Mar"",""24,"",2017,recap,Fri,2016,Hornets,Cavaliers,home,105-112,1&1,3.5,213.0,-7,-3.5,4.0,0.2,3.8,L,L,O,""0"
"Mar"",""26,"",2017,recap,Sun,2016,Hornets,Suns,home,120-106,1&1,-13.0,214.5,14,1.0,11.5,6.2,5.2,W,W,O,""0"
"Mar"",""28,"",2017,recap,Tue,2016,Hornets,Bucks,home,108-118,1&1,-3.5,201.0,-10,-13.5,25.0,5.8,19.2,L,L,O,""0"
"Mar"",""29,"",2017,recap,Wed,2016,Hornets,Raptors,away,110-106,0&1,6.0,204.0,4,10.0,12.0,11.0,1.0,W,W,O,""0"
"Mar"",""31,"",2017,recap,Fri,2016,Hornets,Nuggets,home,122-114,1&2,-2.5,220.5,8,5.5,15.5,10.5,5.0,W,W,O,""0"
"Apr"",""02,"",2017,recap,Sun,2016,Hornets,Thunder,away,113-101,1&1,4.5,213.5,12,16.5,0.5,8.5,-8.0,W,W,O,""0"
"Apr"",""04,"",2017,recap,Tue,2016,Hornets,Wizards,away,111-118,1&1,4.0,219.5,-7,-3.0,9.5,3.2,6.2,L,L,O,0"
"Apr"",""05,"",2017,recap,Wed,2016,Hornets,Heat,home,99-112,0&2,-1.5,206.0,-13,-14.5,5.0,-4.8,9.8,L,L,O,""0"
"Apr"",""08,"",2017,recap,Sat,2016,Hornets,Celtics,home,114-121,2&1,1.0,215.0,-7,-6.0,20.0,7.0,13.0,L,L,O,""0"
"Apr"",""10,"",2017,recap,Mon,2016,Hornets,Bucks,away,79-89,1&1,6.5,198.0,-10,-3.5,-30.0,-16.8,-13.2,L,L,U,""0"
"Apr"",""11,"",2017,recap,Tue,2016,Hornets,Hawks,away,76-103,0&1,8.5,205.0,-27,-18.5,-26.0,-22.2,-3.8,L,L,U,""0"
"Oct"",""18,"",2017,recap,Wed,2017,Hornets,Pistons,away,90-102,&,3.0,202.5,-12,-9.0,-10.5,-9.8,-0.8,L,L,U,""0"
"Oct"",""20,"",2017,recap,Fri,2017,Hornets,Hawks,home,109-91,1&1,-5.5,203.5,18,12.5,-3.5,4.5,-8.0,W,W,U,""0"
"Oct"",""23,"",2017,recap,Mon,2017,Hornets,Bucks,away,94-103,2&1,7.0,201.0,-9,-2.0,-4.0,-3.0,-1.0,L,L,U,""0"
"Oct"",""25,"",2017,recap,Wed,2017,Hornets,Nuggets,home,110-93,1&1,1.5,211.0,17,18.5,-8.0,5.2,-13.2,W,W,U,""0"
"Oct"",""27,"",2017,recap,Fri,2017,Hornets,Rockets,home,93-109,1&1,3.0,212.5,-16,-13.0,-10.5,-11.8,1.2,L,L,U,""0"
"Oct"",""29,"",2017,recap,Sun,2017,Hornets,Magic,home,120-113,1&1,-3.5,211.5,7,3.5,21.5,12.5,9.0,W,W,O,""0"
"Oct"",""30,"",2017,recap,Mon,2017,Hornets,Grizzlies,away,104-99,0&1,6.0,194.5,5,11.0,8.5,9.8,-1.2,W,W,O,""0"
"Nov"",""01,"",2017,recap,Wed,2017,Hornets,Bucks,home,126-121,1&0,-4.0,204.0,5,1.0,43.0,22.0,21.0,W,W,O,""0"
"Nov"",""03,"",2017,recap,Fri,2017,Hornets,Spurs,away,101-108,1&0,4.5,199.5,-7,-2.5,9.5,3.5,6.0,L,L,O,""0"
"Nov"",""05,"",2017,recap,Sun,2017,Hornets,Timberwolves,away,94-112,1&0,5.5,216.5,-18,-12.5,-10.5,-11.5,1.0,L,L,U,""0"
"Nov"",""07,"",2017,recap,Tue,2017,Hornets,Knicks,away,113-118,1&1,-2.0,208.5,-5,-7.0,22.5,7.8,14.8,L,L,O,""0"
"Nov"",""10,"",2017,recap,Fri,2017,Hornets,Celtics,away,87-90,2&1,3.5,204.0,-3,0.5,-27.0,-13.2,-13.8,L,W,U,""0"
"Nov"",""15,"",2017,recap,Wed,2017,Hornets,Cavaliers,home,107-115,4&1,2.0,219.0,-8,-6.0,3.0,-1.5,4.5,L,L,O,""0"
"Nov"",""17,"",2017,recap,Fri,2017,Hornets,Bulls,away,120-123,1&1,-6.5,198.0,-3,-9.5,45.0,17.8,27.2,L,L,O,""0"
"Nov"",""18,"",2017,recap,Sat,2017,Hornets,Clippers,home,102-87,0&0,-5.0,212.0,15,10.0,-23.0,-6.5,-16.5,W,W,U,""0"
"Nov"",""20,"",2017,recap,Mon,2017,Hornets,Timberwolves,home,118-102,1&0,-2.0,213.5,16,14.0,6.5,10.2,-3.8,W,W,O,""0"
"Nov"",""22,"",2017,recap,Wed,2017,Hornets,Wizards,home,129-124,1&1,-3.0,210.5,5,2.0,42.5,22.2,20.2,W,W,O,""1"
"Nov"",""24,"",2017,recap,Fri,2017,Hornets,Cavaliers,away,99-100,1&1,5.0,221.0,-1,4.0,-22.0,-9.0,-13.0,L,W,U,""0"
"Nov"",""25,"",2017,recap,Sat,2017,Hornets,Spurs,home,86-106,0&2,0.0,201.0,-20,-20.0,-9.0,-14.5,5.5,L,L,U,""0"
"Nov"",""29,"",2017,recap,Wed,2017,Hornets,Raptors,away,113-126,3&3,8.0,206.0,-13,-5.0,33.0,14.0,19.0,L,L,O,""0"
"Dec"",""01,"",2017,recap,Fri,2017,Hornets,Heat,away,100-105,1&1,2.0,204.5,-5,-3.0,0.5,-1.2,1.8,L,L,O,""0"
"Dec"",""04,"",2017,recap,Mon,2017,Hornets,Magic,home,104-94,2&0,-8.0,218.5,10,2.0,-20.5,-9.2,-11.2,W,W,U,""0"
"Dec"",""06,"",2017,recap,Wed,2017,Hornets,Warriors,home,87-101,1&1,5.0,215.5,-14,-9.0,-27.5,-18.2,-9.2,L,L,U,""0"
"Dec"",""08,"",2017,recap,Fri,2017,Hornets,Bulls,home,111-119,1&1,-9.0,203.5,-8,-17.0,26.5,4.8,21.8,L,L,O,""1"
"Dec"",""09,"",2017,recap,Sat,2017,Hornets,Lakers,home,99-110,0&1,-3.0,212.0,-11,-14.0,-3.0,-8.5,5.5,L,L,U,""0"
"Dec"",""11,"",2017,recap,Mon,2017,Hornets,Thunder,away,116-103,1&1,7.0,207.0,13,20.0,12.0,16.0,-4.0,W,W,O,""0"
"Dec"",""13,"",2017,recap,Wed,2017,Hornets,Rockets,away,96-108,1&1,12.5,220.0,-12,0.5,-16.0,-7.8,-8.2,L,W,U,""0"
"Dec"",""15,"",2017,recap,Fri,2017,Hornets,Heat,home,98-104,1&1,-5.0,203.0,-6,-11.0,-1.0,-6.0,5.0,L,L,U,""0"
"Dec"",""16,"",2017,recap,Sat,2017,Hornets,Trailblazers,home,91-93,0&0,-3.0,204.5,-2,-5.0,-20.5,-12.8,-7.8,L,L,U,""0"
"Dec"",""18,"",2017,recap,Mon,2017,Hornets,Knicks,home,109-91,1&1,-8.0,203.5,18,10.0,-3.5,3.2,-6.8,W,W,U,""0"
"Dec"",""20,"",2017,recap,Wed,2017,Hornets,Raptors,home,111-129,1&2,2.0,212.5,-18,-16.0,27.5,5.8,21.8,L,L,O,""0"
"Dec"",""22,"",2017,recap,Fri,2017,Hornets,Bucks,away,104-109,1&2,5.0,209.5,-5,0.0,3.5,1.8,1.8,L,P,O,""0"
"Dec"",""23,"",2017,recap,Sat,2017,Hornets,Bucks,home,111-106,0&0,-2.5,211.5,5,2.5,5.5,4.0,1.5,W,W,O,""0"
"Dec"",""27,"",2017,recap,Wed,2017,Hornets,Celtics,home,91-102,3&1,1.0,206.5,-11,-10.0,-13.5,-11.8,-1.8,L,L,U,""0"
"Dec"",""29,"",2017,recap,Fri,2017,Hornets,Warriors,away,111-100,1&1,10.5,213.0,11,21.5,-2.0,9.8,-11.8,W,W,U,""0"
"Dec"",""31,"",2017,recap,Sun,2017,Hornets,Clippers,away,98-106,1&1,2.5,211.5,-8,-5.5,-7.5,-6.5,-1.0,L,L,U,""0"
"Jan"",""02,"",2018,recap,Tue,2017,Hornets,Kings,away,131-111,1&1,-4.0,205.0,20,16.0,37.0,26.5,10.5,W,W,O,""0"
"Jan"",""05,"",2018,recap,Fri,2017,Hornets,Lakers,away,108-94,2&1,-2.5,216.5,14,11.5,-14.5,-1.5,-13.0,W,W,U,""0"
"Jan"",""10,"",2018,recap,Wed,2017,Hornets,Mavericks,home,111-115,4&0,-6.5,210.0,-4,-10.5,16.0,2.8,13.2,L,L,O,""0"
"Jan"",""12,"",2018,recap,Fri,2017,Hornets,Jazz,home,99-88,1&1,-4.5,206.0,11,6.5,-19.0,-6.2,-12.8,W,W,U,""0"
"Jan"",""13,"",2018,recap,Sat,2017,Hornets,Thunder,home,91-101,0&2,2.0,211.0,-10,-8.0,-19.0,-13.5,-5.5,L,L,U,""0"
"Jan"",""15,"",2018,recap,Mon,2017,Hornets,Pistons,away,118-107,1&1,3.0,205.0,11,14.0,20.0,17.0,3.0,W,W,O,""0"
"Jan"",""17,"",2018,recap,Wed,2017,Hornets,Wizards,home,133-109,1&1,-2.0,215.5,24,22.0,26.5,24.2,2.2,W,W,O,""0"
"Jan"",""20,"",2018,recap,Sat,2017,Hornets,Heat,home,105-106,2&0,-5.0,205.0,-1,-6.0,6.0,0.0,6.0,L,L,O,""0"
"Jan"",""22,"",2018,recap,Mon,2017,Hornets,Kings,home,112-107,1&2,-10.0,210.0,5,-5.0,9.0,2.0,7.0,W,L,O,""0"
"Jan"",""24,"",2018,recap,Wed,2017,Hornets,Pelicans,home,96-101,1&1,-1.5,222.0,-5,-6.5,-25.0,-15.8,-9.2,L,L,U,""0"
"Jan"",""26,"",2018,recap,Fri,2017,Hornets,Hawks,home,121-110,1&1,-7.5,211.5,11,3.5,19.5,11.5,8.0,W,W,O,""0"
"Jan"",""27,"",2018,recap,Sat,2017,Hornets,Heat,away,91-95,0&1,4.5,203.0,-4,0.5,-17.0,-8.2,-8.8,L,W,U,""0"
"Jan"",""29,"",2018,recap,Mon,2017,Hornets,Pacers,away,96-105,1&1,3.0,211.5,-9,-6.0,-10.5,-8.2,-2.2,L,L,U,0"
"Jan"",""31,"",2018,recap,Wed,2017,Hornets,Hawks,away,123-110,1&1,-3.0,212.0,13,10.0,21.0,15.5,5.5,W,W,O,""0"
"Feb"",""02,"",2018,recap,Fri,2017,Hornets,Pacers,home,133-126,1&1,-3.5,211.0,7,3.5,48.0,25.8,22.2,W,W,O,""0"
"Feb"",""04,"",2018,recap,Sun,2017,Hornets,Suns,away,115-110,1&1,-6.0,220.0,5,-1.0,5.0,2.0,3.0,W,L,O,""0"
"Feb"",""05,"",2018,recap,Mon,2017,Hornets,Nuggets,away,104-121,0&1,5.5,219.5,-17,-11.5,5.5,-3.0,8.5,L,L,O,""0"
"Feb"",""08,"",2018,recap,Thu,2017,Hornets,Trailblazers,away,103-109,2&2,3.5,212.5,-6,-2.5,-0.5,-1.5,1.0,L,L,U,""1"
"Feb"",""09,"",2018,recap,Fri,2017,Hornets,Jazz,away,94-106,0&1,6.0,205.0,-12,-6.0,-5.0,-5.5,0.5,L,L,U,""0"
"Feb"",""11,"",2018,recap,Sun,2017,Hornets,Raptors,home,103-123,1&2,3.5,217.0,-20,-16.5,9.0,-3.8,12.8,L,L,O,""0"
"Feb"",""14,"",2018,recap,Wed,2017,Hornets,Magic,away,104-102,2&1,-5.5,211.5,2,-3.5,-5.5,-4.5,-1.0,W,L,U,""0"
"Feb"",""22,"",2018,recap,Thu,2017,Hornets,Nets,home,111-96,7&7,-8.0,214.0,15,7.0,-7.0,0.0,-7.0,W,W,U,""0"
"Feb"",""23,"",2018,recap,Fri,2017,Hornets,Wizards,away,122-105,0&0,3.5,212.0,17,20.5,15.0,17.8,-2.8,W,W,O,0"
"Feb"",""25,"",2018,recap,Sun,2017,Hornets,Pistons,home,114-98,1&1,-4.5,212.5,16,11.5,-0.5,5.5,-6.0,W,W,U,""0"
"Feb"",""27,"",2018,recap,Tue,2017,Hornets,Bulls,home,118-103,1&0,-10.5,217.5,15,4.5,3.5,4.0,-0.5,W,W,O,""0"
"Feb"",""28,"",2018,recap,Wed,2017,Hornets,Celtics,away,106-134,0&1,8.0,210.5,-28,-20.0,29.5,4.8,24.8,L,L,O,""0"
"Mar"",""02,"",2018,recap,Fri,2017,Hornets,Seventysixers,away,99-110,1&0,4.5,214.5,-11,-6.5,-5.5,-6.0,0.5,L,L,U,""0"
"Mar"",""04,"",2018,recap,Sun,2017,Hornets,Raptors,away,98-103,1&1,9.0,217.5,-5,4.0,-16.5,-6.2,-10.2,L,W,U,""0"
"Mar"",""06,"",2018,recap,Tue,2017,Hornets,Seventysixers,home,114-128,1&1,1.5,215.5,-14,-12.5,26.5,7.0,19.5,L,L,O,""0"
"Mar"",""08,"",2018,recap,Thu,2017,Hornets,Nets,home,111-125,1&1,-7.0,218.0,-14,-21.0,18.0,-1.5,19.5,L,L,O,""0"
"Mar"",""10,"",2018,recap,Sat,2017,Hornets,Suns,home,122-115,1&1,-10.5,222.0,7,-3.5,15.0,5.8,9.2,W,L,O,""0"
"Mar"",""13,"",2018,recap,Tue,2017,Hornets,Pelicans,away,115-119,2&1,4.5,230.0,-4,0.5,4.0,2.2,1.8,L,W,O,""0"
"Mar"",""15,"",2018,recap,Thu,2017,Hornets,Hawks,away,129-117,1&1,-5.5,220.0,12,6.5,26.0,16.2,9.8,W,W,O,""0"
"Mar"",""17,"",2018,recap,Sat,2017,Hornets,Knicks,away,101-124,1&1,-6.0,223.0,-23,-29.0,2.0,-13.5,15.5,L,L,O,""0"
"Mar"",""19,"",2018,recap,Mon,2017,Hornets,Seventysixers,away,94-108,1&2,8.5,220.5,-14,-5.5,-18.5,-12.0,-6.5,L,L,U,""0"
"Mar"",""21,"",2018,recap,Wed,2017,Hornets,Nets,away,111-105,1&1,-1.0,222.0,6,5.0,-6.0,-0.5,-5.5,W,W,U,""0"
"Mar"",""22,"",2018,recap,Thu,2017,Hornets,Grizzlies,home,140-79,0&0,-10.5,213.0,61,50.5,6.0,28.2,-22.2,W,W,O,""0"
"Mar"",""24,"",2018,recap,Sat,2017,Hornets,Mavericks,away,102-98,1&1,-2.5,214.5,4,1.5,-14.5,-6.5,-8.0,W,W,U,""0"
"Mar"",""26,"",2018,recap,Mon,2017,Hornets,Knicks,home,137-128,1&0,-11.0,222.5,9,-2.0,42.5,20.2,22.2,W,L,O,""1"
"Mar"",""28,"",2018,recap,Wed,2017,Hornets,Cavaliers,home,105-118,1&0,0.0,225.0,-13,-13.0,-2.0,-7.5,5.5,L,L,U,""0"
"Mar"",""31,"",2018,recap,Sat,2017,Hornets,Wizards,away,93-107,2&1,6.5,219.0,-14,-7.5,-19.0,-13.2,-5.8,L,L,U,0"
"Apr"",""01,"",2018,recap,Sun,2017,Hornets,Seventysixers,home,102-119,0&1,3.0,220.5,-17,-14.0,0.5,-6.8,7.2,L,L,O,""0"
"Apr"",""03,"",2018,recap,Tue,2017,Hornets,Bulls,away,114-120,1&1,-4.5,216.5,-6,-10.5,17.5,3.5,14.0,L,L,O,""0"
"Apr"",""06,"",2018,recap,Fri,2017,Hornets,Magic,away,137-100,2&1,-7.5,211.5,37,29.5,25.5,27.5,-2.0,W,W,O,""0"
"Apr"",""08,"",2018,recap,Sun,2017,Hornets,Pacers,home,117-123,1&1,2.5,215.0,-6,-3.5,25.0,10.8,14.2,L,L,O,""0"
"Apr"",""10,"",2018,recap,Tue,2017,Hornets,Pacers,away,119-93,1&1,3.0,215.0,26,29.0,-3.0,13.0,-16.0,W,W,U,""0"
"Oct"",""17,"",2018,recap,Wed,2018,Hornets,Bucks,home,112-113,&,2.5,222.0,-1,1.5,3.0,2.2,0.8,L,W,O,""0"
"Oct"",""19,"",2018,recap,Fri,2018,Hornets,Magic,away,120-88,1&1,-2.5,215.5,32,29.5,-7.5,11.0,-18.5,W,W,U,""0"
"Oct"",""20,"",2018,recap,Sat,2018,Hornets,Heat,away,113-112,0&1,3.5,219.5,1,4.5,5.5,5.0,0.5,W,W,O,""0"
"Oct"",""22,"",2018,recap,Mon,2018,Hornets,Raptors,away,106-127,1&1,9.5,225.0,-21,-11.5,8.0,-1.8,9.8,L,L,O,""0"
"Oct"",""24,"",2018,recap,Wed,2018,Hornets,Bulls,away,110-112,1&1,-3.5,230.0,-2,-5.5,-8.0,-6.8,-1.2,L,L,U,""0"
"Oct"",""26,"",2018,recap,Fri,2018,Hornets,Bulls,home,135-106,1&1,-10.5,227.0,29,18.5,14.0,16.2,-2.2,W,W,O,""0"
"Oct"",""27,"",2018,recap,Sat,2018,Hornets,Seventysixers,away,103-105,0&2,6.0,228.5,-2,4.0,-20.5,-8.2,-12.2,L,W,U,""0"
"Oct"",""30,"",2018,recap,Tue,2018,Hornets,Heat,home,125-113,2&0,-4.5,221.5,12,7.5,16.5,12.0,4.5,W,W,O,""0"
"Nov"",""01,"",2018,recap,Thu,2018,Hornets,Thunder,home,107-111,1&1,-1.0,226.5,-4,-5.0,-8.5,-6.8,-1.8,L,L,U,""0"
"Nov"",""03,"",2018,recap,Sat,2018,Hornets,Cavaliers,home,126-94,1&1,-10.0,225.5,32,22.0,-5.5,8.2,-13.8,W,W,U,""0"
"Nov"",""06,"",2018,recap,Tue,2018,Hornets,Hawks,home,113-102,2&2,-11.5,230.5,11,-0.5,-15.5,-8.0,-7.5,W,L,U,""0"
"Nov"",""09,"",2018,recap,Fri,2018,Hornets,Seventysixers,away,132-133,2&1,5.5,227.0,-1,4.5,38.0,21.2,16.8,L,W,O,1"
"Nov"",""11,"",2018,recap,Sun,2018,Hornets,Pistons,away,113-103,1&1,2.5,221.5,10,12.5,-5.5,3.5,-9.0,W,W,U,""0"
"Nov"",""13,"",2018,recap,Tue,2018,Hornets,Cavaliers,away,89-113,1&2,-6.5,215.0,-24,-30.5,-13.0,-21.8,8.8,L,L,U,""0"
"Nov"",""17,"",2018,recap,Sat,2018,Hornets,Seventysixers,home,119-122,3&0,-2.5,227.0,-3,-5.5,14.0,4.2,9.8,L,L,O,""1"
"Nov"",""19,"",2018,recap,Mon,2018,Hornets,Celtics,home,117-112,1&1,1.5,218.0,5,6.5,11.0,8.8,2.2,W,W,O,""0"
"Nov"",""21,"",2018,recap,Wed,2018,Hornets,Pacers,home,127-109,1&1,-4.0,216.0,18,14.0,20.0,17.0,3.0,W,W,O,""0"
"Nov"",""23,"",2018,recap,Fri,2018,Hornets,Thunder,away,104-109,1&1,6.0,227.0,-5,1.0,-14.0,-6.5,-7.5,L,W,U,""0"
"Nov"",""25,"",2018,recap,Sun,2018,Hornets,Hawks,away,123-124,1&1,-6.5,230.5,-1,-7.5,16.5,4.5,12.0,L,L,O,""0"
"Nov"",""26,"",2018,recap,Mon,2018,Hornets,Bucks,home,110-107,0&1,4.5,234.0,3,7.5,-17.0,-4.8,-12.2,W,W,U,""0"
"Nov"",""28,"",2018,recap,Wed,2018,Hornets,Hawks,home,108-94,1&0,-12.5,231.0,14,1.5,-29.0,-13.8,-15.2,W,W,U,""0"
"Nov"",""30,"",2018,recap,Fri,2018,Hornets,Jazz,home,111-119,1&1,-2.0,217.5,-8,-10.0,12.5,1.2,11.2,L,L,O,""0"
"Dec"",""02,"",2018,recap,Sun,2018,Hornets,Pelicans,home,109-119,1&1,-2.5,232.5,-10,-12.5,-4.5,-8.5,4.0,L,L,U,""0"
"Dec"",""05,"",2018,recap,Wed,2018,Hornets,Timberwolves,away,104-121,2&1,4.5,221.5,-17,-12.5,3.5,-4.5,8.0,L,L,O,0"
"Dec"",""07,"",2018,recap,Fri,2018,Hornets,Nuggets,home,113-107,1&1,-1.0,219.0,6,5.0,1.0,3.0,-2.0,W,W,O,""0"
"Dec"",""09,"",2018,recap,Sun,2018,Hornets,Knicks,away,119-107,1&0,-6.0,225.5,12,6.0,0.5,3.2,-2.8,W,W,O,""0"
"Dec"",""12,"",2018,recap,Wed,2018,Hornets,Pistons,home,108-107,2&1,-5.5,216.0,1,-4.5,-1.0,-2.8,1.8,W,L,U,""0"
"Dec"",""14,"",2018,recap,Fri,2018,Hornets,Knicks,home,124-126,1&1,-10.0,226.0,-2,-12.0,24.0,6.0,18.0,L,L,O,""1"
"Dec"",""15,"",2018,recap,Sat,2018,Hornets,Lakers,home,100-128,0&1,2.0,227.5,-28,-26.0,0.5,-12.8,13.2,L,L,O,""0"
"Dec"",""19,"",2018,recap,Wed,2018,Hornets,Cavaliers,home,110-99,3&0,-12.5,214.0,11,-1.5,-5.0,-3.2,-1.8,W,L,U,""0"
"Dec"",""21,"",2018,recap,Fri,2018,Hornets,Pistons,home,98-86,1&1,-4.0,217.5,12,8.0,-33.5,-12.8,-20.8,W,W,U,""0"
"Dec"",""23,"",2018,recap,Sun,2018,Hornets,Celtics,away,103-119,1&1,7.5,221.5,-16,-8.5,0.5,-4.0,4.5,L,L,O,""0"
"Dec"",""26,"",2018,recap,Wed,2018,Hornets,Nets,away,132-134,2&2,1.5,220.5,-2,-0.5,45.5,22.5,23.0,L,L,O,""2"
"Dec"",""28,"",2018,recap,Fri,2018,Hornets,Nets,home,100-87,1&1,-4.5,221.0,13,8.5,-34.0,-12.8,-21.2,W,W,U,""0"
"Dec"",""29,"",2018,recap,Sat,2018,Hornets,Wizards,away,126-130,0&0,0.0,225.5,-4,-4.0,30.5,13.2,17.2,L,L,O,0"
"Dec"",""31,"",2018,recap,Mon,2018,Hornets,Magic,home,125-100,1&0,-8.0,210.5,25,17.0,14.5,15.8,-1.2,W,W,O,""0"
"Jan"",""02,"",2019,recap,Wed,2018,Hornets,Mavericks,home,84-122,1&1,-1.5,221.5,-38,-39.5,-15.5,-27.5,12.0,L,L,U,""0"
"Jan"",""05,"",2019,recap,Sat,2018,Hornets,Nuggets,away,110-123,2&1,9.5,219.5,-13,-3.5,13.5,5.0,8.5,L,L,O,""0"
"Jan"",""06,"",2019,recap,Sun,2018,Hornets,Suns,away,119-113,0&1,-1.5,225.5,6,4.5,6.5,5.5,1.0,W,W,O,""0"
"Jan"",""08,"",2019,recap,Tue,2018,Hornets,Clippers,away,109-128,1&1,6.5,230.5,-19,-12.5,6.5,-3.0,9.5,L,L,O,""0"
"Jan"",""11,"",2019,recap,Fri,2018,Hornets,Trailblazers,away,96-127,2&1,6.5,223.0,-31,-24.5,0.0,-12.2,12.2,L,L,P,""0"
"Jan"",""12,"",2019,recap,Sat,2018,Hornets,Kings,away,97-104,0&1,6.0,233.5,-7,-1.0,-32.5,-16.8,-15.8,L,L,U,""0"
"Jan"",""14,"",2019,recap,Mon,2018,Hornets,Spurs,away,108-93,1&1,8.5,220.5,15,23.5,-19.5,2.0,-21.5,W,W,U,0"
"Jan"",""17,"",2019,recap,Thu,2018,Hornets,Kings,home,114-95,2&2,-3.0,229.0,19,16.0,-20.0,-2.0,-18.0,W,W,U,""0"
"Jan"",""19,"",2019,recap,Sat,2018,Hornets,Suns,home,135-115,1&1,-7.0,225.0,20,13.0,25.0,19.0,6.0,W,W,O,""0"
"Jan"",""20,"",2019,recap,Sun,2018,Hornets,Pacers,away,95-120,0&0,8.0,218.5,-25,-17.0,-3.5,-10.2,6.8,L,L,U,""0"
"Jan"",""23,"",2019,recap,Wed,2018,Hornets,Grizzlies,away,118-107,2&1,0.0,210.0,11,11.0,15.0,13.0,2.0,W,W,O,""0"
"Jan"",""25,"",2019,recap,Fri,2018,Hornets,Bucks,away,99-108,1&3,11.0,228.5,-9,2.0,-21.5,-9.8,-11.8,L,W,U,""0"
"Jan"",""28,"",2019,recap,Mon,2018,Hornets,Knicks,home,101-92,2&0,-11.5,217.5,9,-2.5,-24.5,-13.5,-11.0,W,L,U,""0"
"Jan"",""30,"",2019,recap,Wed,2018,Hornets,Celtics,away,94-126,1&1,7.5,218.0,-32,-24.5,2.0,-11.2,13.2,L,L,O,""0"
"Feb"",""01,"",2019,recap,Fri,2018,Hornets,Grizzlies,home,100-92,1&1,-7.5,204.0,8,0.5,-12.0,-5.8,-6.2,W,W,U,""0"
"Feb"",""02,"",2019,recap,Sat,2018,Hornets,Bulls,home,125-118,0&2,-6.5,217.5,7,0.5,25.5,13.0,12.5,W,W,O,""0"
"Feb"",""05,"",2019,recap,Tue,2018,Hornets,Clippers,home,115-117,2&1,-3.0,226.0,-2,-5.0,6.0,0.5,5.5,L,L,O,""0"
"Feb"",""06,"",2019,recap,Wed,2018,Hornets,Mavericks,away,93-99,0&3,5.5,215.0,-6,-0.5,-23.0,-11.8,-11.2,L,L,U,""0"
"Feb"",""09,"",2019,recap,Sat,2018,Hornets,Hawks,away,129-120,2&1,-3.0,230.0,9,6.0,19.0,12.5,6.5,W,W,O,""0"
"Feb"",""11,"",2019,recap,Mon,2018,Hornets,Pacers,away,90-99,1&1,5.5,214.0,-9,-3.5,-25.0,-14.2,-10.8,L,L,U,""0"
"Feb"",""14,"",2019,recap,Thu,2018,Hornets,Magic,away,89-127,2&1,4.0,215.5,-38,-34.0,0.5,-16.8,17.2,L,L,O,""0"
"Feb"",""22,"",2019,recap,Fri,2018,Hornets,Wizards,home,123-110,7&8,-5.0,232.0,13,8.0,1.0,4.5,-3.5,W,W,O,""0"
"Feb"",""23,"",2019,recap,Sat,2018,Hornets,Nets,home,115-117,0&1,-3.0,228.0,-2,-5.0,4.0,-0.5,4.5,L,L,O,""0"
"Feb"",""25,"",2019,recap,Mon,2018,Hornets,Warriors,home,110-121,1&1,8.5,232.5,-11,-2.5,-1.5,-2.0,0.5,L,L,U,""0"
"Feb"",""27,"",2019,recap,Wed,2018,Hornets,Rockets,home,113-118,1&1,4.5,227.5,-5,-0.5,3.5,1.5,2.0,L,L,O,""0"
"Mar"",""01,"",2019,recap,Fri,2018,Hornets,Nets,away,123-112,1&1,2.5,231.0,11,13.5,4.0,8.8,-4.8,W,W,O,""0"
"Mar"",""03,"",2019,recap,Sun,2018,Hornets,Trailblazers,home,108-118,1&1,2.5,226.0,-10,-7.5,0.0,-3.8,3.8,L,L,P,""0"
"Mar"",""06,"",2019,recap,Wed,2018,Hornets,Heat,home,84-91,2&1,-3.0,215.5,-7,-10.0,-40.5,-25.2,-15.2,L,L,U,""0"
"Mar"",""08,"",2019,recap,Fri,2018,Hornets,Wizards,home,112-111,1&1,-4.0,233.5,1,-3.0,-10.5,-6.8,-3.8,W,L,U,""0"
"Mar"",""09,"",2019,recap,Sat,2018,Hornets,Bucks,away,114-131,0&1,12.5,228.5,-17,-4.5,16.5,6.0,10.5,L,L,O,""0"
"Mar"",""11,"",2019,recap,Mon,2018,Hornets,Rockets,away,106-118,1&0,9.5,224.0,-12,-2.5,0.0,-1.2,1.2,L,L,P,""0"
"Mar"",""15,"",2019,recap,Fri,2018,Hornets,Wizards,away,116-110,3&1,3.0,232.0,6,9.0,-6.0,1.5,-7.5,W,W,U,0"
"Mar"",""17,"",2019,recap,Sun,2018,Hornets,Heat,away,75-93,1&1,3.5,209.0,-18,-14.5,-41.0,-27.8,-13.2,L,L,U,""0"
"Mar"",""19,"",2019,recap,Tue,2018,Hornets,Seventysixers,home,114-118,1&1,1.0,224.5,-4,-3.0,7.5,2.2,5.2,L,L,O,""0"
"Mar"",""21,"",2019,recap,Thu,2018,Hornets,Timberwolves,home,113-106,1&1,-6.0,222.0,7,1.0,-3.0,-1.0,-2.0,W,W,U,""0"
"Mar"",""23,"",2019,recap,Sat,2018,Hornets,Celtics,home,124-117,1&2,3.0,222.0,7,10.0,19.0,14.5,4.5,W,W,O,""0"
"Mar"",""24,"",2019,recap,Sun,2018,Hornets,Raptors,away,115-114,0&1,9.5,223.0,1,10.5,6.0,8.2,-2.2,W,W,O,""0"
"Mar"",""26,"",2019,recap,Tue,2018,Hornets,Spurs,home,125-116,1&1,3.0,220.5,9,12.0,20.5,16.2,4.2,W,W,O,""1"
"Mar"",""29,"",2019,recap,Fri,2018,Hornets,Lakers,away,115-129,2&1,-2.5,228.5,-14,-16.5,15.5,-0.5,16.0,L,L,O,""0"
"Mar"",""31,"",2019,recap,Sun,2018,Hornets,Warriors,away,90-137,1&1,12.0,228.0,-47,-35.0,-1.0,-18.0,17.0,L,L,U,0"
"Apr"",""01,"",2019,recap,Mon,2018,Hornets,Jazz,away,102-111,0&2,11.0,218.5,-9,2.0,-5.5,-1.8,-3.8,L,W,U,""0"
"Apr"",""03,"",2019,recap,Wed,2018,Hornets,Pelicans,away,115-109,1&2,-4.0,231.0,6,2.0,-7.0,-2.5,-4.5,W,W,U,""0"
"Apr"",""05,"",2019,recap,Fri,2018,Hornets,Raptors,home,113-111,1&1,5.0,224.0,2,7.0,0.0,3.5,-3.5,W,W,P,""0"
"Apr"",""07,"",2019,recap,Sun,2018,Hornets,Pistons,away,104-91,1&1,6.5,215.0,13,19.5,-20.0,-0.2,-19.8,W,W,U,""0"
"Apr"",""09,"",2019,recap,Tue,2018,Hornets,Cavaliers,away,124-97,1&1,-9.0,220.5,27,18.0,0.5,9.2,-8.8,W,W,O,""0"
"Apr"",""10,"",2019,recap,Wed,2018,Hornets,Magic,home,114-122,0&2,-2.5,219.0,-8,-10.5,17.0,3.2,13.8,L,L,O,""0"
"Oct"",""23,"",2019,recap,Wed,2019,Hornets,Bulls,home,126-125,&,3.5,219.0,1,4.5,32.0,18.2,13.8,W,W,O,""0"
"Oct"",""25,"",2019,recap,Fri,2019,Hornets,Timberwolves,home,99-121,1&1,5.5,226.5,-22,-16.5,-6.5,-11.5,5.0,L,L,U,""0"
"Oct"",""27,"",2019,recap,Sun,2019,Hornets,Lakers,away,101-120,1&1,13.0,216.5,-19,-6.0,4.5,-0.8,5.2,L,L,O,""0"
"Oct"",""28,"",2019,recap,Mon,2019,Hornets,Clippers,away,96-111,0&1,15.5,225.5,-15,0.5,-18.5,-9.0,-9.5,L,W,U,""0"
"Oct"",""30,"",2019,recap,Wed,2019,Hornets,Kings,away,118-111,1&1,7.0,223.5,7,14.0,5.5,9.8,-4.2,W,W,O,""0"
"Nov"",""02,"",2019,recap,Sat,2019,Hornets,Warriors,away,93-87,2&0,-3.5,223.0,6,2.5,-43.0,-20.2,-22.8,W,W,U,""0"
"Nov"",""05,"",2019,recap,Tue,2019,Hornets,Pacers,home,122-120,2&1,2.0,212.5,2,4.0,29.5,16.8,12.8,W,W,O,""1"
"Nov"",""07,"",2019,recap,Thu,2019,Hornets,Celtics,home,87-108,1&1,7.0,215.0,-21,-14.0,-20.0,-17.0,-3.0,L,L,U,""0"
"Nov"",""09,"",2019,recap,Sat,2019,Hornets,Pelicans,home,110-115,1&0,1.5,230.0,-5,-3.5,-5.0,-4.2,-0.8,L,L,U,""0"
"Nov"",""10,"",2019,recap,Sun,2019,Hornets,Seventysixers,away,106-114,0&1,13.5,216.0,-8,5.5,4.0,4.8,-0.8,L,W,O,""0"
"Nov"",""13,"",2019,recap,Wed,2019,Hornets,Grizzlies,home,117-119,2&1,-1.5,221.5,-2,-3.5,14.5,5.5,9.0,L,L,O,""0"
"Nov"",""15,"",2019,recap,Fri,2019,Hornets,Pistons,home,109-106,1&2,3.0,219.0,3,6.0,-4.0,1.0,-5.0,W,W,U,""0"
"Nov"",""16,"",2019,recap,Sat,2019,Hornets,Knicks,away,103-102,0&1,3.5,212.0,1,4.5,-7.0,-1.2,-5.8,W,W,U,""0"
"Nov"",""18,"",2019,recap,Mon,2019,Hornets,Raptors,away,96-132,1&1,9.0,215.5,-36,-27.0,12.5,-7.2,19.8,L,L,O,""0"
"Nov"",""20,"",2019,recap,Wed,2019,Hornets,Nets,away,91-101,1&1,4.5,219.5,-10,-5.5,-27.5,-16.5,-11.0,L,L,U,""0"
"Nov"",""22,"",2019,recap,Fri,2019,Hornets,Wizards,away,118-125,1&1,6.0,235.0,-7,-1.0,8.0,3.5,4.5,L,L,O,0"
"Nov"",""23,"",2019,recap,Sat,2019,Hornets,Bulls,home,115-116,0&0,1.0,218.5,-1,0.0,12.5,6.2,6.2,L,P,O,""0"
"Nov"",""25,"",2019,recap,Mon,2019,Hornets,Heat,away,100-117,1&1,11.0,215.0,-17,-6.0,2.0,-2.0,4.0,L,L,O,""0"
"Nov"",""27,"",2019,recap,Wed,2019,Hornets,Pistons,home,102-101,1&1,3.5,214.0,1,4.5,-11.0,-3.2,-7.8,W,W,U,""0"
"Nov"",""29,"",2019,recap,Fri,2019,Hornets,Pistons,away,110-107,1&1,7.5,213.0,3,10.5,4.0,7.2,-3.2,W,W,O,""0"
"Nov"",""30,"",2019,recap,Sat,2019,Hornets,Bucks,away,96-137,0&0,14.5,228.0,-41,-26.5,5.0,-10.8,15.8,L,L,O,""0"
"Dec"",""02,"",2019,recap,Mon,2019,Hornets,Suns,home,104-109,1&2,4.5,222.5,-5,-0.5,-9.5,-5.0,-4.5,L,L,U,""0"
