"Jan"",""02,"",2015,recap,Fri,2014,Seventysixers,Suns,away,96-112,2&1,14.0,209.0,-16,-2.0,-1.0,-1.5,0.5,L,L,U,""0"
"Jan"",""03,"",2015,recap,Sat,2014,Seventysixers,Clippers,away,91-127,0&2,19.0,206.0,-36,-17.0,12.0,-2.5,14.5,L,L,O,""0"
"Jan"",""05,"",2015,recap,Mon,2014,Seventysixers,Cavaliers,home,95-92,1&0,4.0,192.0,3,7.0,-5.0,1.0,-6.0,W,W,U,""0"
"Jan"",""07,"",2015,recap,Wed,2014,Seventysixers,Bucks,home,77-97,1&0,7.0,195.5,-20,-13.0,-21.5,-17.2,-4.2,L,L,U,""0"
"Jan"",""09,"",2015,recap,Fri,2014,Seventysixers,Nets,away,90-88,1&1,10.0,191.0,2,12.0,-13.0,-0.5,-12.5,W,W,U,""0"
"Jan"",""10,"",2015,recap,Sat,2014,Seventysixers,Pacers,home,93-92,0&0,6.0,188.5,1,7.0,-3.5,1.8,-5.2,W,W,U,""0"
"Jan"",""13,"",2015,recap,Tue,2014,Seventysixers,Hawks,home,87-105,2&1,11.5,195.5,-18,-6.5,-3.5,-5.0,1.5,L,L,U,""0"
"Jan"",""14,"",2015,recap,Wed,2014,Seventysixers,Raptors,away,84-100,0&1,16.5,202.0,-16,0.5,-18.0,-8.8,-9.2,L,W,U,""0"
"Jan"",""16,"",2015,recap,Fri,2014,Seventysixers,Pelicans,home,96-81,1&1,7.0,192.0,15,22.0,-15.0,3.5,-18.5,W,W,U,""0"
"Jan"",""17,"",2015,recap,Sat,2014,Seventysixers,Pistons,away,89-107,0&0,13.0,195.0,-18,-5.0,1.0,-2.0,3.0,L,L,O,""0"
"Jan"",""19,"",2015,recap,Mon,2014,Seventysixers,Wizards,away,76-111,1&1,14.0,192.0,-35,-21.0,-5.0,-13.0,8.0,L,L,U,0"
"Jan"",""21,"",2015,recap,Wed,2014,Seventysixers,Knicks,home,91-98,1&1,2.0,189.5,-7,-5.0,-0.5,-2.8,2.2,L,L,U,""0"
"Jan"",""23,"",2015,recap,Fri,2014,Seventysixers,Raptors,home,86-91,1&1,12.0,195.5,-5,7.0,-18.5,-5.8,-12.8,L,W,U,""0"
"Jan"",""26,"",2015,recap,Mon,2014,Seventysixers,Pelicans,away,74-99,1&0,14.0,188.0,-25,-11.0,-15.0,-13.0,-2.0,L,L,U,""0"
"Jan"",""28,"",2015,recap,Wed,2014,Seventysixers,Pistons,home,89-69,1&0,7.0,192.0,20,27.0,-34.0,-3.5,-30.5,W,W,U,""0"
"Jan"",""30,"",2015,recap,Fri,2014,Seventysixers,Timberwolves,home,103-94,1&1,3.5,193.0,9,12.5,4.0,8.2,-4.2,W,W,O,""0"
"Jan"",""31,"",2015,recap,Sat,2014,Seventysixers,Hawks,away,85-91,0&0,16.5,191.0,-6,10.5,-15.0,-2.2,-12.8,L,W,U,""0"
"Feb"",""02,"",2015,recap,Mon,2014,Seventysixers,Cavaliers,away,84-97,1&1,16.5,194.0,-13,3.5,-13.0,-4.8,-8.2,L,W,U,""0"
"Feb"",""03,"",2015,recap,Tue,2014,Seventysixers,Nuggets,home,105-98,0&2,7.0,193.0,7,14.0,10.0,12.0,-2.0,W,W,O,""0"
"Feb"",""06,"",2015,recap,Fri,2014,Seventysixers,Celtics,away,96-107,2&1,8.5,193.0,-11,-2.5,10.0,3.8,6.2,L,L,O,""0"
"Feb"",""07,"",2015,recap,Sat,2014,Seventysixers,Hornets,home,89-81,0&1,7.5,184.0,8,15.5,-14.0,0.8,-14.8,W,W,U,""0"
"Feb"",""09,"",2015,recap,Mon,2014,Seventysixers,Warriors,home,84-89,1&1,15.0,204.0,-5,10.0,-31.0,-10.5,-20.5,L,W,U,""0"
"Feb"",""20,"",2015,recap,Fri,2014,Seventysixers,Pacers,home,95-106,10&8,8.5,184.5,-11,-2.5,16.5,7.0,9.5,L,L,O,""0"
"Feb"",""22,"",2015,recap,Sun,2014,Seventysixers,Magic,away,98-103,1&1,9.0,188.5,-5,4.0,12.5,8.2,4.2,L,W,O,""0"
"Feb"",""23,"",2015,recap,Mon,2014,Seventysixers,Heat,away,108-119,0&1,11.0,193.0,-11,0.0,34.0,17.0,17.0,L,P,O,""0"
"Feb"",""25,"",2015,recap,Wed,2014,Seventysixers,Bucks,away,88-104,1&1,10.5,188.5,-16,-5.5,3.5,-1.0,4.5,L,L,O,""0"
"Feb"",""27,"",2015,recap,Fri,2014,Seventysixers,Wizards,home,89-81,1&1,7.5,194.0,8,15.5,-24.0,-4.2,-19.8,W,W,U,""0"
"Mar"",""01,"",2015,recap,Sun,2014,Seventysixers,Pacers,away,74-94,1&1,12.0,189.0,-20,-8.0,-21.0,-14.5,-6.5,L,L,U,""0"
"Mar"",""02,"",2015,recap,Mon,2014,Seventysixers,Raptors,home,103-114,0&1,9.5,193.0,-11,-1.5,24.0,11.2,12.8,L,L,O,""0"
"Mar"",""04,"",2015,recap,Wed,2014,Seventysixers,Thunder,away,118-123,1&2,14.0,202.5,-5,9.0,38.5,23.8,14.8,L,W,O,""1"
"Mar"",""06,"",2015,recap,Fri,2014,Seventysixers,Jazz,home,83-89,1&1,7.0,184.5,-6,1.0,-12.5,-5.8,-6.8,L,W,U,""0"
"Mar"",""07,"",2015,recap,Sat,2014,Seventysixers,Hawks,home,92-84,0&0,8.0,193.5,8,16.0,-17.5,-0.8,-16.8,W,W,U,""0"
"Mar"",""11,"",2015,recap,Wed,2014,Seventysixers,Bulls,home,95-104,3&1,6.5,189.0,-9,-2.5,10.0,3.8,6.2,L,L,O,""1"
"Mar"",""13,"",2015,recap,Fri,2014,Seventysixers,Kings,home,114-107,1&1,3.5,206.5,7,10.5,14.5,12.5,2.0,W,W,O,""0"
"Mar"",""14,"",2015,recap,Sat,2014,Seventysixers,Nets,home,87-94,0&2,6.5,195.0,-7,-0.5,-14.0,-7.2,-6.8,L,L,U,""0"
"Mar"",""16,"",2015,recap,Mon,2014,Seventysixers,Celtics,away,89-108,1&1,9.0,195.0,-19,-10.0,2.0,-4.0,6.0,L,L,O,""0"
"Mar"",""18,"",2015,recap,Wed,2014,Seventysixers,Pistons,home,94-83,1&0,2.0,195.5,11,13.0,-18.5,-2.8,-15.8,W,W,U,""0"
"Mar"",""20,"",2015,recap,Fri,2014,Seventysixers,Knicks,home,97-81,1&0,-6.0,188.5,16,10.0,-10.5,-0.2,-10.2,W,W,U,""0"
"Mar"",""22,"",2015,recap,Sun,2014,Seventysixers,Lakers,away,87-101,1&2,4.5,194.5,-14,-9.5,-6.5,-8.0,1.5,L,L,U,""0"
"Mar"",""24,"",2015,recap,Tue,2014,Seventysixers,Kings,away,106-107,1&1,8.0,206.5,-1,7.0,6.5,6.8,-0.2,L,W,O,""0"
"Mar"",""25,"",2015,recap,Wed,2014,Seventysixers,Nuggets,away,99-85,0&2,11.0,208.0,14,25.0,-24.0,0.5,-24.5,W,W,U,""0"
"Mar"",""27,"",2015,recap,Fri,2014,Seventysixers,Clippers,home,98-119,1&1,12.5,202.0,-21,-8.5,15.0,3.2,11.8,L,L,O,""0"
"Mar"",""29,"",2015,recap,Sun,2014,Seventysixers,Cavaliers,away,86-87,1&1,16.0,200.5,-1,15.0,-27.5,-6.2,-21.2,L,W,U,""0"
"Mar"",""30,"",2015,recap,Mon,2014,Seventysixers,Lakers,home,111-113,0&0,-3.5,194.0,-2,-5.5,30.0,12.2,17.8,L,L,O,""1"
"Apr"",""01,"",2015,recap,Wed,2014,Seventysixers,Wizards,away,93-106,1&2,11.0,192.0,-13,-2.0,7.0,2.5,4.5,L,L,O,0"
"Apr"",""04,"",2015,recap,Sat,2014,Seventysixers,Hornets,away,91-92,2&0,7.0,189.5,-1,6.0,-6.5,-0.2,-6.2,L,W,U,""0"
"Apr"",""05,"",2015,recap,Sun,2014,Seventysixers,Knicks,away,91-101,0&1,-0.0,187.5,-10,-10.0,4.5,-2.8,7.2,L,L,O,""0"
"Apr"",""08,"",2015,recap,Wed,2014,Seventysixers,Wizards,home,90-119,2&3,6.5,189.0,-29,-22.5,20.0,-1.2,21.2,L,L,O,""0"
"Apr"",""11,"",2015,recap,Sat,2014,Seventysixers,Bulls,away,107-114,2&1,14.5,195.0,-7,7.5,26.0,16.8,9.2,L,W,O,""0"
"Apr"",""13,"",2015,recap,Mon,2014,Seventysixers,Bucks,home,97-107,1&0,3.0,195.5,-10,-7.0,8.5,0.8,7.8,L,L,O,""0"
"Apr"",""15,"",2015,recap,Wed,2014,Seventysixers,Heat,home,101-105,1&1,-2.0,196.0,-4,-6.0,10.0,2.0,8.0,L,L,O,""0"
"Oct"",""28,"",2015,recap,Wed,2015,Seventysixers,Celtics,away,95-112,&,12.5,198.0,-17,-4.5,9.0,2.2,6.8,L,L,O,""0"
"Oct"",""30,"",2015,recap,Fri,2015,Seventysixers,Jazz,home,71-99,1&1,7.5,186.5,-28,-20.5,-16.5,-18.5,2.0,L,L,U,""0"
"Nov"",""02,"",2015,recap,Mon,2015,Seventysixers,Cavaliers,home,100-107,2&2,12.5,195.0,-7,5.5,12.0,8.8,3.2,L,W,O,""0"
"Nov"",""04,"",2015,recap,Wed,2015,Seventysixers,Bucks,away,87-91,1&1,9.0,195.0,-4,5.0,-17.0,-6.0,-11.0,L,W,U,""0"
"Nov"",""06,"",2015,recap,Fri,2015,Seventysixers,Cavaliers,away,102-108,1&1,13.5,196.0,-6,7.5,14.0,10.8,3.2,L,W,O,""0"
"Nov"",""07,"",2015,recap,Sat,2015,Seventysixers,Magic,home,97-105,0&0,4.0,192.0,-8,-4.0,10.0,3.0,7.0,L,L,O,""0"
"Nov"",""09,"",2015,recap,Mon,2015,Seventysixers,Bulls,home,88-111,1&1,10.0,198.0,-23,-13.0,1.0,-6.0,7.0,L,L,O,""0"
"Nov"",""11,"",2015,recap,Wed,2015,Seventysixers,Raptors,home,103-119,1&0,9.5,194.0,-16,-6.5,28.0,10.8,17.2,L,L,O,""0"
"Nov"",""13,"",2015,recap,Fri,2015,Seventysixers,Thunder,away,85-102,1&2,13.5,207.0,-17,-3.5,-20.0,-11.8,-8.2,L,L,U,0"
"Nov"",""14,"",2015,recap,Sat,2015,Seventysixers,Spurs,away,83-92,0&2,16.0,194.0,-9,7.0,-19.0,-6.0,-13.0,L,W,U,""0"
"Nov"",""16,"",2015,recap,Mon,2015,Seventysixers,Mavericks,home,86-92,1&1,8.0,201.0,-6,2.0,-23.0,-10.5,-12.5,L,W,U,""0"
"Nov"",""18,"",2015,recap,Wed,2015,Seventysixers,Pacers,home,85-112,1&1,7.5,191.5,-27,-19.5,5.5,-7.0,12.5,L,L,O,""0"
"Nov"",""20,"",2015,recap,Fri,2015,Seventysixers,Hornets,away,88-113,1&1,11.0,197.5,-25,-14.0,3.5,-5.2,8.8,L,L,O,""0"
"Nov"",""21,"",2015,recap,Sat,2015,Seventysixers,Heat,away,91-96,0&1,13.0,193.0,-5,8.0,-6.0,1.0,-7.0,L,W,U,""0"
"Nov"",""23,"",2015,recap,Mon,2015,Seventysixers,Timberwolves,away,95-100,1&2,7.5,200.0,-5,2.5,-5.0,-1.2,-3.8,L,W,U,0"
"Nov"",""25,"",2015,recap,Wed,2015,Seventysixers,Celtics,away,80-84,1&0,10.5,200.0,-4,6.5,-36.0,-14.8,-21.2,L,W,U,""0"
"Nov"",""27,"",2015,recap,Fri,2015,Seventysixers,Rockets,away,114-116,1&1,10.5,197.0,-2,8.5,33.0,20.8,12.2,L,W,O,""0"
"Nov"",""29,"",2015,recap,Sun,2015,Seventysixers,Grizzlies,away,84-92,1&1,12.5,193.0,-8,4.5,-17.0,-6.2,-10.8,L,W,U,""0"
"Dec"",""01,"",2015,recap,Tue,2015,Seventysixers,Lakers,home,103-91,1&1,-1.5,195.5,12,10.5,-1.5,4.5,-6.0,W,W,U,""0"
"Dec"",""02,"",2015,recap,Wed,2015,Seventysixers,Knicks,away,87-99,0&2,9.0,191.0,-12,-3.0,-5.0,-4.0,-1.0,L,L,U,""0"
"Dec"",""05,"",2015,recap,Sat,2015,Seventysixers,Nuggets,home,105-108,2&1,3.5,194.0,-3,0.5,19.0,9.8,9.2,L,W,O,""0"
"Dec"",""07,"",2015,recap,Mon,2015,Seventysixers,Spurs,home,68-119,1&1,12.0,188.5,-51,-39.0,-1.5,-20.2,18.8,L,L,U,""0"
"Dec"",""10,"",2015,recap,Thu,2015,Seventysixers,Nets,away,91-100,2&1,7.0,197.5,-9,-2.0,-6.5,-4.2,-2.2,L,L,U,""0"
"Dec"",""11,"",2015,recap,Fri,2015,Seventysixers,Pistons,home,95-107,0&1,9.0,193.0,-12,-3.0,9.0,3.0,6.0,L,L,O,""0"
"Dec"",""13,"",2015,recap,Sun,2015,Seventysixers,Raptors,away,76-96,1&1,12.0,192.5,-20,-8.0,-20.5,-14.2,-6.2,L,L,U,""0"
"Dec"",""14,"",2015,recap,Mon,2015,Seventysixers,Bulls,away,96-115,0&1,13.5,195.0,-19,-5.5,16.0,5.2,10.8,L,L,O,""0"
"Dec"",""16,"",2015,recap,Wed,2015,Seventysixers,Hawks,away,106-127,1&1,13.5,199.5,-21,-7.5,33.5,13.0,20.5,L,L,O,""0"
"Dec"",""18,"",2015,recap,Fri,2015,Seventysixers,Knicks,home,97-107,1&1,6.5,195.0,-10,-3.5,9.0,2.8,6.2,L,L,O,""0"
"Dec"",""20,"",2015,recap,Sun,2015,Seventysixers,Cavaliers,away,86-108,1&2,16.5,197.0,-22,-5.5,-3.0,-4.2,1.2,L,L,U,""0"
"Dec"",""22,"",2015,recap,Tue,2015,Seventysixers,Grizzlies,home,90-104,1&2,10.0,194.0,-14,-4.0,0.0,-2.0,2.0,L,L,P,""0"
"Dec"",""23,"",2015,recap,Wed,2015,Seventysixers,Bucks,away,100-113,0&2,11.0,196.0,-13,-2.0,17.0,7.5,9.5,L,L,O,""0"
"Dec"",""26,"",2015,recap,Sat,2015,Seventysixers,Suns,away,111-104,2&2,12.0,205.5,7,19.0,9.5,14.2,-4.8,W,W,O,""0"
"Dec"",""28,"",2015,recap,Mon,2015,Seventysixers,Jazz,away,91-95,1&1,9.0,196.0,-4,5.0,-10.0,-2.5,-7.5,L,W,U,""0"
"Dec"",""30,"",2015,recap,Wed,2015,Seventysixers,Kings,away,110-105,1&1,10.5,214.0,5,15.5,1.0,8.2,-7.2,W,W,O,""0"
"Jan"",""01,"",2016,recap,Fri,2015,Seventysixers,Lakers,away,84-93,1&1,3.0,207.0,-9,-6.0,-30.0,-18.0,-12.0,L,L,U,""0"
"Jan"",""02,"",2016,recap,Sat,2015,Seventysixers,Clippers,away,99-130,0&1,13.5,204.0,-31,-17.5,25.0,3.8,21.2,L,L,O,""0"
"Jan"",""04,"",2016,recap,Mon,2015,Seventysixers,Timberwolves,home,109-99,1&1,6.0,204.0,10,16.0,4.0,10.0,-6.0,W,W,O,""0"
"Jan"",""07,"",2016,recap,Thu,2015,Seventysixers,Hawks,home,98-126,2&1,9.5,207.5,-28,-18.5,16.5,-1.0,17.5,L,L,O,""0"
"Jan"",""09,"",2016,recap,Sat,2015,Seventysixers,Raptors,home,95-108,1&0,9.0,202.5,-13,-4.0,0.5,-1.8,2.2,L,L,O,""0"
"Jan"",""10,"",2016,recap,Sun,2015,Seventysixers,Cavaliers,home,85-95,0&1,16.0,205.5,-10,6.0,-25.5,-9.8,-15.8,L,W,U,""0"
"Jan"",""14,"",2016,recap,Thu,2015,Seventysixers,Bulls,home,111-115,3&1,8.0,204.0,-4,4.0,22.0,13.0,9.0,L,W,O,""1"
"Jan"",""16,"",2016,recap,Sat,2015,Seventysixers,Trailblazers,home,114-89,1&0,5.5,207.0,25,30.5,-4.0,13.2,-17.2,W,W,U,""0"
"Jan"",""18,"",2016,recap,Mon,2015,Seventysixers,Knicks,away,113-119,1&1,9.5,202.0,-6,3.5,30.0,16.8,13.2,L,W,O,""2"
"Jan"",""20,"",2016,recap,Wed,2015,Seventysixers,Magic,away,96-87,1&1,7.0,196.0,9,16.0,-13.0,1.5,-14.5,W,W,U,""0"
"Jan"",""24,"",2016,recap,Sun,2015,Seventysixers,Celtics,home,92-112,3&1,8.5,206.0,-20,-11.5,-2.0,-6.8,4.8,L,L,U,""0"
"Jan"",""26,"",2016,recap,Tue,2015,Seventysixers,Suns,home,113-103,1&2,-2.5,204.5,10,7.5,11.5,9.5,2.0,W,W,O,""0"
"Jan"",""27,"",2016,recap,Wed,2015,Seventysixers,Pistons,away,97-110,0&1,12.5,206.0,-13,-0.5,1.0,0.2,0.8,L,L,O,""0"
"Jan"",""30,"",2016,recap,Sat,2015,Seventysixers,Warriors,home,105-108,2&2,17.0,218.0,-3,14.0,-5.0,4.5,-9.5,L,W,U,""0"
"Feb"",""03,"",2016,recap,Wed,2015,Seventysixers,Hawks,home,86-124,3&1,8.0,208.5,-38,-30.0,1.5,-14.2,15.8,L,L,O,""0"
"Feb"",""05,"",2016,recap,Fri,2015,Seventysixers,Wizards,away,94-106,1&1,9.5,214.0,-12,-2.5,-14.0,-8.2,-5.8,L,L,U,0"
"Feb"",""06,"",2016,recap,Sat,2015,Seventysixers,Nets,home,103-98,0&0,-1.0,204.5,5,4.0,-3.5,0.2,-3.8,W,W,U,""0"
"Feb"",""08,"",2016,recap,Mon,2015,Seventysixers,Clippers,home,92-98,1&0,9.0,206.5,-6,3.0,-16.5,-6.8,-9.8,L,W,U,""1"
"Feb"",""10,"",2016,recap,Wed,2015,Seventysixers,Kings,home,110-114,1&1,5.0,219.0,-4,1.0,5.0,3.0,2.0,L,W,O,""0"
"Feb"",""19,"",2016,recap,Fri,2015,Seventysixers,Pelicans,away,114-121,8&7,8.5,207.5,-7,1.5,27.5,14.5,13.0,L,W,O,""0"
"Feb"",""21,"",2016,recap,Sun,2015,Seventysixers,Mavericks,away,103-129,1&1,9.5,204.0,-26,-16.5,28.0,5.8,22.2,L,L,O,""0"
"Feb"",""23,"",2016,recap,Tue,2015,Seventysixers,Magic,home,115-124,1&1,5.5,208.0,-9,-3.5,31.0,13.8,17.2,L,L,O,""0"
"Feb"",""24,"",2016,recap,Wed,2015,Seventysixers,Pistons,away,91-111,0&1,11.5,209.0,-20,-8.5,-7.0,-7.8,0.8,L,L,U,""0"
"Feb"",""26,"",2016,recap,Fri,2015,Seventysixers,Wizards,home,94-103,1&1,8.0,216.0,-9,-1.0,-19.0,-10.0,-9.0,L,L,U,""0"
"Feb"",""28,"",2016,recap,Sun,2015,Seventysixers,Magic,away,116-130,1&1,10.0,214.0,-14,-4.0,32.0,14.0,18.0,L,L,O,""0"
"Feb"",""29,"",2016,recap,Mon,2015,Seventysixers,Wizards,away,108-116,0&0,12.0,215.0,-8,4.0,9.0,6.5,2.5,L,W,O,0"
"Mar"",""02,"",2016,recap,Wed,2015,Seventysixers,Hornets,home,99-119,1&0,9.5,209.5,-20,-10.5,8.5,-1.0,9.5,L,L,O,""0"
"Mar"",""04,"",2016,recap,Fri,2015,Seventysixers,Heat,home,102-112,1&0,9.5,209.0,-10,-0.5,5.0,2.2,2.8,L,L,O,""0"
"Mar"",""06,"",2016,recap,Sun,2015,Seventysixers,Heat,away,98-103,1&1,14.0,210.5,-5,9.0,-9.5,-0.2,-9.2,L,W,U,""0"
"Mar"",""09,"",2016,recap,Wed,2015,Seventysixers,Rockets,home,104-118,2&2,9.5,220.5,-14,-4.5,1.5,-1.5,3.0,L,L,O,""0"
"Mar"",""11,"",2016,recap,Fri,2015,Seventysixers,Nets,home,95-89,1&2,2.0,210.0,6,8.0,-26.0,-9.0,-17.0,W,W,U,""0"
"Mar"",""12,"",2016,recap,Sat,2015,Seventysixers,Pistons,home,111-125,0&0,11.0,207.0,-14,-3.0,29.0,13.0,16.0,L,L,O,""0"
"Mar"",""15,"",2016,recap,Tue,2015,Seventysixers,Nets,away,114-131,2&1,7.5,212.0,-17,-9.5,33.0,11.8,21.2,L,L,O,""0"
"Mar"",""17,"",2016,recap,Thu,2015,Seventysixers,Wizards,home,94-99,1&0,9.0,215.0,-5,4.0,-22.0,-9.0,-13.0,L,W,U,""0"
"Mar"",""18,"",2016,recap,Fri,2015,Seventysixers,Thunder,home,97-111,0&1,15.5,219.5,-14,1.5,-11.5,-5.0,-6.5,L,W,U,""0"
"Mar"",""20,"",2016,recap,Sun,2015,Seventysixers,Celtics,home,105-120,1&1,11.5,215.0,-15,-3.5,10.0,3.2,6.8,L,L,O,""0"
"Mar"",""21,"",2016,recap,Mon,2015,Seventysixers,Pacers,away,75-91,0&1,15.5,208.5,-16,-0.5,-42.5,-21.5,-21.0,L,L,U,""0"
"Mar"",""23,"",2016,recap,Wed,2015,Seventysixers,Nuggets,away,103-104,1&1,8.5,213.0,-1,7.5,-6.0,0.8,-6.8,L,W,U,""0"
"Mar"",""26,"",2016,recap,Sat,2015,Seventysixers,Trailblazers,away,105-108,2&1,14.5,217.0,-3,11.5,-4.0,3.8,-7.8,L,W,U,0"
"Mar"",""27,"",2016,recap,Sun,2015,Seventysixers,Warriors,away,105-117,0&1,21.5,225.0,-12,9.5,-3.0,3.2,-6.2,L,W,U,0"
"Mar"",""29,"",2016,recap,Tue,2015,Seventysixers,Hornets,home,85-100,1&2,11.5,209.0,-15,-3.5,-24.0,-13.8,-10.2,L,L,U,""0"
"Apr"",""01,"",2016,recap,Fri,2015,Seventysixers,Hornets,away,91-100,2&2,14.0,208.5,-9,5.0,-17.5,-6.2,-11.2,L,W,U,""0"
"Apr"",""02,"",2016,recap,Sat,2015,Seventysixers,Pacers,home,102-115,0&1,10.5,203.5,-13,-2.5,13.5,5.5,8.0,L,L,O,""0"
"Apr"",""05,"",2016,recap,Tue,2015,Seventysixers,Pelicans,home,107-93,2&1,-2.0,206.5,14,12.0,-6.5,2.8,-9.2,W,W,U,""0"
"Apr"",""08,"",2016,recap,Fri,2015,Seventysixers,Knicks,home,102-109,2&1,2.5,204.0,-7,-4.5,7.0,1.2,5.8,L,L,O,""0"
"Apr"",""10,"",2016,recap,Sun,2015,Seventysixers,Bucks,home,108-109,1&1,3.0,205.0,-1,2.0,12.0,7.0,5.0,L,W,O,""1"
"Apr"",""12,"",2016,recap,Tue,2015,Seventysixers,Raptors,away,98-122,1&1,11.5,204.0,-24,-12.5,16.0,1.8,14.2,L,L,O,""0"
"Apr"",""13,"",2016,recap,Wed,2015,Seventysixers,Bulls,away,105-115,0&1,10.0,209.5,-10,0.0,10.5,5.2,5.2,L,P,O,""0"
"Oct"",""26,"",2016,recap,Wed,2016,Seventysixers,Thunder,home,97-103,&,8.5,208.0,-6,2.5,-8.0,-2.8,-5.2,L,W,U,""0"
"Oct"",""29,"",2016,recap,Sat,2016,Seventysixers,Hawks,home,72-104,2&1,8.0,201.5,-32,-24.0,-25.5,-24.8,-0.8,L,L,U,""0"
"Nov"",""01,"",2016,recap,Tue,2016,Seventysixers,Magic,home,101-103,2&2,5.0,198.5,-2,3.0,5.5,4.2,1.2,L,W,O,""0"
"Nov"",""02,"",2016,recap,Wed,2016,Seventysixers,Hornets,away,93-109,0&3,13.0,197.0,-16,-3.0,5.0,1.0,4.0,L,L,O,""0"
"Nov"",""05,"",2016,recap,Sat,2016,Seventysixers,Cavaliers,home,101-102,2&1,12.0,205.5,-1,11.0,-2.5,4.2,-6.8,L,W,U,""0"
"Nov"",""07,"",2016,recap,Mon,2016,Seventysixers,Jazz,home,84-109,1&0,7.0,192.5,-25,-18.0,0.5,-8.8,9.2,L,L,O,""0"
"Nov"",""09,"",2016,recap,Wed,2016,Seventysixers,Pacers,away,115-122,1&1,11.5,212.5,-7,4.5,24.5,14.5,10.0,L,W,O,""1"
"Nov"",""11,"",2016,recap,Fri,2016,Seventysixers,Pacers,home,109-105,1&1,4.5,213.5,4,8.5,0.5,4.5,-4.0,W,W,O,""1"
"Nov"",""12,"",2016,recap,Sat,2016,Seventysixers,Hawks,away,96-117,0&2,15.0,206.5,-21,-6.0,6.5,0.2,6.2,L,L,O,""0"
"Nov"",""14,"",2016,recap,Mon,2016,Seventysixers,Rockets,away,88-115,1&1,11.5,213.5,-27,-15.5,-10.5,-13.0,2.5,L,L,U,""0"
"Nov"",""16,"",2016,recap,Wed,2016,Seventysixers,Wizards,home,109-102,1&3,5.5,205.0,7,12.5,6.0,9.2,-3.2,W,W,O,""0"
"Nov"",""17,"",2016,recap,Thu,2016,Seventysixers,Timberwolves,away,86-110,0&1,11.5,211.0,-24,-12.5,-15.0,-13.8,-1.2,L,L,U,""0"
"Nov"",""19,"",2016,recap,Sat,2016,Seventysixers,Suns,home,120-105,1&0,2.0,213.0,15,17.0,12.0,14.5,-2.5,W,W,O,""0"
"Nov"",""21,"",2016,recap,Mon,2016,Seventysixers,Heat,home,101-94,1&1,4.5,199.0,7,11.5,-4.0,3.8,-7.8,W,W,U,""0"
"Nov"",""23,"",2016,recap,Wed,2016,Seventysixers,Grizzlies,home,99-104,1&1,5.5,196.0,-5,0.5,7.0,3.8,3.2,L,W,O,""2"
"Nov"",""25,"",2016,recap,Fri,2016,Seventysixers,Bulls,home,89-105,1&2,9.0,204.0,-16,-7.0,-10.0,-8.5,-1.5,L,L,U,""0"
"Nov"",""27,"",2016,recap,Sun,2016,Seventysixers,Cavaliers,home,108-112,1&1,11.0,210.0,-4,7.0,10.0,8.5,1.5,L,W,O,""0"
"Nov"",""28,"",2016,recap,Mon,2016,Seventysixers,Raptors,away,95-122,0&2,15.5,210.0,-27,-11.5,7.0,-2.2,9.2,L,L,O,""0"
"Dec"",""02,"",2016,recap,Fri,2016,Seventysixers,Magic,home,88-105,3&0,-1.0,197.0,-17,-18.0,-4.0,-11.0,7.0,L,L,U,""0"
"Dec"",""03,"",2016,recap,Sat,2016,Seventysixers,Celtics,home,106-107,0&0,9.0,208.0,-1,8.0,5.0,6.5,-1.5,L,W,O,""0"
"Dec"",""05,"",2016,recap,Mon,2016,Seventysixers,Nuggets,home,98-106,1&1,4.5,209.5,-8,-3.5,-5.5,-4.5,-1.0,L,L,U,""0"
"Dec"",""06,"",2016,recap,Tue,2016,Seventysixers,Grizzlies,away,91-96,0&0,7.5,194.5,-5,2.5,-7.5,-2.5,-5.0,L,W,U,""0"
"Dec"",""08,"",2016,recap,Thu,2016,Seventysixers,Pelicans,away,99-88,1&2,7.0,204.5,11,18.0,-17.5,0.2,-17.8,W,W,U,""0"
"Dec"",""11,"",2016,recap,Sun,2016,Seventysixers,Pistons,away,97-79,2&1,11.5,197.0,18,29.5,-21.0,4.2,-25.2,W,W,U,""0"
"Dec"",""14,"",2016,recap,Wed,2016,Seventysixers,Raptors,home,114-123,2&1,8.0,207.0,-9,-1.0,30.0,14.5,15.5,L,L,O,""0"
"Dec"",""16,"",2016,recap,Fri,2016,Seventysixers,Lakers,home,89-100,1&1,1.0,209.5,-11,-10.0,-20.5,-15.2,-5.2,L,L,U,""0"
"Dec"",""18,"",2016,recap,Sun,2016,Seventysixers,Nets,home,108-107,1&1,-2.0,215.0,1,-1.0,0.0,-0.5,0.5,W,L,P,""0"
"Dec"",""20,"",2016,recap,Tue,2016,Seventysixers,Pelicans,home,93-108,1&1,3.5,208.0,-15,-11.5,-7.0,-9.2,2.2,L,L,U,""0"
"Dec"",""23,"",2016,recap,Fri,2016,Seventysixers,Suns,away,116-123,2&1,5.5,213.0,-7,-1.5,26.0,12.2,13.8,L,L,O,""0"
"Dec"",""26,"",2016,recap,Mon,2016,Seventysixers,Kings,away,100-102,2&2,7.5,202.5,-2,5.5,-0.5,2.5,-3.0,L,W,U,""0"
"Dec"",""29,"",2016,recap,Thu,2016,Seventysixers,Jazz,away,83-100,2&1,14.5,195.5,-17,-2.5,-12.5,-7.5,-5.0,L,L,U,""0"
"Dec"",""30,"",2016,recap,Fri,2016,Seventysixers,Nuggets,away,124-122,0&1,10.5,213.0,2,12.5,33.0,22.8,10.2,W,W,O,""0"
"Jan"",""03,"",2017,recap,Tue,2016,Seventysixers,Timberwolves,home,93-91,3&1,4.0,203.5,2,6.0,-19.5,-6.8,-12.8,W,W,U,""0"
"Jan"",""06,"",2017,recap,Fri,2016,Seventysixers,Celtics,away,106-110,2&2,11.0,214.0,-4,7.0,2.0,4.5,-2.5,L,W,O,""0"
"Jan"",""08,"",2017,recap,Sun,2016,Seventysixers,Nets,away,105-95,1&1,1.0,215.0,10,11.0,-15.0,-2.0,-13.0,W,W,U,""0"
"Jan"",""11,"",2017,recap,Wed,2016,Seventysixers,Knicks,home,98-97,2&1,1.5,209.5,1,2.5,-14.5,-6.0,-8.5,W,W,U,""0"
"Jan"",""13,"",2017,recap,Fri,2016,Seventysixers,Hornets,home,102-93,1&2,4.5,209.5,9,13.5,-14.5,-0.5,-14.0,W,W,U,""0"
"Jan"",""14,"",2017,recap,Sat,2016,Seventysixers,Wizards,away,93-109,0&2,10.0,208.0,-16,-6.0,-6.0,-6.0,0.0,L,L,U,0"
"Jan"",""16,"",2017,recap,Mon,2016,Seventysixers,Bucks,away,113-104,1&0,8.0,208.0,9,17.0,9.0,13.0,-4.0,W,W,O,""0"
"Jan"",""18,"",2017,recap,Wed,2016,Seventysixers,Raptors,home,94-89,1&0,5.0,211.0,5,10.0,-28.0,-9.0,-19.0,W,W,U,""0"
"Jan"",""20,"",2017,recap,Fri,2016,Seventysixers,Trailblazers,home,93-92,1&1,1.5,208.0,1,2.5,-23.0,-10.2,-12.8,W,W,U,""0"
"Jan"",""21,"",2017,recap,Sat,2016,Seventysixers,Hawks,away,93-110,0&0,10.5,200.5,-17,-6.5,2.5,-2.0,4.5,L,L,O,""0"
"Jan"",""24,"",2017,recap,Tue,2016,Seventysixers,Clippers,home,121-110,2&0,4.5,204.0,11,15.5,27.0,21.2,5.8,W,W,O,""0"
"Jan"",""25,"",2017,recap,Wed,2016,Seventysixers,Bucks,away,114-109,0&1,10.5,208.5,5,15.5,14.5,15.0,-0.5,W,W,O,""0"
"Jan"",""27,"",2017,recap,Fri,2016,Seventysixers,Rockets,home,118-123,1&1,6.5,221.0,-5,1.5,20.0,10.8,9.2,L,W,O,""0"
"Jan"",""29,"",2017,recap,Sun,2016,Seventysixers,Bulls,away,108-121,1&1,7.0,206.0,-13,-6.0,23.0,8.5,14.5,L,L,O,""0"
"Jan"",""30,"",2017,recap,Mon,2016,Seventysixers,Kings,home,122-119,0&1,3.5,206.0,3,6.5,35.0,20.8,14.2,W,W,O,""0"
"Feb"",""01,"",2017,recap,Wed,2016,Seventysixers,Mavericks,away,95-113,1&1,6.5,206.0,-18,-11.5,2.0,-4.8,6.8,L,L,O,""0"
"Feb"",""02,"",2017,recap,Thu,2016,Seventysixers,Spurs,away,86-102,0&1,16.0,211.5,-16,0.0,-23.5,-11.8,-11.8,L,P,U,""0"
"Feb"",""04,"",2017,recap,Sat,2016,Seventysixers,Heat,away,102-125,1&2,9.0,208.5,-23,-14.0,18.5,2.2,16.2,L,L,O,""0"
"Feb"",""06,"",2017,recap,Mon,2016,Seventysixers,Pistons,away,96-113,1&1,9.5,212.5,-17,-7.5,-3.5,-5.5,2.0,L,L,U,""0"
"Feb"",""08,"",2017,recap,Wed,2016,Seventysixers,Spurs,home,103-111,1&1,10.5,210.0,-8,2.5,4.0,3.2,0.8,L,W,O,""0"
"Feb"",""09,"",2017,recap,Thu,2016,Seventysixers,Magic,away,112-111,0&1,5.5,210.0,1,6.5,13.0,9.8,3.2,W,W,O,""0"
"Feb"",""11,"",2017,recap,Sat,2016,Seventysixers,Heat,home,117-109,1&0,3.0,209.0,8,11.0,17.0,14.0,3.0,W,W,O,""0"
"Feb"",""13,"",2017,recap,Mon,2016,Seventysixers,Hornets,away,105-99,1&1,8.0,212.0,6,14.0,-8.0,3.0,-11.0,W,W,U,""0"
"Feb"",""15,"",2017,recap,Wed,2016,Seventysixers,Celtics,away,108-116,1&1,10.0,219.0,-8,2.0,5.0,3.5,1.5,L,W,O,""0"
"Feb"",""24,"",2017,recap,Fri,2016,Seventysixers,Wizards,home,120-112,8&7,8.0,217.5,8,16.0,14.5,15.2,-0.8,W,W,O,""0"
"Feb"",""25,"",2017,recap,Sat,2016,Seventysixers,Knicks,away,109-110,0&1,5.5,219.0,-1,4.5,0.0,2.2,-2.2,L,W,P,""0"
"Feb"",""27,"",2017,recap,Mon,2016,Seventysixers,Warriors,home,108-119,1&1,13.5,228.5,-11,2.5,-1.5,0.5,-2.0,L,W,U,""0"
"Mar"",""01,"",2017,recap,Wed,2016,Seventysixers,Heat,away,98-125,1&1,9.5,214.0,-27,-17.5,9.0,-4.2,13.2,L,L,O,""0"
"Mar"",""03,"",2017,recap,Fri,2016,Seventysixers,Knicks,home,105-102,1&1,1.5,216.5,3,4.5,-9.5,-2.5,-7.0,W,W,U,""0"
"Mar"",""04,"",2017,recap,Sat,2016,Seventysixers,Pistons,home,106-136,0&2,5.5,213.0,-30,-24.5,29.0,2.2,26.8,L,L,O,""0"
"Mar"",""06,"",2017,recap,Mon,2016,Seventysixers,Bucks,home,98-112,1&1,5.0,212.0,-14,-9.0,-2.0,-5.5,3.5,L,L,U,""0"
"Mar"",""09,"",2017,recap,Thu,2016,Seventysixers,Trailblazers,away,108-114,2&1,9.5,221.0,-6,3.5,1.0,2.2,-1.2,L,W,O,1"
"Mar"",""11,"",2017,recap,Sat,2016,Seventysixers,Clippers,away,100-112,1&1,13.0,215.0,-12,1.0,-3.0,-1.0,-2.0,L,W,U,""0"
"Mar"",""12,"",2017,recap,Sun,2016,Seventysixers,Lakers,away,118-116,0&2,3.5,223.0,2,5.5,11.0,8.2,2.8,W,W,O,""0"
"Mar"",""14,"",2017,recap,Tue,2016,Seventysixers,Warriors,away,104-106,1&2,16.5,220.0,-2,14.5,-10.0,2.2,-12.2,L,W,U,0"
"Mar"",""17,"",2017,recap,Fri,2016,Seventysixers,Mavericks,home,116-74,2&1,4.0,204.5,42,46.0,-14.5,15.8,-30.2,W,W,U,""0"
"Mar"",""19,"",2017,recap,Sun,2016,Seventysixers,Celtics,home,105-99,1&1,5.0,204.5,6,11.0,-0.5,5.2,-5.8,W,W,U,""0"
"Mar"",""20,"",2017,recap,Mon,2016,Seventysixers,Magic,away,109-112,0&2,5.5,217.5,-3,2.5,3.5,3.0,0.5,L,W,O,""1"
"Mar"",""22,"",2017,recap,Wed,2016,Seventysixers,Thunder,away,97-122,1&1,11.5,219.0,-25,-13.5,0.0,-6.8,6.8,L,L,P,""0"
"Mar"",""24,"",2017,recap,Fri,2016,Seventysixers,Bulls,away,117-107,1&1,6.5,211.0,10,16.5,13.0,14.8,-1.8,W,W,O,""0"
"Mar"",""26,"",2017,recap,Sun,2016,Seventysixers,Pacers,away,94-107,1&1,9.0,211.0,-13,-4.0,-10.0,-7.0,-3.0,L,L,U,""0"
"Mar"",""28,"",2017,recap,Tue,2016,Seventysixers,Nets,away,106-101,1&1,3.5,223.0,5,8.5,-16.0,-3.8,-12.2,W,W,U,""0"
"Mar"",""29,"",2017,recap,Wed,2016,Seventysixers,Hawks,home,92-99,0&0,2.0,209.0,-7,-5.0,-18.0,-11.5,-6.5,L,L,U,""0"
"Mar"",""31,"",2017,recap,Fri,2016,Seventysixers,Cavaliers,away,105-122,1&0,12.0,218.5,-17,-5.0,8.5,1.8,6.8,L,L,O,""0"
"Apr"",""02,"",2017,recap,Sun,2016,Seventysixers,Raptors,away,105-113,1&1,10.5,212.0,-8,2.5,6.0,4.2,1.8,L,W,O,""0"
"Apr"",""04,"",2017,recap,Tue,2016,Seventysixers,Nets,home,118-141,1&1,2.0,223.0,-23,-21.0,36.0,7.5,28.5,L,L,O,""0"
"Apr"",""06,"",2017,recap,Thu,2016,Seventysixers,Bulls,home,90-102,1&1,6.0,209.5,-12,-6.0,-17.5,-11.8,-5.8,L,L,U,""0"
"Apr"",""08,"",2017,recap,Sat,2016,Seventysixers,Bucks,home,82-90,1&1,7.0,207.5,-8,-1.0,-35.5,-18.2,-17.2,L,L,U,""0"
"Apr"",""10,"",2017,recap,Mon,2016,Seventysixers,Pacers,home,111-120,1&1,8.5,211.5,-9,-0.5,19.5,9.5,10.0,L,L,O,""0"
"Apr"",""12,"",2017,recap,Wed,2016,Seventysixers,Knicks,away,113-114,1&2,1.0,208.0,-1,0.0,19.0,9.5,9.5,L,P,O,""0"
"Oct"",""18,"",2017,recap,Wed,2017,Seventysixers,Wizards,away,115-120,&,6.5,217.5,-5,1.5,17.5,9.5,8.0,L,W,O,0"
"Oct"",""20,"",2017,recap,Fri,2017,Seventysixers,Celtics,home,92-102,1&1,-2.0,216.5,-10,-12.0,-22.5,-17.2,-5.2,L,L,U,""0"
"Oct"",""21,"",2017,recap,Sat,2017,Seventysixers,Raptors,away,94-128,0&1,9.5,218.0,-34,-24.5,4.0,-10.2,14.2,L,L,O,""0"
"Oct"",""23,"",2017,recap,Mon,2017,Seventysixers,Pistons,away,97-86,1&1,3.5,214.0,11,14.5,-31.0,-8.2,-22.8,W,W,U,""0"
"Oct"",""25,"",2017,recap,Wed,2017,Seventysixers,Rockets,home,104-105,1&1,3.0,220.0,-1,2.0,-11.0,-4.5,-6.5,L,W,U,""0"
"Oct"",""28,"",2017,recap,Sat,2017,Seventysixers,Mavericks,away,112-110,2&1,-1.0,207.0,2,1.0,15.0,8.0,7.0,W,W,O,""0"
"Oct"",""30,"",2017,recap,Mon,2017,Seventysixers,Rockets,away,115-107,1&1,6.5,218.0,8,14.5,4.0,9.2,-5.2,W,W,O,""0"
"Nov"",""01,"",2017,recap,Wed,2017,Seventysixers,Hawks,home,119-109,1&2,-9.0,211.0,10,1.0,17.0,9.0,8.0,W,W,O,""0"
"Nov"",""03,"",2017,recap,Fri,2017,Seventysixers,Pacers,home,121-110,1&1,-5.5,220.0,11,5.5,11.0,8.2,2.8,W,W,O,""0"
"Nov"",""07,"",2017,recap,Tue,2017,Seventysixers,Jazz,away,104-97,3&1,6.5,204.0,7,13.5,-3.0,5.2,-8.2,W,W,U,""0"
"Nov"",""09,"",2017,recap,Thu,2017,Seventysixers,Kings,away,108-109,1&1,-6.5,207.0,-1,-7.5,10.0,1.2,8.8,L,L,O,""0"
"Nov"",""11,"",2017,recap,Sat,2017,Seventysixers,Warriors,away,114-135,1&2,14.0,231.0,-21,-7.0,18.0,5.5,12.5,L,L,O,""0"
"Nov"",""13,"",2017,recap,Mon,2017,Seventysixers,Clippers,away,109-105,1&1,2.0,218.5,4,6.0,-4.5,0.8,-5.2,W,W,U,""0"
"Nov"",""15,"",2017,recap,Wed,2017,Seventysixers,Lakers,away,115-109,1&1,-3.5,220.0,6,2.5,4.0,3.2,0.8,W,W,O,""0"
"Nov"",""18,"",2017,recap,Sat,2017,Seventysixers,Warriors,home,116-124,2&1,8.5,232.0,-8,0.5,8.0,4.2,3.8,L,W,O,""0"
"Nov"",""20,"",2017,recap,Mon,2017,Seventysixers,Jazz,home,107-86,1&1,-7.0,210.0,21,14.0,-17.0,-1.5,-15.5,W,W,U,""0"
"Nov"",""22,"",2017,recap,Wed,2017,Seventysixers,Trailblazers,home,101-81,1&1,-4.0,210.5,20,16.0,-28.5,-6.2,-22.2,W,W,U,""0"
"Nov"",""25,"",2017,recap,Sat,2017,Seventysixers,Magic,home,130-111,2&0,-6.0,221.0,19,13.0,20.0,16.5,3.5,W,W,O,""0"
"Nov"",""27,"",2017,recap,Mon,2017,Seventysixers,Cavaliers,home,91-113,1&2,-2.5,224.0,-22,-24.5,-20.0,-22.2,2.2,L,L,U,""0"
"Nov"",""29,"",2017,recap,Wed,2017,Seventysixers,Wizards,home,118-113,1&0,-5.5,213.0,5,-0.5,18.0,8.8,9.2,W,L,O,""0"
"Nov"",""30,"",2017,recap,Thu,2017,Seventysixers,Celtics,away,97-108,0&2,8.5,207.5,-11,-2.5,-2.5,-2.5,0.0,L,L,U,""0"
"Dec"",""02,"",2017,recap,Sat,2017,Seventysixers,Pistons,home,108-103,1&0,-4.5,213.0,5,0.5,-2.0,-0.8,-1.2,W,W,U,""0"
"Dec"",""04,"",2017,recap,Mon,2017,Seventysixers,Suns,home,101-115,1&1,-10.5,227.0,-14,-24.5,-11.0,-17.8,6.8,L,L,U,""0"
"Dec"",""07,"",2017,recap,Thu,2017,Seventysixers,Lakers,home,104-107,2&3,-7.5,220.0,-3,-10.5,-9.0,-9.8,0.8,L,L,U,""0"
"Dec"",""09,"",2017,recap,Sat,2017,Seventysixers,Cavaliers,away,98-105,1&0,7.0,218.5,-7,0.0,-15.5,-7.8,-7.8,L,P,U,""0"
"Dec"",""10,"",2017,recap,Sun,2017,Seventysixers,Pelicans,away,124-131,0&1,6.5,222.5,-7,-0.5,32.5,16.0,16.5,L,L,O,""0"
"Dec"",""12,"",2017,recap,Tue,2017,Seventysixers,Timberwolves,away,118-112,1&1,5.0,215.0,6,11.0,15.0,13.0,2.0,W,W,O,1"
"Dec"",""15,"",2017,recap,Fri,2017,Seventysixers,Thunder,home,117-119,2&1,-1.5,213.5,-2,-3.5,22.5,9.5,13.0,L,L,O,""3"
"Dec"",""18,"",2017,recap,Mon,2017,Seventysixers,Bulls,away,115-117,2&2,-1.5,210.0,-2,-3.5,22.0,9.2,12.8,L,L,O,""0"
"Dec"",""19,"",2017,recap,Tue,2017,Seventysixers,Kings,home,95-101,0&1,-8.0,207.0,-6,-14.0,-11.0,-12.5,1.5,L,L,U,""0"
"Dec"",""21,"",2017,recap,Thu,2017,Seventysixers,Raptors,home,109-114,1&0,2.5,218.0,-5,-2.5,5.0,1.2,3.8,L,L,O,""0"
"Dec"",""23,"",2017,recap,Sat,2017,Seventysixers,Raptors,away,86-102,1&1,9.5,218.0,-16,-6.5,-30.0,-18.2,-11.8,L,L,U,""0"
"Dec"",""25,"",2017,recap,Mon,2017,Seventysixers,Knicks,away,105-98,1&2,-1.0,210.0,7,6.0,-7.0,-0.5,-6.5,W,W,U,""0"
"Dec"",""28,"",2017,recap,Thu,2017,Seventysixers,Trailblazers,away,110-114,2&4,0.0,208.0,-4,-4.0,16.0,6.0,10.0,L,L,O,0"
"Dec"",""30,"",2017,recap,Sat,2017,Seventysixers,Nuggets,away,107-102,1&2,5.5,213.5,5,10.5,-4.5,3.0,-7.5,W,W,U,""0"
"Dec"",""31,"",2017,recap,Sun,2017,Seventysixers,Suns,away,123-110,0&1,-3.5,221.0,13,9.5,12.0,10.8,1.2,W,W,O,""0"
"Jan"",""03,"",2018,recap,Wed,2017,Seventysixers,Spurs,home,112-106,2&0,-4.0,207.5,6,2.0,10.5,6.2,4.2,W,W,O,""0"
"Jan"",""05,"",2018,recap,Fri,2017,Seventysixers,Pistons,home,114-78,1&1,-6.0,209.5,36,30.0,-17.5,6.2,-23.8,W,W,U,""0"
"Jan"",""11,"",2018,recap,Thu,2017,Seventysixers,Celtics,home,103-114,5&4,2.0,211.5,-11,-9.0,5.5,-1.8,7.2,L,L,O,""0"
"Jan"",""15,"",2018,recap,Mon,2017,Seventysixers,Raptors,home,117-111,3&1,1.5,220.0,6,7.5,8.0,7.8,0.2,W,W,O,""0"
"Jan"",""18,"",2018,recap,Thu,2017,Seventysixers,Celtics,away,89-80,2&1,2.5,204.5,9,11.5,-35.5,-12.0,-23.5,W,W,U,""0"
"Jan"",""20,"",2018,recap,Sat,2017,Seventysixers,Bucks,home,116-94,1&2,-7.5,210.0,22,14.5,0.0,7.2,-7.2,W,W,P,""0"
"Jan"",""22,"",2018,recap,Mon,2017,Seventysixers,Grizzlies,away,101-105,1&1,-3.0,206.0,-4,-7.0,0.0,-3.5,3.5,L,L,P,""0"
"Jan"",""24,"",2018,recap,Wed,2017,Seventysixers,Bulls,home,115-101,1&1,-6.0,217.0,14,8.0,-1.0,3.5,-4.5,W,W,U,""0"
"Jan"",""26,"",2018,recap,Fri,2017,Seventysixers,Spurs,away,97-78,1&1,3.5,199.5,19,22.5,-24.5,-1.0,-23.5,W,W,U,""0"
"Jan"",""28,"",2018,recap,Sun,2017,Seventysixers,Thunder,away,112-122,1&0,4.0,215.0,-10,-6.0,19.0,6.5,12.5,L,L,O,0"
"Jan"",""29,"",2018,recap,Mon,2017,Seventysixers,Bucks,away,95-107,0&0,6.0,208.0,-12,-6.0,-6.0,-6.0,0.0,L,L,U,""0"
"Jan"",""31,"",2018,recap,Wed,2017,Seventysixers,Nets,away,108-116,1&0,-6.5,212.0,-8,-14.5,12.0,-1.2,13.2,L,L,O,""0"
"Feb"",""02,"",2018,recap,Fri,2017,Seventysixers,Heat,home,103-97,1&1,-4.0,201.5,6,2.0,-1.5,0.2,-1.8,W,W,U,""0"
"Feb"",""03,"",2018,recap,Sat,2017,Seventysixers,Pacers,away,92-100,0&0,2.0,210.5,-8,-6.0,-18.5,-12.2,-6.2,L,L,U,""0"
"Feb"",""06,"",2018,recap,Tue,2017,Seventysixers,Wizards,home,115-102,2&0,-6.5,213.5,13,6.5,3.5,5.0,-1.5,W,W,O,""0"
"Feb"",""09,"",2018,recap,Fri,2017,Seventysixers,Pelicans,home,100-82,2&3,-6.0,219.5,18,12.0,-37.5,-12.8,-24.8,W,W,U,""0"
"Feb"",""10,"",2018,recap,Sat,2017,Seventysixers,Clippers,home,112-98,0&0,-4.5,217.5,14,9.5,-7.5,1.0,-8.5,W,W,U,""0"
"Feb"",""12,"",2018,recap,Mon,2017,Seventysixers,Knicks,home,108-92,1&0,-12.0,208.0,16,4.0,-8.0,-2.0,-6.0,W,W,U,""0"
"Feb"",""14,"",2018,recap,Wed,2017,Seventysixers,Heat,home,104-102,1&0,-4.5,202.5,2,-2.5,3.5,0.5,3.0,W,L,O,""0"
"Feb"",""22,"",2018,recap,Thu,2017,Seventysixers,Bulls,away,116-115,7&7,-5.5,214.0,1,-4.5,17.0,6.2,10.8,W,L,O,""0"
"Feb"",""24,"",2018,recap,Sat,2017,Seventysixers,Magic,home,116-105,1&1,-10.0,218.0,11,1.0,3.0,2.0,1.0,W,W,O,""0"
"Feb"",""25,"",2018,recap,Sun,2017,Seventysixers,Wizards,away,94-109,0&1,2.5,211.5,-15,-12.5,-8.5,-10.5,2.0,L,L,U,0"
"Feb"",""27,"",2018,recap,Tue,2017,Seventysixers,Heat,away,101-102,1&2,-0.0,205.5,-1,-1.0,-2.5,-1.8,-0.8,L,L,U,""0"
"Mar"",""01,"",2018,recap,Thu,2017,Seventysixers,Cavaliers,away,108-97,1&1,3.0,223.0,11,14.0,-18.0,-2.0,-16.0,W,W,U,""0"
"Mar"",""02,"",2018,recap,Fri,2017,Seventysixers,Hornets,home,110-99,0&1,-4.5,214.5,11,6.5,-5.5,0.5,-6.0,W,W,U,""0"
"Mar"",""04,"",2018,recap,Sun,2017,Seventysixers,Bucks,away,110-118,1&1,-1.0,210.0,-8,-9.0,18.0,4.5,13.5,L,L,O,""0"
"Mar"",""06,"",2018,recap,Tue,2017,Seventysixers,Hornets,away,128-114,1&1,-1.5,215.5,14,12.5,26.5,19.5,7.0,W,W,O,""0"
"Mar"",""08,"",2018,recap,Thu,2017,Seventysixers,Heat,away,99-108,1&1,-0.0,208.5,-9,-9.0,-1.5,-5.2,3.8,L,L,U,""0"
"Mar"",""11,"",2018,recap,Sun,2017,Seventysixers,Nets,away,120-97,2&2,-6.5,217.5,23,16.5,-0.5,8.0,-8.5,W,W,U,""0"
"Mar"",""13,"",2018,recap,Tue,2017,Seventysixers,Pacers,home,98-101,1&1,-5.5,210.5,-3,-8.5,-11.5,-10.0,-1.5,L,L,U,""0"
"Mar"",""15,"",2018,recap,Thu,2017,Seventysixers,Knicks,away,118-110,1&1,-9.5,218.0,8,-1.5,10.0,4.2,5.8,W,L,O,""0"
"Mar"",""16,"",2018,recap,Fri,2017,Seventysixers,Nets,home,120-116,0&2,-8.5,218.0,4,-4.5,18.0,6.8,11.2,W,L,O,""0"
"Mar"",""19,"",2018,recap,Mon,2017,Seventysixers,Hornets,home,108-94,2&1,-8.5,220.5,14,5.5,-18.5,-6.5,-12.0,W,W,U,""0"
"Mar"",""21,"",2018,recap,Wed,2017,Seventysixers,Grizzlies,home,119-105,1&1,-13.0,212.0,14,1.0,12.0,6.5,5.5,W,W,O,""0"
"Mar"",""22,"",2018,recap,Thu,2017,Seventysixers,Magic,away,118-98,0&1,-8.0,213.5,20,12.0,2.5,7.2,-4.8,W,W,O,""0"
"Mar"",""24,"",2018,recap,Sat,2017,Seventysixers,Timberwolves,home,120-108,1&0,-8.0,222.5,12,4.0,5.5,4.8,0.8,W,W,O,""0"
"Mar"",""26,"",2018,recap,Mon,2017,Seventysixers,Nuggets,home,123-104,1&2,-5.5,224.5,19,13.5,2.5,8.0,-5.5,W,W,O,""0"
"Mar"",""28,"",2018,recap,Wed,2017,Seventysixers,Knicks,home,118-101,1&1,-12.5,221.5,17,4.5,-2.5,1.0,-3.5,W,W,U,""0"
"Mar"",""30,"",2018,recap,Fri,2017,Seventysixers,Hawks,away,101-91,1&1,-8.0,218.0,10,2.0,-26.0,-12.0,-14.0,W,W,U,""0"
"Apr"",""01,"",2018,recap,Sun,2017,Seventysixers,Hornets,away,119-102,1&0,-3.0,220.5,17,14.0,0.5,7.2,-6.8,W,W,O,""0"
"Apr"",""03,"",2018,recap,Tue,2017,Seventysixers,Nets,home,121-95,1&1,-9.0,223.5,26,17.0,-7.5,4.8,-12.2,W,W,U,""0"
"Apr"",""04,"",2018,recap,Wed,2017,Seventysixers,Pistons,away,115-108,0&2,-2.5,215.0,7,4.5,8.0,6.2,1.8,W,W,O,""0"
"Apr"",""06,"",2018,recap,Fri,2017,Seventysixers,Cavaliers,home,132-130,1&0,-3.5,225.5,2,-1.5,36.5,17.5,19.0,W,L,O,""0"
"Apr"",""08,"",2018,recap,Sun,2017,Seventysixers,Mavericks,home,109-97,1&1,-13.0,215.0,12,-1.0,-9.0,-5.0,-4.0,W,L,U,""0"
"Apr"",""10,"",2018,recap,Tue,2017,Seventysixers,Hawks,away,121-113,1&1,-9.5,220.0,8,-1.5,14.0,6.2,7.8,W,L,O,""0"
"Apr"",""11,"",2018,recap,Wed,2017,Seventysixers,Bucks,home,130-95,0&1,-7.5,221.0,35,27.5,4.0,15.8,-11.8,W,W,O,""0"
"Oct"",""16,"",2018,recap,Tue,2018,Seventysixers,Celtics,away,87-105,&,5.0,209.5,-18,-13.0,-17.5,-15.2,-2.2,L,L,U,""0"
"Oct"",""18,"",2018,recap,Thu,2018,Seventysixers,Bulls,home,127-108,1&,-12.5,220.0,19,6.5,15.0,10.8,4.2,W,W,O,""0"
"Oct"",""20,"",2018,recap,Sat,2018,Seventysixers,Magic,home,116-115,1&0,-12.5,217.0,1,-11.5,14.0,1.2,12.8,W,L,O,""0"
"Oct"",""23,"",2018,recap,Tue,2018,Seventysixers,Pistons,away,132-133,2&2,0.0,218.0,-1,-1.0,47.0,23.0,24.0,L,L,O,1"
"Oct"",""24,"",2018,recap,Wed,2018,Seventysixers,Bucks,away,108-123,0&1,6.0,224.5,-15,-9.0,6.5,-1.2,7.8,L,L,O,""0"
"Oct"",""27,"",2018,recap,Sat,2018,Seventysixers,Hornets,home,105-103,2&0,-6.0,228.5,2,-4.0,-20.5,-12.2,-8.2,W,L,U,""0"
"Oct"",""29,"",2018,recap,Mon,2018,Seventysixers,Hawks,home,113-92,1&1,-11.0,229.5,21,10.0,-24.5,-7.2,-17.2,W,W,U,""0"
"Oct"",""30,"",2018,recap,Tue,2018,Seventysixers,Raptors,away,112-129,0&0,6.5,227.5,-17,-10.5,13.5,1.5,12.0,L,L,O,""0"
"Nov"",""01,"",2018,recap,Thu,2018,Seventysixers,Clippers,home,122-113,1&1,-5.5,230.0,9,3.5,5.0,4.2,0.8,W,W,O,""0"
"Nov"",""03,"",2018,recap,Sat,2018,Seventysixers,Pistons,home,109-99,1&2,-7.5,222.5,10,2.5,-14.5,-6.0,-8.5,W,W,U,""0"
"Nov"",""04,"",2018,recap,Sun,2018,Seventysixers,Nets,away,97-122,0&1,-4.0,223.5,-25,-29.0,-4.5,-16.8,12.2,L,L,U,""0"
"Nov"",""07,"",2018,recap,Wed,2018,Seventysixers,Pacers,away,100-94,2&1,3.0,216.5,6,9.0,-22.5,-6.8,-15.8,W,W,U,""0"
"Nov"",""09,"",2018,recap,Fri,2018,Seventysixers,Hornets,home,133-132,1&2,-5.5,227.0,1,-4.5,38.0,16.8,21.2,W,L,O,""1"
"Nov"",""10,"",2018,recap,Sat,2018,Seventysixers,Grizzlies,away,106-112,0&2,4.0,210.0,-6,-2.0,8.0,3.0,5.0,L,L,O,""1"
"Nov"",""12,"",2018,recap,Mon,2018,Seventysixers,Heat,away,124-114,1&1,2.0,224.0,10,12.0,14.0,13.0,1.0,W,W,O,""0"
"Nov"",""14,"",2018,recap,Wed,2018,Seventysixers,Magic,away,106-111,1&1,-5.5,218.5,-5,-10.5,-1.5,-6.0,4.5,L,L,U,""0"
"Nov"",""16,"",2018,recap,Fri,2018,Seventysixers,Jazz,home,113-107,1&1,-3.0,217.0,6,3.0,3.0,3.0,0.0,W,W,O,""0"
"Nov"",""17,"",2018,recap,Sat,2018,Seventysixers,Hornets,away,122-119,0&3,2.5,227.0,3,5.5,14.0,9.8,4.2,W,W,O,""1"
"Nov"",""19,"",2018,recap,Mon,2018,Seventysixers,Suns,home,119-114,1&1,-11.0,222.0,5,-6.0,11.0,2.5,8.5,W,L,O,""0"
"Nov"",""21,"",2018,recap,Wed,2018,Seventysixers,Pelicans,home,121-120,1&1,-3.5,237.5,1,-2.5,3.5,0.5,3.0,W,L,O,""0"
"Nov"",""23,"",2018,recap,Fri,2018,Seventysixers,Cavaliers,home,112-121,1&1,-13.0,220.0,-9,-22.0,13.0,-4.5,17.5,L,L,O,""0"
"Nov"",""25,"",2018,recap,Sun,2018,Seventysixers,Nets,away,127-125,1&1,-3.5,226.0,2,-1.5,26.0,12.2,13.8,W,L,O,""0"
"Nov"",""28,"",2018,recap,Wed,2018,Seventysixers,Knicks,home,117-91,2&0,-12.5,227.5,26,13.5,-19.5,-3.0,-16.5,W,W,U,""0"
"Nov"",""30,"",2018,recap,Fri,2018,Seventysixers,Wizards,home,123-98,1&1,-8.5,233.5,25,16.5,-12.5,2.0,-14.5,W,W,U,""0"
"Dec"",""02,"",2018,recap,Sun,2018,Seventysixers,Grizzlies,home,103-95,1&1,-7.5,212.0,8,0.5,-14.0,-6.8,-7.2,W,W,U,""0"
"Dec"",""05,"",2018,recap,Wed,2018,Seventysixers,Raptors,away,102-113,2&1,6.5,228.5,-11,-4.5,-13.5,-9.0,-4.5,L,L,U,""0"
"Dec"",""07,"",2018,recap,Fri,2018,Seventysixers,Pistons,away,117-111,1&1,-2.5,220.5,6,3.5,7.5,5.5,2.0,W,W,O,""0"
"Dec"",""10,"",2018,recap,Mon,2018,Seventysixers,Pistons,home,116-102,2&0,-11.5,219.0,14,2.5,-1.0,0.8,-1.8,W,W,U,""0"
"Dec"",""12,"",2018,recap,Wed,2018,Seventysixers,Nets,home,124-127,1&3,-6.0,224.5,-3,-9.0,26.5,8.8,17.8,L,L,O,""0"
"Dec"",""14,"",2018,recap,Fri,2018,Seventysixers,Pacers,home,101-113,1&1,-3.0,218.5,-12,-15.0,-4.5,-9.8,5.2,L,L,U,""0"
"Dec"",""16,"",2018,recap,Sun,2018,Seventysixers,Cavaliers,away,128-105,1&1,-8.0,219.5,23,15.0,13.5,14.2,-0.8,W,W,O,""0"
"Dec"",""17,"",2018,recap,Mon,2018,Seventysixers,Spurs,away,96-123,0&1,1.5,224.5,-27,-25.5,-5.5,-15.5,10.0,L,L,U,""0"
"Dec"",""19,"",2018,recap,Wed,2018,Seventysixers,Knicks,home,131-109,1&1,-13.0,228.0,22,9.0,12.0,10.5,1.5,W,W,O,""0"
"Dec"",""22,"",2018,recap,Sat,2018,Seventysixers,Raptors,home,126-101,2&0,-8.0,223.0,25,17.0,4.0,10.5,-6.5,W,W,O,""0"
"Dec"",""25,"",2018,recap,Tue,2018,Seventysixers,Celtics,away,114-121,2&1,5.0,224.0,-7,-2.0,11.0,4.5,6.5,L,L,O,""1"
"Dec"",""27,"",2018,recap,Thu,2018,Seventysixers,Jazz,away,114-97,1&1,4.5,217.5,17,21.5,-6.5,7.5,-14.0,W,W,U,""0"
"Dec"",""30,"",2018,recap,Sun,2018,Seventysixers,Trailblazers,away,95-129,2&0,3.0,224.0,-34,-31.0,0.0,-15.5,15.5,L,L,P,0"
"Jan"",""01,"",2019,recap,Tue,2018,Seventysixers,Clippers,away,119-113,1&2,2.0,235.5,6,8.0,-3.5,2.2,-5.8,W,W,U,""0"
"Jan"",""02,"",2019,recap,Wed,2018,Seventysixers,Suns,away,132-127,0&1,-4.5,229.0,5,0.5,30.0,15.2,14.8,W,W,O,""0"
"Jan"",""05,"",2019,recap,Sat,2018,Seventysixers,Mavericks,home,106-100,2&0,-6.5,226.0,6,-0.5,-20.0,-10.2,-9.8,W,L,U,""0"
"Jan"",""08,"",2019,recap,Tue,2018,Seventysixers,Wizards,home,132-115,2&1,-9.0,228.0,17,8.0,19.0,13.5,5.5,W,W,O,""0"
"Jan"",""09,"",2019,recap,Wed,2018,Seventysixers,Wizards,away,106-123,0&0,-2.5,228.5,-17,-19.5,0.5,-9.5,10.0,L,L,O,0"
"Jan"",""11,"",2019,recap,Fri,2018,Seventysixers,Hawks,home,121-123,1&1,-10.0,234.0,-2,-12.0,10.0,-1.0,11.0,L,L,O,""0"
"Jan"",""13,"",2019,recap,Sun,2018,Seventysixers,Knicks,away,108-105,1&1,-6.5,227.5,3,-3.5,-14.5,-9.0,-5.5,W,L,U,""0"
"Jan"",""15,"",2019,recap,Tue,2018,Seventysixers,Timberwolves,home,149-107,1&2,-6.5,234.0,42,35.5,22.0,28.8,-6.8,W,W,O,""0"
"Jan"",""17,"",2019,recap,Thu,2018,Seventysixers,Pacers,away,120-96,1&1,2.5,224.5,24,26.5,-8.5,9.0,-17.5,W,W,U,""0"
"Jan"",""19,"",2019,recap,Sat,2018,Seventysixers,Thunder,home,115-117,1&1,-1.5,234.5,-2,-3.5,-2.5,-3.0,0.5,L,L,U,""0"
"Jan"",""21,"",2019,recap,Mon,2018,Seventysixers,Rockets,home,121-93,1&1,-5.0,233.5,28,23.0,-19.5,1.8,-21.2,W,W,U,""0"
"Jan"",""23,"",2019,recap,Wed,2018,Seventysixers,Spurs,home,122-120,1&2,-2.5,226.0,2,-0.5,16.0,7.8,8.2,W,L,O,""0"
"Jan"",""26,"",2019,recap,Sat,2018,Seventysixers,Nuggets,away,110-126,2&0,10.5,228.0,-16,-5.5,8.0,1.2,6.8,L,L,O,""0"
"Jan"",""29,"",2019,recap,Tue,2018,Seventysixers,Lakers,away,121-105,2&1,-8.0,229.5,16,8.0,-3.5,2.2,-5.8,W,W,U,""0"
"Jan"",""31,"",2019,recap,Thu,2018,Seventysixers,Warriors,away,113-104,1&2,8.0,240.0,9,17.0,-23.0,-3.0,-20.0,W,W,U,0"
"Feb"",""02,"",2019,recap,Sat,2018,Seventysixers,Kings,away,108-115,1&2,-2.5,233.5,-7,-9.5,-10.5,-10.0,-0.5,L,L,U,""0"
"Feb"",""05,"",2019,recap,Tue,2018,Seventysixers,Raptors,home,107-119,2&1,-2.5,229.0,-12,-14.5,-3.0,-8.8,5.8,L,L,U,""0"
"Feb"",""08,"",2019,recap,Fri,2018,Seventysixers,Nuggets,home,117-110,2&1,-6.0,229.5,7,1.0,-2.5,-0.8,-1.8,W,W,U,""0"
"Feb"",""10,"",2019,recap,Sun,2018,Seventysixers,Lakers,home,143-120,1&2,-7.0,235.0,23,16.0,28.0,22.0,6.0,W,W,O,""0"
"Feb"",""12,"",2019,recap,Tue,2018,Seventysixers,Celtics,home,109-112,1&2,-5.5,225.0,-3,-8.5,-4.0,-6.2,2.2,L,L,U,""0"
"Feb"",""13,"",2019,recap,Wed,2018,Seventysixers,Knicks,away,126-111,0&1,-10.0,222.5,15,5.0,14.5,9.8,4.8,W,W,O,""0"
"Feb"",""21,"",2019,recap,Thu,2018,Seventysixers,Heat,home,106-102,7&7,-5.5,219.0,4,-1.5,-11.0,-6.2,-4.8,W,L,U,""0"
"Feb"",""23,"",2019,recap,Sat,2018,Seventysixers,Trailblazers,home,115-130,1&1,-2.0,230.0,-15,-17.0,15.0,-1.0,16.0,L,L,O,""0"
"Feb"",""25,"",2019,recap,Mon,2018,Seventysixers,Pelicans,away,111-110,1&1,-1.0,238.0,1,0.0,-17.0,-8.5,-8.5,W,P,U,""0"
"Feb"",""28,"",2019,recap,Thu,2018,Seventysixers,Thunder,away,108-104,2&1,5.0,239.0,4,9.0,-27.0,-9.0,-18.0,W,W,U,0"
"Mar"",""02,"",2019,recap,Sat,2018,Seventysixers,Warriors,home,117-120,1&1,4.0,237.0,-3,1.0,0.0,0.5,-0.5,L,W,P,""0"
"Mar"",""05,"",2019,recap,Tue,2018,Seventysixers,Magic,home,114-106,2&1,-4.5,221.0,8,3.5,-1.0,1.2,-2.2,W,W,U,""0"
"Mar"",""06,"",2019,recap,Wed,2018,Seventysixers,Bulls,away,107-108,0&0,-4.0,227.5,-1,-5.0,-12.5,-8.8,-3.8,L,L,U,""0"
"Mar"",""08,"",2019,recap,Fri,2018,Seventysixers,Rockets,away,91-107,1&2,8.5,230.5,-16,-7.5,-32.5,-20.0,-12.5,L,L,U,""0"
"Mar"",""10,"",2019,recap,Sun,2018,Seventysixers,Pacers,home,106-89,1&2,-6.5,217.0,17,10.5,-22.0,-5.8,-16.2,W,W,U,""0"
"Mar"",""12,"",2019,recap,Tue,2018,Seventysixers,Cavaliers,home,106-99,1&0,-13.5,222.0,7,-6.5,-17.0,-11.8,-5.2,W,L,U,""0"
"Mar"",""15,"",2019,recap,Fri,2018,Seventysixers,Kings,home,123-114,2&0,-9.5,233.5,9,-0.5,3.5,1.5,2.0,W,L,O,""0"
"Mar"",""17,"",2019,recap,Sun,2018,Seventysixers,Bucks,away,130-125,1&1,6.5,231.5,5,11.5,23.5,17.5,6.0,W,W,O,""0"
"Mar"",""19,"",2019,recap,Tue,2018,Seventysixers,Hornets,away,118-114,1&1,-1.0,224.5,4,3.0,7.5,5.2,2.2,W,W,O,""0"
"Mar"",""20,"",2019,recap,Wed,2018,Seventysixers,Celtics,home,118-115,0&1,-3.0,226.0,3,0.0,7.0,3.5,3.5,W,P,O,""0"
"Mar"",""23,"",2019,recap,Sat,2018,Seventysixers,Hawks,away,127-129,2&1,-7.0,236.5,-2,-9.0,19.5,5.2,14.2,L,L,O,""0"
"Mar"",""25,"",2019,recap,Mon,2018,Seventysixers,Magic,away,98-119,1&2,2.0,218.5,-21,-19.0,-1.5,-10.2,8.8,L,L,U,""0"
"Mar"",""28,"",2019,recap,Thu,2018,Seventysixers,Nets,home,123-110,2&2,-7.5,232.0,13,5.5,1.0,3.2,-2.2,W,W,O,""0"
"Mar"",""30,"",2019,recap,Sat,2018,Seventysixers,Timberwolves,away,118-109,1&0,-8.0,228.5,9,1.0,-1.5,-0.2,-1.2,W,W,U,0"
"Apr"",""01,"",2019,recap,Mon,2018,Seventysixers,Mavericks,away,102-122,1&0,-5.0,218.0,-20,-25.0,6.0,-9.5,15.5,L,L,O,""0"
"Apr"",""03,"",2019,recap,Wed,2018,Seventysixers,Hawks,away,122-130,1&0,-3.5,239.0,-8,-11.5,13.0,0.8,12.2,L,L,O,""0"
"Apr"",""04,"",2019,recap,Thu,2018,Seventysixers,Bucks,home,122-128,0&2,5.0,231.5,-6,-1.0,18.5,8.8,9.8,L,L,O,""0"
"Apr"",""06,"",2019,recap,Sat,2018,Seventysixers,Bulls,away,116-96,1&2,-10.0,226.5,20,10.0,-14.5,-2.2,-12.2,W,W,U,0"
"Apr"",""09,"",2019,recap,Tue,2018,Seventysixers,Heat,away,99-122,2&1,6.5,220.0,-23,-16.5,1.0,-7.8,8.8,L,L,O,""0"
"Apr"",""10,"",2019,recap,Wed,2018,Seventysixers,Bulls,home,125-109,0&0,-7.5,223.0,16,8.5,11.0,9.8,1.2,W,W,O,""0"
"Oct"",""23,"",2019,recap,Wed,2019,Seventysixers,Celtics,home,107-93,&,-6.0,211.5,14,8.0,-11.5,-1.8,-9.8,W,W,U,""0"
"Oct"",""26,"",2019,recap,Sat,2019,Seventysixers,Pistons,away,117-111,2&1,-5.0,215.0,6,1.0,13.0,7.0,6.0,W,W,O,""0"
"Oct"",""28,"",2019,recap,Mon,2019,Seventysixers,Hawks,away,105-103,1&1,-4.5,221.0,2,-2.5,-13.0,-7.8,-5.2,W,L,U,""0"
"Oct"",""30,"",2019,recap,Wed,2019,Seventysixers,Timberwolves,home,117-95,1&2,-7.0,222.5,22,15.0,-10.5,2.2,-12.8,W,W,U,""0"
"Nov"",""02,"",2019,recap,Sat,2019,Seventysixers,Trailblazers,away,129-128,2&2,1.5,223.5,1,2.5,33.5,18.0,15.5,W,W,O,""0"
"Nov"",""04,"",2019,recap,Mon,2019,Seventysixers,Suns,away,109-114,1&1,0.0,223.5,-5,-5.0,-0.5,-2.8,2.2,L,L,U,""0"
"Nov"",""06,"",2019,recap,Wed,2019,Seventysixers,Jazz,away,104-106,1&2,2.5,210.0,-2,0.5,0.0,0.2,-0.2,L,W,P,""0"
"Nov"",""08,"",2019,recap,Fri,2019,Seventysixers,Nuggets,away,97-100,1&2,5.0,210.5,-3,2.0,-13.5,-5.8,-7.8,L,W,U,""0"
"Nov"",""10,"",2019,recap,Sun,2019,Seventysixers,Hornets,home,114-106,1&0,-13.5,216.0,8,-5.5,4.0,-0.8,4.8,W,L,O,""0"
"Nov"",""12,"",2019,recap,Tue,2019,Seventysixers,Cavaliers,home,98-97,1&1,-10.5,216.0,1,-9.5,-21.0,-15.2,-5.8,W,L,U,""0"
"Nov"",""13,"",2019,recap,Wed,2019,Seventysixers,Magic,away,97-112,0&2,2.5,207.5,-15,-12.5,1.5,-5.5,7.0,L,L,O,""0"
"Nov"",""15,"",2019,recap,Fri,2019,Seventysixers,Thunder,away,119-127,1&2,-3.5,214.0,-8,-11.5,32.0,10.2,21.8,L,L,O,""1"
"Nov"",""17,"",2019,recap,Sun,2019,Seventysixers,Cavaliers,away,114-95,1&2,-7.0,214.0,19,12.0,-5.0,3.5,-8.5,W,W,U,""0"
"Nov"",""20,"",2019,recap,Wed,2019,Seventysixers,Knicks,home,109-104,2&1,-12.5,212.5,5,-7.5,0.5,-3.5,4.0,W,L,O,""0"
"Nov"",""22,"",2019,recap,Fri,2019,Seventysixers,Spurs,home,115-104,1&1,-7.5,221.5,11,3.5,-2.5,0.5,-3.0,W,W,U,""0"
"Nov"",""23,"",2019,recap,Sat,2019,Seventysixers,Heat,home,113-86,0&0,-4.0,212.5,27,23.0,-13.5,4.8,-18.2,W,W,U,""0"
"Nov"",""25,"",2019,recap,Mon,2019,Seventysixers,Raptors,away,96-101,1&1,-1.0,212.0,-5,-6.0,-15.0,-10.5,-4.5,L,L,U,""0"
"Nov"",""27,"",2019,recap,Wed,2019,Seventysixers,Kings,home,97-91,1&1,-9.5,209.5,6,-3.5,-21.5,-12.5,-9.0,W,L,U,""0"
"Nov"",""29,"",2019,recap,Fri,2019,Seventysixers,Knicks,away,101-95,1&1,-7.0,209.0,6,-1.0,-13.0,-7.0,-6.0,W,L,U,""0"
"Nov"",""30,"",2019,recap,Sat,2019,Seventysixers,Pacers,home,119-116,0&0,-4.5,207.5,3,-1.5,27.5,13.0,14.5,W,L,O,""0"
"Dec"",""02,"",2019,recap,Mon,2019,Seventysixers,Jazz,home,103-94,1&0,-5.5,208.0,9,3.5,-11.0,-3.8,-7.2,W,W,U,""0"
